[04Apr2026 00:40:31.172] [main/INFO] [cpw.mods.modlauncher.Launcher/MODLAUNCHER]: ModLauncher running: args [--launchTarget, forgeserver, --fml.neoForgeVersion, 21.1.220, --fml.fmlVersion, 4.0.42, --fml.mcVersion, 1.21.1, --fml.neoFormVersion, 20240808.144430]
[04Apr2026 00:40:31.174] [main/INFO] [cpw.mods.modlauncher.Launcher/MODLAUNCHER]: JVM identified as Eclipse Adoptium OpenJDK 64-Bit Server VM 21.0.10+7-LTS
[04Apr2026 00:40:31.175] [main/INFO] [cpw.mods.modlauncher.Launcher/MODLAUNCHER]: ModLauncher 11.0.5+main.901c6ea8 starting: java version 21.0.10 by Eclipse Adoptium; OS Linux arch amd64 version 6.1.0-40-amd64
[04Apr2026 00:40:31.474] [main/INFO] [net.neoforged.fml.loading.ImmediateWindowHandler/]: ImmediateWindowProvider not loading because launch target is forgeserver
[04Apr2026 00:40:31.502] [main/INFO] [mixin/]: SpongePowered MIXIN Subsystem Version=0.8.7 Source=union:/home/container/libraries/net/fabricmc/sponge-mixin/0.15.2+mixin.0.8.7/sponge-mixin-0.15.2+mixin.0.8.7.jar%2373!/ Service=ModLauncher Env=SERVER
[04Apr2026 00:40:31.624] [main/INFO] [net.neoforged.fml.loading.moddiscovery.ModDiscoverer/SCAN]: Found mod file "server-1.21.1-20240808.144430-srg.jar" [locator: production server provider +net.neoforged:neoforge:21.1.220:server]
[04Apr2026 00:40:31.641] [main/INFO] [net.neoforged.fml.loading.moddiscovery.ModDiscoverer/SCAN]: Found mod file "neoforge-21.1.220-universal.jar" [locator: PathBasedLocator[name=neoforge, paths=[libraries/net/neoforged/neoforge/21.1.220/neoforge-21.1.220-universal.jar]], reader: mod manifest]
[04Apr2026 00:40:31.650] [main/INFO] [net.neoforged.fml.loading.moddiscovery.ModDiscoverer/SCAN]: Found mod file "accessories-neoforge-1.1.0-beta.53+1.21.1.jar" [locator: {mods folder locator at /home/container/mods}, reader: mod manifest]
[04Apr2026 00:40:31.654] [main/INFO] [net.neoforged.fml.loading.moddiscovery.ModDiscoverer/SCAN]: Found mod file "aces_spell_utils-1.2.5-1.21.1.jar" [locator: {mods folder locator at /home/container/mods}, reader: mod manifest]
[04Apr2026 00:40:31.656] [main/INFO] [net.neoforged.fml.loading.moddiscovery.ModDiscoverer/SCAN]: Found mod file "addonslib-neoforge-1.21.1-1.10.jar" [locator: {mods folder locator at /home/container/mods}, reader: mod manifest]
[04Apr2026 00:40:31.659] [main/INFO] [net.neoforged.fml.loading.moddiscovery.ModDiscoverer/SCAN]: Found mod file "AdvancedAE-1.6.11-1.21.1.jar" [locator: {mods folder locator at /home/container/mods}, reader: mod manifest]
[04Apr2026 00:40:31.665] [main/INFO] [net.neoforged.fml.loading.moddiscovery.ModDiscoverer/SCAN]: Found mod file "AE2-Things-1.4.2-beta.jar" [locator: {mods folder locator at /home/container/mods}, reader: mod manifest]
[04Apr2026 00:40:31.668] [main/INFO] [net.neoforged.fml.loading.moddiscovery.ModDiscoverer/SCAN]: Found mod file "ae2wtlib-19.4.1.jar" [locator: {mods folder locator at /home/container/mods}, reader: mod manifest]
[04Apr2026 00:40:31.670] [main/INFO] [net.neoforged.fml.loading.moddiscovery.ModDiscoverer/SCAN]: Found mod file "aeinfinitybooster-neoforge-1.21.1-1.0.0.54.jar" [locator: {mods folder locator at /home/container/mods}, reader: mod manifest]
[04Apr2026 00:40:31.671] [main/INFO] [net.neoforged.fml.loading.moddiscovery.ModDiscoverer/SCAN]: Found mod file "alexsdelight-1.6.jar" [locator: {mods folder locator at /home/container/mods}, reader: mod manifest]
[04Apr2026 00:40:31.674] [main/INFO] [net.neoforged.fml.loading.moddiscovery.ModDiscoverer/SCAN]: Found mod file "alexsmobs-1.22.17.jar" [locator: {mods folder locator at /home/container/mods}, reader: mod manifest]
[04Apr2026 00:40:31.681] [main/INFO] [net.neoforged.fml.loading.moddiscovery.ModDiscoverer/SCAN]: Found mod file "allthecompressed-1.21.1-4.4.0.jar" [locator: {mods folder locator at /home/container/mods}, reader: mod manifest]
[04Apr2026 00:40:31.684] [main/INFO] [net.neoforged.fml.loading.moddiscovery.ModDiscoverer/SCAN]: Found mod file "alltheleaks-1.1.7+1.21.1-neoforge.jar" [locator: {mods folder locator at /home/container/mods}, reader: mod manifest]
[04Apr2026 00:40:31.687] [main/INFO] [net.neoforged.fml.loading.moddiscovery.ModDiscoverer/SCAN]: Found mod file "alltheores-3.2.0_neoforge_1.21.1.jar" [locator: {mods folder locator at /home/container/mods}, reader: mod manifest]
[04Apr2026 00:40:31.689] [main/INFO] [net.neoforged.fml.loading.moddiscovery.ModDiscoverer/SCAN]: Found mod file "angelring-1.21.1-neoforge-3.0.0+beta.3.jar" [locator: {mods folder locator at /home/container/mods}, reader: mod manifest]
[04Apr2026 00:40:31.690] [main/INFO] [net.neoforged.fml.loading.moddiscovery.ModDiscoverer/SCAN]: Found mod file "AngryMobs-1.21-7.0.0.jar" [locator: {mods folder locator at /home/container/mods}, reader: mod manifest]
[04Apr2026 00:40:31.693] [main/INFO] [net.neoforged.fml.loading.moddiscovery.ModDiscoverer/SCAN]: Found mod file "another_furniture-neoforge-4.0.2.jar" [locator: {mods folder locator at /home/container/mods}, reader: mod manifest]
[04Apr2026 00:40:31.694] [main/INFO] [net.neoforged.fml.loading.moddiscovery.ModDiscoverer/SCAN]: Found mod file "antiblocksrechiseled-neo-0.10.8.jar" [locator: {mods folder locator at /home/container/mods}, reader: mod manifest]
[04Apr2026 00:40:31.697] [main/INFO] [net.neoforged.fml.loading.moddiscovery.ModDiscoverer/SCAN]: Found mod file "Apotheosis-1.21.1-8.5.2.jar" [locator: {mods folder locator at /home/container/mods}, reader: mod manifest]
[04Apr2026 00:40:31.699] [main/INFO] [net.neoforged.fml.loading.moddiscovery.ModDiscoverer/SCAN]: Found mod file "apothic_cataclysm-1.2.0.jar" [locator: {mods folder locator at /home/container/mods}, reader: mod manifest]
[04Apr2026 00:40:31.700] [main/INFO] [net.neoforged.fml.loading.moddiscovery.ModDiscoverer/SCAN]: Found mod file "ApothicAttributes-1.21.1-2.9.1.jar" [locator: {mods folder locator at /home/container/mods}, reader: mod manifest]
[04Apr2026 00:40:31.702] [main/INFO] [net.neoforged.fml.loading.moddiscovery.ModDiscoverer/SCAN]: Found mod file "ApothicEnchanting-1.21.1-1.5.2.jar" [locator: {mods folder locator at /home/container/mods}, reader: mod manifest]
[04Apr2026 00:40:31.703] [main/INFO] [net.neoforged.fml.loading.moddiscovery.ModDiscoverer/SCAN]: Found mod file "ApothicSpawners-1.21.1-1.3.4.jar" [locator: {mods folder locator at /home/container/mods}, reader: mod manifest]
[04Apr2026 00:40:31.704] [main/INFO] [net.neoforged.fml.loading.moddiscovery.ModDiscoverer/SCAN]: Found mod file "appleskin-neoforge-mc1.21-3.0.8.jar" [locator: {mods folder locator at /home/container/mods}, reader: mod manifest]
[04Apr2026 00:40:31.706] [main/INFO] [net.neoforged.fml.loading.moddiscovery.ModDiscoverer/SCAN]: Found mod file "Applied-Mekanistics-1.6.3.jar" [locator: {mods folder locator at /home/container/mods}, reader: mod manifest]
[04Apr2026 00:40:31.709] [main/INFO] [net.neoforged.fml.loading.moddiscovery.ModDiscoverer/SCAN]: Found mod file "appliedenergistics2-19.2.17.jar" [locator: {mods folder locator at /home/container/mods}, reader: mod manifest]
[04Apr2026 00:40:31.710] [main/INFO] [net.neoforged.fml.loading.moddiscovery.ModDiscoverer/SCAN]: Found mod file "architectury-13.0.8-neoforge.jar" [locator: {mods folder locator at /home/container/mods}, reader: mod manifest]
[04Apr2026 00:40:31.712] [main/INFO] [net.neoforged.fml.loading.moddiscovery.ModDiscoverer/SCAN]: Found mod file "arsenal-neoforge-1.4.2+1.21.1.jar" [locator: {mods folder locator at /home/container/mods}, reader: mod manifest]
[04Apr2026 00:40:31.713] [main/INFO] [net.neoforged.fml.loading.moddiscovery.ModDiscoverer/SCAN]: Found mod file "ash_api-neoforge-21.1.1.jar" [locator: {mods folder locator at /home/container/mods}, reader: mod manifest]
[04Apr2026 00:40:31.714] [main/INFO] [net.neoforged.fml.loading.moddiscovery.ModDiscoverer/SCAN]: Found mod file "athena-neoforge-1.21-4.0.2.jar" [locator: {mods folder locator at /home/container/mods}, reader: mod manifest]
[04Apr2026 00:40:31.715] [main/INFO] [net.neoforged.fml.loading.moddiscovery.ModDiscoverer/SCAN]: Found mod file "azurelib-neo-1.21.1-3.1.4.jar" [locator: {mods folder locator at /home/container/mods}, reader: mod manifest]
[04Apr2026 00:40:31.717] [main/INFO] [net.neoforged.fml.loading.moddiscovery.ModDiscoverer/SCAN]: Found mod file "balm-neoforge-1.21.1-21.0.56.jar" [locator: {mods folder locator at /home/container/mods}, reader: mod manifest]
[04Apr2026 00:40:31.718] [main/INFO] [net.neoforged.fml.loading.moddiscovery.ModDiscoverer/SCAN]: Found mod file "bellsandwhistles-0.4.7-1.21.1.jar" [locator: {mods folder locator at /home/container/mods}, reader: mod manifest]
[04Apr2026 00:40:31.720] [main/INFO] [net.neoforged.fml.loading.moddiscovery.ModDiscoverer/SCAN]: Found mod file "bettercombat-neoforge-2.3.2+1.21.1.jar" [locator: {mods folder locator at /home/container/mods}, reader: mod manifest]
[04Apr2026 00:40:31.721] [main/INFO] [net.neoforged.fml.loading.moddiscovery.ModDiscoverer/SCAN]: Found mod file "BetterFusionReactor-1.21.1-1.5.9rc1.jar" [locator: {mods folder locator at /home/container/mods}, reader: mod manifest]
[04Apr2026 00:40:31.722] [main/INFO] [net.neoforged.fml.loading.moddiscovery.ModDiscoverer/SCAN]: Found mod file "biomespy-neoforge-1.21.1-1.3.3.jar" [locator: {mods folder locator at /home/container/mods}, reader: mod manifest]
[04Apr2026 00:40:31.724] [main/INFO] [net.neoforged.fml.loading.moddiscovery.ModDiscoverer/SCAN]: Found mod file "bits_n_bobs-0.0.44.jar" [locator: {mods folder locator at /home/container/mods}, reader: mod manifest]
[04Apr2026 00:40:31.727] [main/INFO] [net.neoforged.fml.loading.moddiscovery.ModDiscoverer/SCAN]: Found mod file "block_factorys_bosses-2.0.12-neo-1.21.1.jar" [locator: {mods folder locator at /home/container/mods}, reader: mod manifest]
[04Apr2026 00:40:31.735] [main/INFO] [net.neoforged.fml.loading.moddiscovery.ModDiscoverer/SCAN]: Found mod file "blocksyouneed_luna-1.11.4-neoforge-1.21.1.jar" [locator: {mods folder locator at /home/container/mods}, reader: mod manifest]
[04Apr2026 00:40:31.736] [main/INFO] [net.neoforged.fml.loading.moddiscovery.ModDiscoverer/SCAN]: Found mod file "bookshelf-neoforge-1.21.1-21.1.81.jar" [locator: {mods folder locator at /home/container/mods}, reader: mod manifest]
[04Apr2026 00:40:31.742] [main/INFO] [net.neoforged.fml.loading.moddiscovery.ModDiscoverer/SCAN]: Found mod file "BrandonsCore-1.21.1-3.2.1.309.jar" [locator: {mods folder locator at /home/container/mods}, reader: mod manifest]
[04Apr2026 00:40:31.743] [main/INFO] [net.neoforged.fml.loading.moddiscovery.ModDiscoverer/SCAN]: Found mod file "buildinggadgets2-1.3.9.jar" [locator: {mods folder locator at /home/container/mods}, reader: mod manifest]
[04Apr2026 00:40:31.744] [main/INFO] [net.neoforged.fml.loading.moddiscovery.ModDiscoverer/SCAN]: Found mod file "bundle-api-neoforge-1.1.0.jar" [locator: {mods folder locator at /home/container/mods}, reader: mod manifest]
[04Apr2026 00:40:31.745] [main/INFO] [net.neoforged.fml.loading.moddiscovery.ModDiscoverer/SCAN]: Found mod file "c2me-neoforge-mc1.21.1-0.3.0+alpha.0.90.jar" [locator: {mods folder locator at /home/container/mods}, reader: mod manifest]
[04Apr2026 00:40:31.746] [main/INFO] [net.neoforged.fml.loading.moddiscovery.ModDiscoverer/SCAN]: Found mod file "caelus-neoforge-7.0.1+1.21.1.jar" [locator: {mods folder locator at /home/container/mods}, reader: mod manifest]
[04Apr2026 00:40:31.747] [main/INFO] [net.neoforged.fml.loading.moddiscovery.ModDiscoverer/SCAN]: Found mod file "carryon-neoforge-1.21.1-2.2.4.4.jar" [locator: {mods folder locator at /home/container/mods}, reader: mod manifest]
[04Apr2026 00:40:31.748] [main/INFO] [net.neoforged.fml.loading.moddiscovery.ModDiscoverer/SCAN]: Found mod file "cataclysm_compat_1.21.1-1.0.2.jar" [locator: {mods folder locator at /home/container/mods}, reader: mod manifest]
[04Apr2026 00:40:31.749] [main/INFO] [net.neoforged.fml.loading.moddiscovery.ModDiscoverer/SCAN]: Found mod file "cataclysm_spellbooks-1.1.11-1.21.jar" [locator: {mods folder locator at /home/container/mods}, reader: mod manifest]
[04Apr2026 00:40:31.750] [main/INFO] [net.neoforged.fml.loading.moddiscovery.ModDiscoverer/SCAN]: Found mod file "chat_heads-0.15.0-neoforge-1.21.jar" [locator: {mods folder locator at /home/container/mods}, reader: mod manifest]
[04Apr2026 00:40:31.761] [main/INFO] [net.neoforged.fml.loading.moddiscovery.ModDiscoverer/SCAN]: Found mod file "chipped-neoforge-1.21.1-4.0.2.jar" [locator: {mods folder locator at /home/container/mods}, reader: mod manifest]
[04Apr2026 00:40:31.766] [main/INFO] [net.neoforged.fml.loading.moddiscovery.ModDiscoverer/SCAN]: Found mod file "chisel-neoforge-2.0.0+mc1.21.1.jar" [locator: {mods folder locator at /home/container/mods}, reader: mod manifest]
[04Apr2026 00:40:31.799] [main/INFO] [net.neoforged.fml.loading.moddiscovery.ModDiscoverer/SCAN]: Found mod file "chunkactivitytracker-neoforge-1.0.1-1.21.1.jar" [locator: {mods folder locator at /home/container/mods}, reader: mod manifest]
[04Apr2026 00:40:31.800] [main/INFO] [net.neoforged.fml.loading.moddiscovery.ModDiscoverer/SCAN]: Found mod file "chunksending-1.21-2.8.jar" [locator: {mods folder locator at /home/container/mods}, reader: mod manifest]
[04Apr2026 00:40:31.801] [main/INFO] [net.neoforged.fml.loading.moddiscovery.ModDiscoverer/SCAN]: Found mod file "Chunky-NeoForge-1.4.23.jar" [locator: {mods folder locator at /home/container/mods}, reader: mod manifest]
[04Apr2026 00:40:31.802] [main/INFO] [net.neoforged.fml.loading.moddiscovery.ModDiscoverer/SCAN]: Found mod file "citadel-1.21.1-2.7.5.jar" [locator: {mods folder locator at /home/container/mods}, reader: mod manifest]
[04Apr2026 00:40:31.803] [main/INFO] [net.neoforged.fml.loading.moddiscovery.ModDiscoverer/SCAN]: Found mod file "cloth-config-15.0.140-neoforge.jar" [locator: {mods folder locator at /home/container/mods}, reader: mod manifest]
[04Apr2026 00:40:31.803] [main/INFO] [net.neoforged.fml.loading.moddiscovery.ModDiscoverer/SCAN]: Found mod file "Clumps-neoforge-1.21.1-19.0.0.1.jar" [locator: {mods folder locator at /home/container/mods}, reader: mod manifest]
[04Apr2026 00:40:31.809] [main/INFO] [net.neoforged.fml.loading.moddiscovery.ModDiscoverer/SCAN]: Found mod file "CodeChickenLib-1.21.1-4.6.1.526.jar" [locator: {mods folder locator at /home/container/mods}, reader: mod manifest]
[04Apr2026 00:40:31.809] [main/INFO] [net.neoforged.fml.loading.moddiscovery.ModDiscoverer/SCAN]: Found mod file "colorwheel_patcher-neoforge-1.0.4+mc1.21.1.jar" [locator: {mods folder locator at /home/container/mods}, reader: mod manifest]
[04Apr2026 00:40:31.810] [main/INFO] [net.neoforged.fml.loading.moddiscovery.ModDiscoverer/SCAN]: Found mod file "combat_roll-neoforge-2.0.6+1.21.1.jar" [locator: {mods folder locator at /home/container/mods}, reader: mod manifest]
[04Apr2026 00:40:31.811] [main/INFO] [net.neoforged.fml.loading.moddiscovery.ModDiscoverer/SCAN]: Found mod file "comforts-neoforge-9.0.5+1.21.1.jar" [locator: {mods folder locator at /home/container/mods}, reader: mod manifest]
[04Apr2026 00:40:31.812] [main/INFO] [net.neoforged.fml.loading.moddiscovery.ModDiscoverer/SCAN]: Found mod file "common-networking-neoforge-1.0.21-1.21.1.jar" [locator: {mods folder locator at /home/container/mods}, reader: mod manifest]
[04Apr2026 00:40:31.813] [main/INFO] [net.neoforged.fml.loading.moddiscovery.ModDiscoverer/SCAN]: Found mod file "commoncapabilities-1.21.1-neoforge-2.11.4.jar" [locator: {mods folder locator at /home/container/mods}, reader: mod manifest]
[04Apr2026 00:40:31.814] [main/INFO] [net.neoforged.fml.loading.moddiscovery.ModDiscoverer/SCAN]: Found mod file "compactexpansion-1.21.1_1.4.0.jar" [locator: {mods folder locator at /home/container/mods}, reader: mod manifest]
[04Apr2026 00:40:31.814] [main/INFO] [net.neoforged.fml.loading.moddiscovery.ModDiscoverer/SCAN]: Found mod file "CompactMachineRoomsEnabler-1.21.1-1.0.0-NeoForge.jar" [locator: {mods folder locator at /home/container/mods}, reader: mod manifest]
[04Apr2026 00:40:31.815] [main/INFO] [net.neoforged.fml.loading.moddiscovery.ModDiscoverer/SCAN]: Found mod file "compactmachines-neoforge-7.0.81.jar" [locator: {mods folder locator at /home/container/mods}, reader: mod manifest]
[04Apr2026 00:40:31.817] [main/INFO] [net.neoforged.fml.loading.moddiscovery.ModDiscoverer/SCAN]: Found mod file "connectedglass-1.1.14-neoforge-mc1.21.jar" [locator: {mods folder locator at /home/container/mods}, reader: mod manifest]
[04Apr2026 00:40:31.818] [main/INFO] [net.neoforged.fml.loading.moddiscovery.ModDiscoverer/SCAN]: Found mod file "ConstructionSticks-1.21.1-1.3.0.jar" [locator: {mods folder locator at /home/container/mods}, reader: mod manifest]
[04Apr2026 00:40:31.819] [main/INFO] [net.neoforged.fml.loading.moddiscovery.ModDiscoverer/SCAN]: Found mod file "Controlling-neoforge-1.21.1-19.0.5.jar" [locator: {mods folder locator at /home/container/mods}, reader: mod manifest]
[04Apr2026 00:40:31.820] [main/INFO] [net.neoforged.fml.loading.moddiscovery.ModDiscoverer/SCAN]: Found mod file "copycats-3.0.4+mc.1.21.1-neoforge.jar" [locator: {mods folder locator at /home/container/mods}, reader: mod manifest]
[04Apr2026 00:40:31.821] [main/INFO] [net.neoforged.fml.loading.moddiscovery.ModDiscoverer/SCAN]: Found mod file "Corgilib-NeoForge-1.21.1-5.0.0.9.jar" [locator: {mods folder locator at /home/container/mods}, reader: mod manifest]
[04Apr2026 00:40:31.821] [main/INFO] [net.neoforged.fml.loading.moddiscovery.ModDiscoverer/SCAN]: Found mod file "coroutil-neoforge-1.21.0-1.3.9.jar" [locator: {mods folder locator at /home/container/mods}, reader: mod manifest]
[04Apr2026 00:40:31.823] [main/INFO] [net.neoforged.fml.loading.moddiscovery.ModDiscoverer/SCAN]: Found mod file "cosmeticarmorreworked-1.21.1-v1-neoforge.jar" [locator: {mods folder locator at /home/container/mods}, reader: mod manifest]
[04Apr2026 00:40:31.824] [main/INFO] [net.neoforged.fml.loading.moddiscovery.ModDiscoverer/SCAN]: Found mod file "crafting_on_a_stick-1.21.0.4.jar" [locator: {mods folder locator at /home/container/mods}, reader: mod manifest]
[04Apr2026 00:40:31.825] [main/INFO] [net.neoforged.fml.loading.moddiscovery.ModDiscoverer/SCAN]: Found mod file "craftingtweaks-neoforge-1.21.1-21.1.7.jar" [locator: {mods folder locator at /home/container/mods}, reader: mod manifest]
[04Apr2026 00:40:31.829] [main/INFO] [net.neoforged.fml.loading.moddiscovery.ModDiscoverer/SCAN]: Found mod file "create-1.21.1-6.0.9.jar" [locator: {mods folder locator at /home/container/mods}, reader: mod manifest]
[04Apr2026 00:40:31.830] [main/INFO] [net.neoforged.fml.loading.moddiscovery.ModDiscoverer/SCAN]: Found mod file "create-central-kitchen-2.3.0.jar" [locator: {mods folder locator at /home/container/mods}, reader: mod manifest]
[04Apr2026 00:40:31.831] [main/INFO] [net.neoforged.fml.loading.moddiscovery.ModDiscoverer/SCAN]: Found mod file "create-dragons-plus-1.8.7.jar" [locator: {mods folder locator at /home/container/mods}, reader: mod manifest]
[04Apr2026 00:40:31.832] [main/INFO] [net.neoforged.fml.loading.moddiscovery.ModDiscoverer/SCAN]: Found mod file "create-stuff-additions1.21.1_v2.1.0e.jar" [locator: {mods folder locator at /home/container/mods}, reader: mod manifest]
[04Apr2026 00:40:31.833] [main/INFO] [net.neoforged.fml.loading.moddiscovery.ModDiscoverer/SCAN]: Found mod file "create_hypertube-0.4.0-NEOFORGE.jar" [locator: {mods folder locator at /home/container/mods}, reader: mod manifest]
[04Apr2026 00:40:31.834] [main/INFO] [net.neoforged.fml.loading.moddiscovery.ModDiscoverer/SCAN]: Found mod file "create_things_and_misc-4.1.0-neoforge-1.21.1.jar" [locator: {mods folder locator at /home/container/mods}, reader: mod manifest]
[04Apr2026 00:40:31.835] [main/INFO] [net.neoforged.fml.loading.moddiscovery.ModDiscoverer/SCAN]: Found mod file "create_train_parts-0.3.6-1.21.1-6.0.9-216.jar" [locator: {mods folder locator at /home/container/mods}, reader: mod manifest]
[04Apr2026 00:40:31.837] [main/INFO] [net.neoforged.fml.loading.moddiscovery.ModDiscoverer/SCAN]: Found mod file "createaddition-1.5.10.jar" [locator: {mods folder locator at /home/container/mods}, reader: mod manifest]
[04Apr2026 00:40:31.838] [main/INFO] [net.neoforged.fml.loading.moddiscovery.ModDiscoverer/SCAN]: Found mod file "createbetterfps-1.21.1-1.1.3.jar" [locator: {mods folder locator at /home/container/mods}, reader: mod manifest]
[04Apr2026 00:40:31.840] [main/INFO] [net.neoforged.fml.loading.moddiscovery.ModDiscoverer/SCAN]: Found mod file "createdeco-2.1.2.jar" [locator: {mods folder locator at /home/container/mods}, reader: mod manifest]
[04Apr2026 00:40:31.841] [main/INFO] [net.neoforged.fml.loading.moddiscovery.ModDiscoverer/SCAN]: Found mod file "createrailwaysnavigator-neoforge-1.21.1-beta-0.8.5.jar" [locator: {mods folder locator at /home/container/mods}, reader: mod manifest]
[04Apr2026 00:40:31.842] [main/INFO] [net.neoforged.fml.loading.moddiscovery.ModDiscoverer/SCAN]: Found mod file "createtransmission-1.1.0+neoforge-create6-1.21.1.jar" [locator: {mods folder locator at /home/container/mods}, reader: mod manifest]
[04Apr2026 00:40:31.842] [main/INFO] [net.neoforged.fml.loading.moddiscovery.ModDiscoverer/SCAN]: Found mod file "CreativeCore_NEOFORGE_v2.13.36_mc1.21.1.jar" [locator: {mods folder locator at /home/container/mods}, reader: mod manifest]
[04Apr2026 00:40:31.843] [main/INFO] [net.neoforged.fml.loading.moddiscovery.ModDiscoverer/SCAN]: Found mod file "CreeperOverhaul-neoforge-1.21.1-4.0.6.jar" [locator: {mods folder locator at /home/container/mods}, reader: mod manifest]
[04Apr2026 00:40:31.844] [main/INFO] [net.neoforged.fml.loading.moddiscovery.ModDiscoverer/SCAN]: Found mod file "cristellib-neoforge-1.21.1-3.0.3.jar" [locator: {mods folder locator at /home/container/mods}, reader: mod manifest]
[04Apr2026 00:40:31.845] [main/INFO] [net.neoforged.fml.loading.moddiscovery.ModDiscoverer/SCAN]: Found mod file "cryonicconfig-neoforge-1.0.0+mc1.21.11.jar" [locator: {mods folder locator at /home/container/mods}, reader: mod manifest]
[04Apr2026 00:40:31.846] [main/INFO] [net.neoforged.fml.loading.moddiscovery.ModDiscoverer/SCAN]: Found mod file "crystal_chronicles-0.0.9.jar" [locator: {mods folder locator at /home/container/mods}, reader: mod manifest]
[04Apr2026 00:40:31.847] [main/INFO] [net.neoforged.fml.loading.moddiscovery.ModDiscoverer/SCAN]: Found mod file "ctl-neoforge-1.1.1.jar" [locator: {mods folder locator at /home/container/mods}, reader: mod manifest]
[04Apr2026 00:40:31.848] [main/INFO] [net.neoforged.fml.loading.moddiscovery.ModDiscoverer/SCAN]: Found mod file "CTM-1.21-1.2.1+3.jar" [locator: {mods folder locator at /home/container/mods}, reader: mod manifest]
[04Apr2026 00:40:31.849] [main/INFO] [net.neoforged.fml.loading.moddiscovery.ModDiscoverer/SCAN]: Found mod file "Cucumber-1.21.1-8.0.15.jar" [locator: {mods folder locator at /home/container/mods}, reader: mod manifest]
[04Apr2026 00:40:31.849] [main/INFO] [net.neoforged.fml.loading.moddiscovery.ModDiscoverer/SCAN]: Found mod file "cupboard-1.21-3.5.jar" [locator: {mods folder locator at /home/container/mods}, reader: mod manifest]
[04Apr2026 00:40:31.850] [main/INFO] [net.neoforged.fml.loading.moddiscovery.ModDiscoverer/SCAN]: Found mod file "curios-neoforge-9.5.1+1.21.1.jar" [locator: {mods folder locator at /home/container/mods}, reader: mod manifest]
[04Apr2026 00:40:31.851] [main/INFO] [net.neoforged.fml.loading.moddiscovery.ModDiscoverer/SCAN]: Found mod file "cyclopscore-1.21.1-neoforge-1.29.0.jar" [locator: {mods folder locator at /home/container/mods}, reader: mod manifest]
[04Apr2026 00:40:31.852] [main/INFO] [net.neoforged.fml.loading.moddiscovery.ModDiscoverer/SCAN]: Found mod file "damage_indicator_status-1.4+1.21.1-NeoForge.jar" [locator: {mods folder locator at /home/container/mods}, reader: mod manifest]
[04Apr2026 00:40:31.853] [main/INFO] [net.neoforged.fml.loading.moddiscovery.ModDiscoverer/SCAN]: Found mod file "dankstorage-neoforge-1.21.1-20.jar" [locator: {mods folder locator at /home/container/mods}, reader: mod manifest]
[04Apr2026 00:40:31.853] [main/INFO] [net.neoforged.fml.loading.moddiscovery.ModDiscoverer/SCAN]: Found mod file "darkutils-neoforge-1.21.1-21.1.1.jar" [locator: {mods folder locator at /home/container/mods}, reader: mod manifest]
[04Apr2026 00:40:31.855] [main/INFO] [net.neoforged.fml.loading.moddiscovery.ModDiscoverer/SCAN]: Found mod file "deeperdarker-neoforge-1.21.1-1.3.5.jar" [locator: {mods folder locator at /home/container/mods}, reader: mod manifest]
[04Apr2026 00:40:31.855] [main/INFO] [net.neoforged.fml.loading.moddiscovery.ModDiscoverer/SCAN]: Found mod file "DiagonalFences-v21.1.1-1.21.1-NeoForge.jar" [locator: {mods folder locator at /home/container/mods}, reader: mod manifest]
[04Apr2026 00:40:31.856] [main/INFO] [net.neoforged.fml.loading.moddiscovery.ModDiscoverer/SCAN]: Found mod file "DiagonalWalls-v21.1.2-1.21.1-NeoForge.jar" [locator: {mods folder locator at /home/container/mods}, reader: mod manifest]
[04Apr2026 00:40:31.858] [main/INFO] [net.neoforged.fml.loading.moddiscovery.ModDiscoverer/SCAN]: Found mod file "DistantHorizons-2.4.5-b-1.21.1-fabric-neoforge.jar" [locator: {mods folder locator at /home/container/mods}, reader: mod manifest]
[04Apr2026 00:40:31.858] [main/INFO] [net.neoforged.fml.loading.moddiscovery.ModDiscoverer/SCAN]: Found mod file "does_it_tick-neoforge-1.1.4-1.21.1.jar" [locator: {mods folder locator at /home/container/mods}, reader: mod manifest]
[04Apr2026 00:40:31.867] [main/INFO] [net.neoforged.fml.loading.moddiscovery.ModDiscoverer/SCAN]: Found mod file "Draconic-Evolution-1.21.1-3.1.4.632.jar" [locator: {mods folder locator at /home/container/mods}, reader: mod manifest]
[04Apr2026 00:40:31.868] [main/INFO] [net.neoforged.fml.loading.moddiscovery.ModDiscoverer/SCAN]: Found mod file "dummmmmmy-1.21-2.0.11-neoforge.jar" [locator: {mods folder locator at /home/container/mods}, reader: mod manifest]
[04Apr2026 00:40:31.869] [main/INFO] [net.neoforged.fml.loading.moddiscovery.ModDiscoverer/SCAN]: Found mod file "DungeonCrawl-NeoForge-1.21-2.3.15.jar" [locator: {mods folder locator at /home/container/mods}, reader: mod manifest]
[04Apr2026 00:40:31.870] [main/INFO] [net.neoforged.fml.loading.moddiscovery.ModDiscoverer/SCAN]: Found mod file "dungeons-and-taverns-v4.4.4 [NeoForge].jar" [locator: {mods folder locator at /home/container/mods}, reader: mod manifest]
[04Apr2026 00:40:31.871] [main/INFO] [net.neoforged.fml.loading.moddiscovery.ModDiscoverer/SCAN]: Found mod file "DungeonsArise-1.21.1-2.1.68-release.jar" [locator: {mods folder locator at /home/container/mods}, reader: mod manifest]
[04Apr2026 00:40:31.872] [main/INFO] [net.neoforged.fml.loading.moddiscovery.ModDiscoverer/SCAN]: Found mod file "DungeonsAriseSevenSeas-1.21.x-1.0.4-neoforge.jar" [locator: {mods folder locator at /home/container/mods}, reader: mod manifest]
[04Apr2026 00:40:31.873] [main/INFO] [net.neoforged.fml.loading.moddiscovery.ModDiscoverer/SCAN]: Found mod file "durabilitytooltip-1.1.6-neoforge-mc1.21.jar" [locator: {mods folder locator at /home/container/mods}, reader: mod manifest]
[04Apr2026 00:40:31.874] [main/INFO] [net.neoforged.fml.loading.moddiscovery.ModDiscoverer/SCAN]: Found mod file "easy-villagers-neoforge-1.21.1-1.1.23.jar" [locator: {mods folder locator at /home/container/mods}, reader: mod manifest]
[04Apr2026 00:40:31.885] [main/INFO] [net.neoforged.fml.loading.moddiscovery.ModDiscoverer/SCAN]: Found mod file "elevatorid-neoforge-1.21.1-1.11.4.jar" [locator: {mods folder locator at /home/container/mods}, reader: mod manifest]
[04Apr2026 00:40:31.886] [main/INFO] [net.neoforged.fml.loading.moddiscovery.ModDiscoverer/SCAN]: Found mod file "emi-1.1.22+1.21.1+neoforge.jar" [locator: {mods folder locator at /home/container/mods}, reader: mod manifest]
[04Apr2026 00:40:31.887] [main/INFO] [net.neoforged.fml.loading.moddiscovery.ModDiscoverer/SCAN]: Found mod file "emi_enchanting-0.1.2+1.21+neoforge.jar" [locator: {mods folder locator at /home/container/mods}, reader: mod manifest]
[04Apr2026 00:40:31.887] [main/INFO] [net.neoforged.fml.loading.moddiscovery.ModDiscoverer/SCAN]: Found mod file "emi_loot-0.7.9+1.21+neoforge.jar" [locator: {mods folder locator at /home/container/mods}, reader: mod manifest]
[04Apr2026 00:40:31.888] [main/INFO] [net.neoforged.fml.loading.moddiscovery.ModDiscoverer/SCAN]: Found mod file "emi_ores-1.2+1.21.1+neoforge.jar" [locator: {mods folder locator at /home/container/mods}, reader: mod manifest]
[04Apr2026 00:40:31.889] [main/INFO] [net.neoforged.fml.loading.moddiscovery.ModDiscoverer/SCAN]: Found mod file "EMIProfessions-neoforge-1.21.1-1.0.3.jar" [locator: {mods folder locator at /home/container/mods}, reader: mod manifest]
[04Apr2026 00:40:31.891] [main/INFO] [net.neoforged.fml.loading.moddiscovery.ModDiscoverer/SCAN]: Found mod file "enderio-8.2.5-beta.jar" [locator: {mods folder locator at /home/container/mods}, reader: mod manifest]
[04Apr2026 00:40:31.895] [main/INFO] [net.neoforged.fml.loading.moddiscovery.ModDiscoverer/SCAN]: Found mod file "EnderStorage-1.21.1-2.13.0.191.jar" [locator: {mods folder locator at /home/container/mods}, reader: mod manifest]
[04Apr2026 00:40:31.895] [main/INFO] [net.neoforged.fml.loading.moddiscovery.ModDiscoverer/SCAN]: Found mod file "energymeter-neoforge-1.21.1-0.4.0.jar" [locator: {mods folder locator at /home/container/mods}, reader: mod manifest]
[04Apr2026 00:40:31.896] [main/INFO] [net.neoforged.fml.loading.moddiscovery.ModDiscoverer/SCAN]: Found mod file "entangled-1.3.21-neoforge-mc1.21.jar" [locator: {mods folder locator at /home/container/mods}, reader: mod manifest]
[04Apr2026 00:40:31.897] [main/INFO] [net.neoforged.fml.loading.moddiscovery.ModDiscoverer/SCAN]: Found mod file "escalated-1.2.1-create.6.0.8-mc.1.21.1-neoforge.jar" [locator: {mods folder locator at /home/container/mods}, reader: mod manifest]
[04Apr2026 00:40:31.898] [main/INFO] [net.neoforged.fml.loading.moddiscovery.ModDiscoverer/SCAN]: Found mod file "ExplorersCompass-1.21.1-3.0.3-neoforge.jar" [locator: {mods folder locator at /home/container/mods}, reader: mod manifest]
[04Apr2026 00:40:31.899] [main/INFO] [net.neoforged.fml.loading.moddiscovery.ModDiscoverer/SCAN]: Found mod file "ExtendedAE-1.21-2.2.30-neoforge.jar" [locator: {mods folder locator at /home/container/mods}, reader: mod manifest]
[04Apr2026 00:40:31.900] [main/INFO] [net.neoforged.fml.loading.moddiscovery.ModDiscoverer/SCAN]: Found mod file "ExtremeReactors2-1.21.1-2.4.28.jar" [locator: {mods folder locator at /home/container/mods}, reader: mod manifest]
[04Apr2026 00:40:31.901] [main/INFO] [net.neoforged.fml.loading.moddiscovery.ModDiscoverer/SCAN]: Found mod file "ExtremeSoundMuffler-3.55_NeoForge-1.21.jar" [locator: {mods folder locator at /home/container/mods}, reader: mod manifest]
[04Apr2026 00:40:31.901] [main/INFO] [net.neoforged.fml.loading.moddiscovery.ModDiscoverer/SCAN]: Found mod file "factory_blocks-neoforge-1.4.0+mc1.21.1.jar" [locator: {mods folder locator at /home/container/mods}, reader: mod manifest]
[04Apr2026 00:40:31.902] [main/INFO] [net.neoforged.fml.loading.moddiscovery.ModDiscoverer/SCAN]: Found mod file "FarmersDelight-1.21.1-1.2.11.jar" [locator: {mods folder locator at /home/container/mods}, reader: mod manifest]
[04Apr2026 00:40:31.903] [main/INFO] [net.neoforged.fml.loading.moddiscovery.ModDiscoverer/SCAN]: Found mod file "farmingforblockheads-neoforge-1.21.1-21.1.12.jar" [locator: {mods folder locator at /home/container/mods}, reader: mod manifest]
[04Apr2026 00:40:31.904] [main/INFO] [net.neoforged.fml.loading.moddiscovery.ModDiscoverer/SCAN]: Found mod file "FastFurnace-1.21.1-9.0.1.jar" [locator: {mods folder locator at /home/container/mods}, reader: mod manifest]
[04Apr2026 00:40:31.905] [main/INFO] [net.neoforged.fml.loading.moddiscovery.ModDiscoverer/SCAN]: Found mod file "fastleafdecay-35.jar" [locator: {mods folder locator at /home/container/mods}, reader: mod manifest]
[04Apr2026 00:40:31.905] [main/INFO] [net.neoforged.fml.loading.moddiscovery.ModDiscoverer/SCAN]: Found mod file "FastSuite-1.21.1-6.0.7.jar" [locator: {mods folder locator at /home/container/mods}, reader: mod manifest]
[04Apr2026 00:40:31.906] [main/INFO] [net.neoforged.fml.loading.moddiscovery.ModDiscoverer/SCAN]: Found mod file "FastWorkbench-1.21.1-9.1.3.jar" [locator: {mods folder locator at /home/container/mods}, reader: mod manifest]
[04Apr2026 00:40:31.907] [main/INFO] [net.neoforged.fml.loading.moddiscovery.ModDiscoverer/SCAN]: Found mod file "fdbosses-3.1.0.3-1.21.1.jar" [locator: {mods folder locator at /home/container/mods}, reader: mod manifest]
[04Apr2026 00:40:31.908] [main/INFO] [net.neoforged.fml.loading.moddiscovery.ModDiscoverer/SCAN]: Found mod file "fdlib-1.0.9-1.21.1.jar" [locator: {mods folder locator at /home/container/mods}, reader: mod manifest]
[04Apr2026 00:40:31.910] [main/INFO] [net.neoforged.fml.loading.moddiscovery.ModDiscoverer/SCAN]: Found mod file "ferritecore-7.0.3-neoforge.jar" [locator: {mods folder locator at /home/container/mods}, reader: mod manifest]
[04Apr2026 00:40:31.910] [main/INFO] [net.neoforged.fml.loading.moddiscovery.ModDiscoverer/SCAN]: Found mod file "flightapi-neoforge-1.1.1.jar" [locator: {mods folder locator at /home/container/mods}, reader: mod manifest]
[04Apr2026 00:40:31.911] [main/INFO] [net.neoforged.fml.loading.moddiscovery.ModDiscoverer/SCAN]: Found mod file "FluxNetworks-1.21.1-8.0.0.jar" [locator: {mods folder locator at /home/container/mods}, reader: mod manifest]
[04Apr2026 00:40:31.912] [main/INFO] [net.neoforged.fml.loading.moddiscovery.ModDiscoverer/SCAN]: Found mod file "forbidden_arcanus-2.6.1.jar" [locator: {mods folder locator at /home/container/mods}, reader: mod manifest]
[04Apr2026 00:40:31.913] [main/INFO] [net.neoforged.fml.loading.moddiscovery.ModDiscoverer/SCAN]: Found mod file "forgified-fabric-api-0.116.7+2.2.4+1.21.1.jar" [locator: {mods folder locator at /home/container/mods}, reader: mod manifest]
[04Apr2026 00:40:31.915] [main/INFO] [net.neoforged.fml.loading.moddiscovery.ModDiscoverer/SCAN]: Found mod file "FramedBlocks-10.5.3.jar" [locator: {mods folder locator at /home/container/mods}, reader: mod manifest]
[04Apr2026 00:40:31.915] [main/INFO] [net.neoforged.fml.loading.moddiscovery.ModDiscoverer/SCAN]: Found mod file "framework-neoforge-1.21.1-0.13.11.jar" [locator: {mods folder locator at /home/container/mods}, reader: mod manifest]
[04Apr2026 00:40:31.916] [main/INFO] [net.neoforged.fml.loading.moddiscovery.ModDiscoverer/SCAN]: Found mod file "ftb-chunks-neoforge-2101.1.14.jar" [locator: {mods folder locator at /home/container/mods}, reader: mod manifest]
[04Apr2026 00:40:31.917] [main/INFO] [net.neoforged.fml.loading.moddiscovery.ModDiscoverer/SCAN]: Found mod file "ftb-essentials-neoforge-2101.1.9.jar" [locator: {mods folder locator at /home/container/mods}, reader: mod manifest]
[04Apr2026 00:40:31.917] [main/INFO] [net.neoforged.fml.loading.moddiscovery.ModDiscoverer/SCAN]: Found mod file "ftb-library-neoforge-2101.1.31.jar" [locator: {mods folder locator at /home/container/mods}, reader: mod manifest]
[04Apr2026 00:40:31.918] [main/INFO] [net.neoforged.fml.loading.moddiscovery.ModDiscoverer/SCAN]: Found mod file "ftb-quests-neoforge-2101.1.23.jar" [locator: {mods folder locator at /home/container/mods}, reader: mod manifest]
[04Apr2026 00:40:31.919] [main/INFO] [net.neoforged.fml.loading.moddiscovery.ModDiscoverer/SCAN]: Found mod file "ftb-teams-neoforge-2101.1.9.jar" [locator: {mods folder locator at /home/container/mods}, reader: mod manifest]
[04Apr2026 00:40:31.920] [main/INFO] [net.neoforged.fml.loading.moddiscovery.ModDiscoverer/SCAN]: Found mod file "ftb-ultimine-neoforge-2101.1.13.jar" [locator: {mods folder locator at /home/container/mods}, reader: mod manifest]
[04Apr2026 00:40:31.920] [main/INFO] [net.neoforged.fml.loading.moddiscovery.ModDiscoverer/SCAN]: Found mod file "fusion-1.2.12-neoforge-mc1.21.1.jar" [locator: {mods folder locator at /home/container/mods}, reader: mod manifest]
[04Apr2026 00:40:31.921] [main/INFO] [net.neoforged.fml.loading.moddiscovery.ModDiscoverer/SCAN]: Found mod file "fzzy_config-0.7.6+1.21+neoforge.jar" [locator: {mods folder locator at /home/container/mods}, reader: mod manifest]
[04Apr2026 00:40:31.922] [main/INFO] [net.neoforged.fml.loading.moddiscovery.ModDiscoverer/SCAN]: Found mod file "geckolib-neoforge-1.21.1-4.8.4.jar" [locator: {mods folder locator at /home/container/mods}, reader: mod manifest]
[04Apr2026 00:40:31.922] [main/INFO] [net.neoforged.fml.loading.moddiscovery.ModDiscoverer/SCAN]: Found mod file "gliders-1.21.1-neoforge-1.1.8.jar" [locator: {mods folder locator at /home/container/mods}, reader: mod manifest]
[04Apr2026 00:40:31.923] [main/INFO] [net.neoforged.fml.loading.moddiscovery.ModDiscoverer/SCAN]: Found mod file "GlitchCore-neoforge-1.21.1-2.1.0.0.jar" [locator: {mods folder locator at /home/container/mods}, reader: mod manifest]
[04Apr2026 00:40:31.924] [main/INFO] [net.neoforged.fml.loading.moddiscovery.ModDiscoverer/SCAN]: Found mod file "Glodium-1.21-2.2-neoforge.jar" [locator: {mods folder locator at /home/container/mods}, reader: mod manifest]
[04Apr2026 00:40:31.924] [main/INFO] [net.neoforged.fml.loading.moddiscovery.ModDiscoverer/SCAN]: Found mod file "goblintraders-neoforge-1.21.1-1.11.2.jar" [locator: {mods folder locator at /home/container/mods}, reader: mod manifest]
[04Apr2026 00:40:31.926] [main/INFO] [net.neoforged.fml.loading.moddiscovery.ModDiscoverer/SCAN]: Found mod file "guideme-21.1.15.jar" [locator: {mods folder locator at /home/container/mods}, reader: mod manifest]
[04Apr2026 00:40:31.929] [main/INFO] [net.neoforged.fml.loading.moddiscovery.ModDiscoverer/SCAN]: Found mod file "handcrafted-neoforge-1.21.1-4.0.3.jar" [locator: {mods folder locator at /home/container/mods}, reader: mod manifest]
[04Apr2026 00:40:31.930] [main/INFO] [net.neoforged.fml.loading.moddiscovery.ModDiscoverer/SCAN]: Found mod file "haydenapi-neoforge-1.0.4.jar" [locator: {mods folder locator at /home/container/mods}, reader: mod manifest]
[04Apr2026 00:40:31.930] [main/INFO] [net.neoforged.fml.loading.moddiscovery.ModDiscoverer/SCAN]: Found mod file "HostileNeuralNetworks-1.21.1-6.3.0.jar" [locator: {mods folder locator at /home/container/mods}, reader: mod manifest]
[04Apr2026 00:40:31.933] [main/INFO] [net.neoforged.fml.loading.moddiscovery.ModDiscoverer/SCAN]: Found mod file "Icarus-NeoForge-4.6.4.jar" [locator: {mods folder locator at /home/container/mods}, reader: mod manifest]
[04Apr2026 00:40:31.935] [main/INFO] [net.neoforged.fml.loading.moddiscovery.ModDiscoverer/SCAN]: Found mod file "IceAndFireCE-2.0-beta.15-1.21.1-neoforge.jar" [locator: {mods folder locator at /home/container/mods}, reader: mod manifest]
[04Apr2026 00:40:31.935] [main/INFO] [net.neoforged.fml.loading.moddiscovery.ModDiscoverer/SCAN]: Found mod file "Iceberg-1.21.1-neoforge-1.3.2.jar" [locator: {mods folder locator at /home/container/mods}, reader: mod manifest]
[04Apr2026 00:40:31.936] [main/INFO] [net.neoforged.fml.loading.moddiscovery.ModDiscoverer/SCAN]: Found mod file "ImmediatelyFast-NeoForge-1.6.10+1.21.1.jar" [locator: {mods folder locator at /home/container/mods}, reader: mod manifest]
[04Apr2026 00:40:31.937] [main/INFO] [net.neoforged.fml.loading.moddiscovery.ModDiscoverer/SCAN]: Found mod file "immersive_aircraft-1.4.3+1.21.1-neoforge.jar" [locator: {mods folder locator at /home/container/mods}, reader: mod manifest]
[04Apr2026 00:40:31.939] [main/INFO] [net.neoforged.fml.loading.moddiscovery.ModDiscoverer/SCAN]: Found mod file "ImmersiveEngineering-1.21.1-12.4.2-194.jar" [locator: {mods folder locator at /home/container/mods}, reader: mod manifest]
[04Apr2026 00:40:31.941] [main/INFO] [net.neoforged.fml.loading.moddiscovery.ModDiscoverer/SCAN]: Found mod file "industrial-foregoing-souls-1.21.1-1.10.4.jar" [locator: {mods folder locator at /home/container/mods}, reader: mod manifest]
[04Apr2026 00:40:31.942] [main/INFO] [net.neoforged.fml.loading.moddiscovery.ModDiscoverer/SCAN]: Found mod file "industrialforegoing-1.21-3.6.38.jar" [locator: {mods folder locator at /home/container/mods}, reader: mod manifest]
[04Apr2026 00:40:31.944] [main/INFO] [net.neoforged.fml.loading.moddiscovery.ModDiscoverer/SCAN]: Found mod file "integrateddynamics-1.21.1-neoforge-1.32.2.jar" [locator: {mods folder locator at /home/container/mods}, reader: mod manifest]
[04Apr2026 00:40:31.945] [main/INFO] [net.neoforged.fml.loading.moddiscovery.ModDiscoverer/SCAN]: Found mod file "integratedtunnels-1.21.1-neoforge-1.9.4.jar" [locator: {mods folder locator at /home/container/mods}, reader: mod manifest]
[04Apr2026 00:40:31.946] [main/INFO] [net.neoforged.fml.loading.moddiscovery.ModDiscoverer/SCAN]: Found mod file "interiors-1.21.1-neoforge-0.6.1.jar" [locator: {mods folder locator at /home/container/mods}, reader: mod manifest]
[04Apr2026 00:40:31.946] [main/INFO] [net.neoforged.fml.loading.moddiscovery.ModDiscoverer/SCAN]: Found mod file "ironfurnaces-neoforge-1.21.1-4.3.2.jar" [locator: {mods folder locator at /home/container/mods}, reader: mod manifest]
[04Apr2026 00:40:31.947] [main/INFO] [net.neoforged.fml.loading.moddiscovery.ModDiscoverer/SCAN]: Found mod file "irons_patreon_lib-1.21.1-1.0.1.jar" [locator: {mods folder locator at /home/container/mods}, reader: mod manifest]
[04Apr2026 00:40:31.949] [main/INFO] [net.neoforged.fml.loading.moddiscovery.ModDiscoverer/SCAN]: Found mod file "irons_spellbooks-1.21.1-3.15.5.jar" [locator: {mods folder locator at /home/container/mods}, reader: mod manifest]
[04Apr2026 00:40:31.949] [main/INFO] [net.neoforged.fml.loading.moddiscovery.ModDiscoverer/SCAN]: Found mod file "itemcollectors-1.1.10-neoforge-mc1.21.jar" [locator: {mods folder locator at /home/container/mods}, reader: mod manifest]
[04Apr2026 00:40:31.950] [main/INFO] [net.neoforged.fml.loading.moddiscovery.ModDiscoverer/SCAN]: Found mod file "Jade-1.21.1-NeoForge-15.10.5.jar" [locator: {mods folder locator at /home/container/mods}, reader: mod manifest]
[04Apr2026 00:40:31.951] [main/INFO] [net.neoforged.fml.loading.moddiscovery.ModDiscoverer/SCAN]: Found mod file "jamlib-neoforge-1.3.6+1.21.1.jar" [locator: {mods folder locator at /home/container/mods}, reader: mod manifest]
[04Apr2026 00:40:31.995] [main/INFO] [net.neoforged.fml.loading.moddiscovery.ModDiscoverer/SCAN]: Found mod file "jei-1.21.1-neoforge-19.27.0.336.jar" [locator: {mods folder locator at /home/container/mods}, reader: mod manifest]
[04Apr2026 00:40:31.995] [main/INFO] [net.neoforged.fml.loading.moddiscovery.ModDiscoverer/SCAN]: Found mod file "jmi-neoforge-1.21.1-1.9.jar" [locator: {mods folder locator at /home/container/mods}, reader: mod manifest]
[04Apr2026 00:40:31.996] [main/INFO] [net.neoforged.fml.loading.moddiscovery.ModDiscoverer/SCAN]: Found mod file "journeymap-neoforge-1.21.1-6.0.0-beta.59.jar" [locator: {mods folder locator at /home/container/mods}, reader: mod manifest]
[04Apr2026 00:40:31.997] [main/INFO] [net.neoforged.fml.loading.moddiscovery.ModDiscoverer/SCAN]: Found mod file "journeymap-webmap-neoforge-1.21.4-1.0.9.jar" [locator: {mods folder locator at /home/container/mods}, reader: mod manifest]
[04Apr2026 00:40:31.998] [main/INFO] [net.neoforged.fml.loading.moddiscovery.ModDiscoverer/SCAN]: Found mod file "jupiter-2.3.7-1.21.1-neoforge.jar" [locator: {mods folder locator at /home/container/mods}, reader: mod manifest]
[04Apr2026 00:40:31.999] [main/INFO] [net.neoforged.fml.loading.moddiscovery.ModDiscoverer/SCAN]: Found mod file "justdirethings-1.5.7.jar" [locator: {mods folder locator at /home/container/mods}, reader: mod manifest]
[04Apr2026 00:40:32.000] [main/INFO] [net.neoforged.fml.loading.moddiscovery.ModDiscoverer/SCAN]: Found mod file "kleeslabs-neoforge-1.21.1-21.1.9.jar" [locator: {mods folder locator at /home/container/mods}, reader: mod manifest]
[04Apr2026 00:40:32.001] [main/INFO] [net.neoforged.fml.loading.moddiscovery.ModDiscoverer/SCAN]: Found mod file "konkrete_neoforge_1.9.9_MC_1.21.jar" [locator: {mods folder locator at /home/container/mods}, reader: mod manifest]
[04Apr2026 00:40:32.002] [main/INFO] [net.neoforged.fml.loading.moddiscovery.ModDiscoverer/SCAN]: Found library file "kotlinforforge-5.11.0-all.jar" [locator: {mods folder locator at /home/container/mods}, reader: mod manifest]
[04Apr2026 00:40:32.003] [main/INFO] [net.neoforged.fml.loading.moddiscovery.ModDiscoverer/SCAN]: Found mod file "kubejs-neoforge-2101.7.2-build.348.jar" [locator: {mods folder locator at /home/container/mods}, reader: mod manifest]
[04Apr2026 00:40:32.005] [main/INFO] [net.neoforged.fml.loading.moddiscovery.ModDiscoverer/SCAN]: Found mod file "L_Ender's Cataclysm 1.21.1-3.26.jar" [locator: {mods folder locator at /home/container/mods}, reader: mod manifest]
[04Apr2026 00:40:32.005] [main/INFO] [net.neoforged.fml.loading.moddiscovery.ModDiscoverer/SCAN]: Found mod file "lambdynamiclights-4.8.7+1.21.1.jar" [locator: {mods folder locator at /home/container/mods}, reader: mod manifest]
[04Apr2026 00:40:32.007] [main/INFO] [net.neoforged.fml.loading.moddiscovery.ModDiscoverer/SCAN]: Found mod file "lazy_utilities-3.4+1.21.1-NeoForge.jar" [locator: {mods folder locator at /home/container/mods}, reader: mod manifest]
[04Apr2026 00:40:32.008] [main/INFO] [net.neoforged.fml.loading.moddiscovery.ModDiscoverer/SCAN]: Found mod file "lionfishapi-2.6.jar" [locator: {mods folder locator at /home/container/mods}, reader: mod manifest]
[04Apr2026 00:40:32.009] [main/INFO] [net.neoforged.fml.loading.moddiscovery.ModDiscoverer/SCAN]: Found mod file "lithium-neoforge-0.15.3+mc1.21.1.jar" [locator: {mods folder locator at /home/container/mods}, reader: mod manifest]
[04Apr2026 00:40:32.010] [main/INFO] [net.neoforged.fml.loading.moddiscovery.ModDiscoverer/SCAN]: Found mod file "lithostitched-1.6.3-neoforge-21.1.jar" [locator: {mods folder locator at /home/container/mods}, reader: mod manifest]
[04Apr2026 00:40:32.011] [main/INFO] [net.neoforged.fml.loading.moddiscovery.ModDiscoverer/SCAN]: Found mod file "lootr-neoforge-1.21.1-1.11.37.118.jar" [locator: {mods folder locator at /home/container/mods}, reader: mod manifest]
[04Apr2026 00:40:32.012] [main/INFO] [net.neoforged.fml.loading.moddiscovery.ModDiscoverer/SCAN]: Found mod file "lukis-grand-capitals-1.1.3.jar" [locator: {mods folder locator at /home/container/mods}, reader: mod manifest]
[04Apr2026 00:40:32.013] [main/INFO] [net.neoforged.fml.loading.moddiscovery.ModDiscoverer/SCAN]: Found mod file "luminax-1.3.1_neoforge_1.21.1.jar" [locator: {mods folder locator at /home/container/mods}, reader: mod manifest]
[04Apr2026 00:40:32.014] [main/INFO] [net.neoforged.fml.loading.moddiscovery.ModDiscoverer/SCAN]: Found mod file "mcjtylib-1.21-9.0.20.jar" [locator: {mods folder locator at /home/container/mods}, reader: mod manifest]
[04Apr2026 00:40:32.015] [main/INFO] [net.neoforged.fml.loading.moddiscovery.ModDiscoverer/SCAN]: Found mod file "mcw-bridges-3.1.2-mc1.21.1neoforge.jar" [locator: {mods folder locator at /home/container/mods}, reader: mod manifest]
[04Apr2026 00:40:32.016] [main/INFO] [net.neoforged.fml.loading.moddiscovery.ModDiscoverer/SCAN]: Found mod file "mcw-doors-1.1.5-mc1.21.1neoforge.jar" [locator: {mods folder locator at /home/container/mods}, reader: mod manifest]
[04Apr2026 00:40:32.018] [main/INFO] [net.neoforged.fml.loading.moddiscovery.ModDiscoverer/SCAN]: Found mod file "mcw-furniture-3.4.1-mc1.21.1neoforge.jar" [locator: {mods folder locator at /home/container/mods}, reader: mod manifest]
[04Apr2026 00:40:32.018] [main/INFO] [net.neoforged.fml.loading.moddiscovery.ModDiscoverer/SCAN]: Found mod file "mcw-lights-1.1.5-mc1.21.1neoforge.jar" [locator: {mods folder locator at /home/container/mods}, reader: mod manifest]
[04Apr2026 00:40:32.019] [main/INFO] [net.neoforged.fml.loading.moddiscovery.ModDiscoverer/SCAN]: Found mod file "mcw-mcwfences-1.2.1-mc1.21.1neoforge.jar" [locator: {mods folder locator at /home/container/mods}, reader: mod manifest]
[04Apr2026 00:40:32.020] [main/INFO] [net.neoforged.fml.loading.moddiscovery.ModDiscoverer/SCAN]: Found mod file "mcw-mcwpaths-1.1.1-mc1.21.1neoforge.jar" [locator: {mods folder locator at /home/container/mods}, reader: mod manifest]
[04Apr2026 00:40:32.020] [main/INFO] [net.neoforged.fml.loading.moddiscovery.ModDiscoverer/SCAN]: Found mod file "mcw-mcwstairs-1.0.2-mc1.21.1neoforge.jar" [locator: {mods folder locator at /home/container/mods}, reader: mod manifest]
[04Apr2026 00:40:32.021] [main/INFO] [net.neoforged.fml.loading.moddiscovery.ModDiscoverer/SCAN]: Found mod file "mcw-mcwwindows-2.4.2-mc1.21.1neoforge.jar" [locator: {mods folder locator at /home/container/mods}, reader: mod manifest]
[04Apr2026 00:40:32.023] [main/INFO] [net.neoforged.fml.loading.moddiscovery.ModDiscoverer/SCAN]: Found mod file "mcw-roofs-2.3.2-mc1.21.1neoforge.jar" [locator: {mods folder locator at /home/container/mods}, reader: mod manifest]
[04Apr2026 00:40:32.023] [main/INFO] [net.neoforged.fml.loading.moddiscovery.ModDiscoverer/SCAN]: Found mod file "mcw-trapdoors-1.1.5-mc1.21.1neoforge.jar" [locator: {mods folder locator at /home/container/mods}, reader: mod manifest]
[04Apr2026 00:40:32.030] [main/INFO] [net.neoforged.fml.loading.moddiscovery.ModDiscoverer/SCAN]: Found mod file "mcwbyg-neoforge-1.21.1-1.5.jar" [locator: {mods folder locator at /home/container/mods}, reader: mod manifest]
[04Apr2026 00:40:32.030] [main/INFO] [net.neoforged.fml.loading.moddiscovery.ModDiscoverer/SCAN]: Found mod file "mekagenjei-1.2.jar" [locator: {mods folder locator at /home/container/mods}, reader: mod manifest]
[04Apr2026 00:40:32.031] [main/INFO] [net.neoforged.fml.loading.moddiscovery.ModDiscoverer/SCAN]: Found mod file "mekajadeupgrade-1.3.jar" [locator: {mods folder locator at /home/container/mods}, reader: mod manifest]
[04Apr2026 00:40:32.033] [main/INFO] [net.neoforged.fml.loading.moddiscovery.ModDiscoverer/SCAN]: Found mod file "Mekanism-1.21.1-10.7.18.84.jar" [locator: {mods folder locator at /home/container/mods}, reader: mod manifest]
[04Apr2026 00:40:32.034] [main/INFO] [net.neoforged.fml.loading.moddiscovery.ModDiscoverer/SCAN]: Found mod file "mekanismcovers-1.3-BETA+1.21.jar" [locator: {mods folder locator at /home/container/mods}, reader: mod manifest]
[04Apr2026 00:40:32.035] [main/INFO] [net.neoforged.fml.loading.moddiscovery.ModDiscoverer/SCAN]: Found mod file "MekanismGenerators-1.21.1-10.7.18.84.jar" [locator: {mods folder locator at /home/container/mods}, reader: mod manifest]
[04Apr2026 00:40:32.035] [main/INFO] [net.neoforged.fml.loading.moddiscovery.ModDiscoverer/SCAN]: Found mod file "melody_neoforge_1.0.10_MC_1.21.jar" [locator: {mods folder locator at /home/container/mods}, reader: mod manifest]
[04Apr2026 00:40:32.036] [main/INFO] [net.neoforged.fml.loading.moddiscovery.ModDiscoverer/SCAN]: Found mod file "merequester-neoforge-1.21.1-1.4.2.jar" [locator: {mods folder locator at /home/container/mods}, reader: mod manifest]
[04Apr2026 00:40:32.036] [main/INFO] [net.neoforged.fml.loading.moddiscovery.ModDiscoverer/SCAN]: Found mod file "mob_grinding_utils-1.1.10+mc1.21.1.jar" [locator: {mods folder locator at /home/container/mods}, reader: mod manifest]
[04Apr2026 00:40:32.037] [main/INFO] [net.neoforged.fml.loading.moddiscovery.ModDiscoverer/SCAN]: Found mod file "modular-routers-13.2.4+mc1.21.1.jar" [locator: {mods folder locator at /home/container/mods}, reader: mod manifest]
[04Apr2026 00:40:32.038] [main/INFO] [net.neoforged.fml.loading.moddiscovery.ModDiscoverer/SCAN]: Found mod file "moonlight-1.21-2.29.23-neoforge.jar" [locator: {mods folder locator at /home/container/mods}, reader: mod manifest]
[04Apr2026 00:40:32.038] [main/INFO] [net.neoforged.fml.loading.moddiscovery.ModDiscoverer/SCAN]: Found mod file "MouseTweaks-neoforge-mc1.21-2.26.1.jar" [locator: {mods folder locator at /home/container/mods}, reader: mod manifest]
[04Apr2026 00:40:32.039] [main/INFO] [net.neoforged.fml.loading.moddiscovery.ModDiscoverer/SCAN]: Found mod file "MysticalAgradditions-1.21.1-8.0.13.jar" [locator: {mods folder locator at /home/container/mods}, reader: mod manifest]
[04Apr2026 00:40:32.040] [main/INFO] [net.neoforged.fml.loading.moddiscovery.ModDiscoverer/SCAN]: Found mod file "MysticalAgriculture-1.21.1-8.0.24.jar" [locator: {mods folder locator at /home/container/mods}, reader: mod manifest]
[04Apr2026 00:40:32.042] [main/INFO] [net.neoforged.fml.loading.moddiscovery.ModDiscoverer/SCAN]: Found mod file "natures_spirit-2.2.5-1.21.1.jar" [locator: {mods folder locator at /home/container/mods}, reader: mod manifest]
[04Apr2026 00:40:32.043] [main/INFO] [net.neoforged.fml.loading.moddiscovery.ModDiscoverer/SCAN]: Found mod file "NaturesCompass-1.21.1-3.0.3-neoforge.jar" [locator: {mods folder locator at /home/container/mods}, reader: mod manifest]
[04Apr2026 00:40:32.043] [main/INFO] [net.neoforged.fml.loading.moddiscovery.ModDiscoverer/SCAN]: Found mod file "Neruina-2.2.11-neoforge+1.21.jar" [locator: {mods folder locator at /home/container/mods}, reader: mod manifest]
[04Apr2026 00:40:32.044] [main/INFO] [net.neoforged.fml.loading.moddiscovery.ModDiscoverer/SCAN]: Found mod file "netherportalfix-neoforge-1.21.1-21.1.1.jar" [locator: {mods folder locator at /home/container/mods}, reader: mod manifest]
[04Apr2026 00:40:32.044] [main/INFO] [net.neoforged.fml.loading.moddiscovery.ModDiscoverer/SCAN]: Found mod file "noisium-neoforge-2.7.0+mc1.21-1.21.1.jar" [locator: {mods folder locator at /home/container/mods}, reader: mod manifest]
[04Apr2026 00:40:32.045] [main/INFO] [net.neoforged.fml.loading.moddiscovery.ModDiscoverer/SCAN]: Found mod file "nolijium-0.5.6.jar" [locator: {mods folder locator at /home/container/mods}, reader: mod manifest]
[04Apr2026 00:40:32.045] [main/INFO] [net.neoforged.fml.loading.moddiscovery.ModDiscoverer/SCAN]: Found mod file "Not Enough Recipe Book-NEOFORGE-0.4.3+1.21.jar" [locator: {mods folder locator at /home/container/mods}, reader: mod manifest]
[04Apr2026 00:40:32.046] [main/INFO] [net.neoforged.fml.loading.moddiscovery.ModDiscoverer/SCAN]: Found mod file "notenoughcrashes-neoforge-4.4.9+1.21.1.jar" [locator: {mods folder locator at /home/container/mods}, reader: mod manifest]
[04Apr2026 00:40:32.047] [main/INFO] [net.neoforged.fml.loading.moddiscovery.ModDiscoverer/SCAN]: Found mod file "Nullscape_1.21.x_v1.2.14.jar" [locator: {mods folder locator at /home/container/mods}, reader: mod manifest]
[04Apr2026 00:40:32.048] [main/INFO] [net.neoforged.fml.loading.moddiscovery.ModDiscoverer/SCAN]: Found mod file "nyctography-neoforge-1.21.1-21.1.6.jar" [locator: {mods folder locator at /home/container/mods}, reader: mod manifest]
[04Apr2026 00:40:32.048] [main/INFO] [net.neoforged.fml.loading.moddiscovery.ModDiscoverer/SCAN]: Found mod file "observable-5.4.4.jar" [locator: {mods folder locator at /home/container/mods}, reader: mod manifest]
[04Apr2026 00:40:32.049] [main/INFO] [net.neoforged.fml.loading.moddiscovery.ModDiscoverer/SCAN]: Found mod file "OctoLib-NEOFORGE-0.6.1+1.21.jar" [locator: {mods folder locator at /home/container/mods}, reader: mod manifest]
[04Apr2026 00:40:32.051] [main/INFO] [net.neoforged.fml.loading.moddiscovery.ModDiscoverer/SCAN]: Found mod file "Oh-The-Biomes-Weve-Gone-NeoForge-2.5.5.jar" [locator: {mods folder locator at /home/container/mods}, reader: mod manifest]
[04Apr2026 00:40:32.052] [main/INFO] [net.neoforged.fml.loading.moddiscovery.ModDiscoverer/SCAN]: Found mod file "Oh-The-Trees-Youll-Grow-neoforge-1.21.1-5.2.1.jar" [locator: {mods folder locator at /home/container/mods}, reader: mod manifest]
[04Apr2026 00:40:32.053] [main/INFO] [net.neoforged.fml.loading.moddiscovery.ModDiscoverer/SCAN]: Found mod file "ok_zoomer-neo-10.0.0-beta.13.jar" [locator: {mods folder locator at /home/container/mods}, reader: mod manifest]
[04Apr2026 00:40:32.053] [main/INFO] [net.neoforged.fml.loading.moddiscovery.ModDiscoverer/SCAN]: Found mod file "onlypaxel-1.21.1-0.3.jar" [locator: {mods folder locator at /home/container/mods}, reader: mod manifest]
[04Apr2026 00:40:32.055] [main/INFO] [net.neoforged.fml.loading.moddiscovery.ModDiscoverer/SCAN]: Found mod file "oritech-neoforge-1.21.1-1.1.0.jar" [locator: {mods folder locator at /home/container/mods}, reader: mod manifest]
[04Apr2026 00:40:32.056] [main/INFO] [net.neoforged.fml.loading.moddiscovery.ModDiscoverer/SCAN]: Found mod file "oritechthings-0.0.41.jar" [locator: {mods folder locator at /home/container/mods}, reader: mod manifest]
[04Apr2026 00:40:32.056] [main/INFO] [net.neoforged.fml.loading.moddiscovery.ModDiscoverer/SCAN]: Found mod file "OverflowingBars-v21.1.1-1.21.1-NeoForge.jar" [locator: {mods folder locator at /home/container/mods}, reader: mod manifest]
[04Apr2026 00:40:32.057] [main/INFO] [net.neoforged.fml.loading.moddiscovery.ModDiscoverer/SCAN]: Found mod file "owo-lib-neoforge-0.12.15.5-beta.1+1.21.jar" [locator: {mods folder locator at /home/container/mods}, reader: mod manifest]
[04Apr2026 00:40:32.058] [main/INFO] [net.neoforged.fml.loading.moddiscovery.ModDiscoverer/SCAN]: Found mod file "PackingTape-1.21.1-0.15.6.jar" [locator: {mods folder locator at /home/container/mods}, reader: mod manifest]
[04Apr2026 00:40:32.059] [main/INFO] [net.neoforged.fml.loading.moddiscovery.ModDiscoverer/SCAN]: Found mod file "paintings-neoforge-1.21.1-14.0.1.jar" [locator: {mods folder locator at /home/container/mods}, reader: mod manifest]
[04Apr2026 00:40:32.060] [main/INFO] [net.neoforged.fml.loading.moddiscovery.ModDiscoverer/SCAN]: Found mod file "particular-1.21.1-NeoForge-1.1.7.jar" [locator: {mods folder locator at /home/container/mods}, reader: mod manifest]
[04Apr2026 00:40:32.060] [main/INFO] [net.neoforged.fml.loading.moddiscovery.ModDiscoverer/SCAN]: Found mod file "Patchouli-1.21.1-93-NEOFORGE.jar" [locator: {mods folder locator at /home/container/mods}, reader: mod manifest]
[04Apr2026 00:40:32.061] [main/INFO] [net.neoforged.fml.loading.moddiscovery.ModDiscoverer/SCAN]: Found mod file "pigpen-neoforge-1.21.1-21.1.4.jar" [locator: {mods folder locator at /home/container/mods}, reader: mod manifest]
[04Apr2026 00:40:32.062] [main/INFO] [net.neoforged.fml.loading.moddiscovery.ModDiscoverer/SCAN]: Found mod file "pipeorgans-0.8.2+1.21.1.jar" [locator: {mods folder locator at /home/container/mods}, reader: mod manifest]
[04Apr2026 00:40:32.062] [main/INFO] [net.neoforged.fml.loading.moddiscovery.ModDiscoverer/SCAN]: Found mod file "pipez-neoforge-1.21.1-1.2.19.jar" [locator: {mods folder locator at /home/container/mods}, reader: mod manifest]
[04Apr2026 00:40:32.063] [main/INFO] [net.neoforged.fml.loading.moddiscovery.ModDiscoverer/SCAN]: Found mod file "Placebo-1.21.1-9.9.1.jar" [locator: {mods folder locator at /home/container/mods}, reader: mod manifest]
[04Apr2026 00:40:32.063] [main/INFO] [net.neoforged.fml.loading.moddiscovery.ModDiscoverer/SCAN]: Found mod file "player-animation-lib-forge-2.0.4+1.21.1.jar" [locator: {mods folder locator at /home/container/mods}, reader: mod manifest]
[04Apr2026 00:40:32.064] [main/INFO] [net.neoforged.fml.loading.moddiscovery.ModDiscoverer/SCAN]: Found mod file "PlayerAnimationLibNeoforge-1.1.4+mc.1.21.1.jar" [locator: {mods folder locator at /home/container/mods}, reader: mod manifest]
[04Apr2026 00:40:32.065] [main/INFO] [net.neoforged.fml.loading.moddiscovery.ModDiscoverer/SCAN]: Found mod file "pneumaticcraft-repressurized-8.2.15+mc1.21.1.jar" [locator: {mods folder locator at /home/container/mods}, reader: mod manifest]
[04Apr2026 00:40:32.066] [main/INFO] [net.neoforged.fml.loading.moddiscovery.ModDiscoverer/SCAN]: Found mod file "polyeng-0.4.1.jar" [locator: {mods folder locator at /home/container/mods}, reader: mod manifest]
[04Apr2026 00:40:32.067] [main/INFO] [net.neoforged.fml.loading.moddiscovery.ModDiscoverer/SCAN]: Found mod file "polylib-2100.1.0-build.183-neoforge.jar" [locator: {mods folder locator at /home/container/mods}, reader: mod manifest]
[04Apr2026 00:40:32.067] [main/INFO] [net.neoforged.fml.loading.moddiscovery.ModDiscoverer/SCAN]: Found mod file "polymorph-neoforge-1.1.0+1.21.1.jar" [locator: {mods folder locator at /home/container/mods}, reader: mod manifest]
[04Apr2026 00:40:32.068] [main/INFO] [net.neoforged.fml.loading.moddiscovery.ModDiscoverer/SCAN]: Found mod file "potentials-neoforge-1.21-0.7.1.jar" [locator: {mods folder locator at /home/container/mods}, reader: mod manifest]
[04Apr2026 00:40:32.069] [main/INFO] [net.neoforged.fml.loading.moddiscovery.ModDiscoverer/SCAN]: Found mod file "Powah-6.2.8.jar" [locator: {mods folder locator at /home/container/mods}, reader: mod manifest]
[04Apr2026 00:40:32.069] [main/INFO] [net.neoforged.fml.loading.moddiscovery.ModDiscoverer/SCAN]: Found mod file "prickle-neoforge-1.21.1-21.1.11.jar" [locator: {mods folder locator at /home/container/mods}, reader: mod manifest]
[04Apr2026 00:40:32.070] [main/INFO] [net.neoforged.fml.loading.moddiscovery.ModDiscoverer/SCAN]: Found mod file "PuzzlesLib-v21.1.39-1.21.1-NeoForge.jar" [locator: {mods folder locator at /home/container/mods}, reader: mod manifest]
[04Apr2026 00:40:32.071] [main/INFO] [net.neoforged.fml.loading.moddiscovery.ModDiscoverer/SCAN]: Found mod file "pylons-1.21.1-5.4.2.jar" [locator: {mods folder locator at /home/container/mods}, reader: mod manifest]
[04Apr2026 00:40:32.074] [main/INFO] [net.neoforged.fml.loading.moddiscovery.ModDiscoverer/SCAN]: Found mod file "railways-0.1.0+neoforge-mc1.21.1.jar" [locator: {mods folder locator at /home/container/mods}, reader: mod manifest]
[04Apr2026 00:40:32.075] [main/INFO] [net.neoforged.fml.loading.moddiscovery.ModDiscoverer/SCAN]: Found mod file "ranged_weapon_api-neoforge-2.3.3+1.21.1.jar" [locator: {mods folder locator at /home/container/mods}, reader: mod manifest]
[04Apr2026 00:40:32.079] [main/INFO] [net.neoforged.fml.loading.moddiscovery.ModDiscoverer/SCAN]: Found mod file "rechiseled-1.2.4-neoforge-mc1.21.jar" [locator: {mods folder locator at /home/container/mods}, reader: mod manifest]
[04Apr2026 00:40:32.080] [main/INFO] [net.neoforged.fml.loading.moddiscovery.ModDiscoverer/SCAN]: Found mod file "rechiseled_chipped-2.0-1.21.1.jar" [locator: {mods folder locator at /home/container/mods}, reader: mod manifest]
[04Apr2026 00:40:32.081] [main/INFO] [net.neoforged.fml.loading.moddiscovery.ModDiscoverer/SCAN]: Found mod file "rechiseledcreate-1.1.0-neoforge-mc1.21.jar" [locator: {mods folder locator at /home/container/mods}, reader: mod manifest]
[04Apr2026 00:40:32.081] [main/INFO] [net.neoforged.fml.loading.moddiscovery.ModDiscoverer/SCAN]: Found mod file "reeses-sodium-options-neoforge-1.8.3+mc1.21.4.jar" [locator: {mods folder locator at /home/container/mods}, reader: mod manifest]
[04Apr2026 00:40:32.082] [main/INFO] [net.neoforged.fml.loading.moddiscovery.ModDiscoverer/SCAN]: Found mod file "resourcefulconfig-neoforge-1.21-3.0.11.jar" [locator: {mods folder locator at /home/container/mods}, reader: mod manifest]
[04Apr2026 00:40:32.082] [main/INFO] [net.neoforged.fml.loading.moddiscovery.ModDiscoverer/SCAN]: Found mod file "resourcefullib-neoforge-1.21-3.0.12.jar" [locator: {mods folder locator at /home/container/mods}, reader: mod manifest]
[04Apr2026 00:40:32.083] [main/INFO] [net.neoforged.fml.loading.moddiscovery.ModDiscoverer/SCAN]: Found mod file "rftoolsbase-1.21-6.0.10.jar" [locator: {mods folder locator at /home/container/mods}, reader: mod manifest]
[04Apr2026 00:40:32.084] [main/INFO] [net.neoforged.fml.loading.moddiscovery.ModDiscoverer/SCAN]: Found mod file "rftoolsbuilder-1.21-7.0.4.jar" [locator: {mods folder locator at /home/container/mods}, reader: mod manifest]
[04Apr2026 00:40:32.084] [main/INFO] [net.neoforged.fml.loading.moddiscovery.ModDiscoverer/SCAN]: Found mod file "rftoolspower-1.21-7.0.5.jar" [locator: {mods folder locator at /home/container/mods}, reader: mod manifest]
[04Apr2026 00:40:32.085] [main/INFO] [net.neoforged.fml.loading.moddiscovery.ModDiscoverer/SCAN]: Found mod file "rftoolsutility-1.21-7.0.11.jar" [locator: {mods folder locator at /home/container/mods}, reader: mod manifest]
[04Apr2026 00:40:32.085] [main/INFO] [net.neoforged.fml.loading.moddiscovery.ModDiscoverer/SCAN]: Found mod file "rhino-2101.2.7-build.81.jar" [locator: {mods folder locator at /home/container/mods}, reader: mod manifest]
[04Apr2026 00:40:32.086] [main/INFO] [net.neoforged.fml.loading.moddiscovery.ModDiscoverer/SCAN]: Found mod file "rightclickharvest-neoforge-4.6.1+1.21.1.jar" [locator: {mods folder locator at /home/container/mods}, reader: mod manifest]
[04Apr2026 00:40:32.087] [main/INFO] [net.neoforged.fml.loading.moddiscovery.ModDiscoverer/SCAN]: Found mod file "runelic-neoforge-1.21.1-21.1.5.jar" [locator: {mods folder locator at /home/container/mods}, reader: mod manifest]
[04Apr2026 00:40:32.087] [main/INFO] [net.neoforged.fml.loading.moddiscovery.ModDiscoverer/SCAN]: Found mod file "saturn-mc1.21.1-0.1.5.jar" [locator: {mods folder locator at /home/container/mods}, reader: mod manifest]
[04Apr2026 00:40:32.088] [main/INFO] [net.neoforged.fml.loading.moddiscovery.ModDiscoverer/SCAN]: Found mod file "Searchables-neoforge-1.21.1-1.0.2.jar" [locator: {mods folder locator at /home/container/mods}, reader: mod manifest]
[04Apr2026 00:40:32.088] [main/INFO] [net.neoforged.fml.loading.moddiscovery.ModDiscoverer/SCAN]: Found mod file "SereneSeasons-neoforge-1.21.1-10.1.0.3.jar" [locator: {mods folder locator at /home/container/mods}, reader: mod manifest]
[04Apr2026 00:40:32.089] [main/INFO] [net.neoforged.fml.loading.moddiscovery.ModDiscoverer/SCAN]: Found mod file "shield_api-neoforge-2.2.0.jar" [locator: {mods folder locator at /home/container/mods}, reader: mod manifest]
[04Apr2026 00:40:32.089] [main/INFO] [net.neoforged.fml.loading.moddiscovery.ModDiscoverer/SCAN]: Found mod file "simplemagnets-1.1.12c-neoforge-mc1.21.jar" [locator: {mods folder locator at /home/container/mods}, reader: mod manifest]
[04Apr2026 00:40:32.090] [main/INFO] [net.neoforged.fml.loading.moddiscovery.ModDiscoverer/SCAN]: Found mod file "sliceanddice-forge-4.2.4.jar" [locator: {mods folder locator at /home/container/mods}, reader: mod manifest]
[04Apr2026 00:40:32.090] [main/INFO] [net.neoforged.fml.loading.moddiscovery.ModDiscoverer/SCAN]: Found mod file "SmartBrainLib-neoforge-1.21.1-1.16.11.jar" [locator: {mods folder locator at /home/container/mods}, reader: mod manifest]
[04Apr2026 00:40:32.091] [main/INFO] [net.neoforged.fml.loading.moddiscovery.ModDiscoverer/SCAN]: Found mod file "smoothchunk-1.21-4.1.jar" [locator: {mods folder locator at /home/container/mods}, reader: mod manifest]
[04Apr2026 00:40:32.091] [main/INFO] [net.neoforged.fml.loading.moddiscovery.ModDiscoverer/SCAN]: Found mod file "Snad-21.1.1.jar" [locator: {mods folder locator at /home/container/mods}, reader: mod manifest]
[04Apr2026 00:40:32.092] [main/INFO] [net.neoforged.fml.loading.moddiscovery.ModDiscoverer/SCAN]: Found mod file "sophisticatedbackpacks-1.21.1-3.25.35.1613.jar" [locator: {mods folder locator at /home/container/mods}, reader: mod manifest]
[04Apr2026 00:40:32.093] [main/INFO] [net.neoforged.fml.loading.moddiscovery.ModDiscoverer/SCAN]: Found mod file "sophisticatedcore-1.21.1-1.4.13.1573.jar" [locator: {mods folder locator at /home/container/mods}, reader: mod manifest]
[04Apr2026 00:40:32.093] [main/INFO] [net.neoforged.fml.loading.moddiscovery.ModDiscoverer/SCAN]: Found mod file "sophisticatedstorage-1.21.1-1.5.31.1549.jar" [locator: {mods folder locator at /home/container/mods}, reader: mod manifest]
[04Apr2026 00:40:32.094] [main/INFO] [net.neoforged.fml.loading.moddiscovery.ModDiscoverer/SCAN]: Found mod file "spark-1.10.124-neoforge.jar" [locator: {mods folder locator at /home/container/mods}, reader: mod manifest]
[04Apr2026 00:40:32.095] [main/INFO] [net.neoforged.fml.loading.moddiscovery.ModDiscoverer/SCAN]: Found mod file "Sparkweave-NeoForge-0.510.0.jar" [locator: {mods folder locator at /home/container/mods}, reader: mod manifest]
[04Apr2026 00:40:32.096] [main/INFO] [net.neoforged.fml.loading.moddiscovery.ModDiscoverer/SCAN]: Found mod file "spell_engine-neoforge-1.9.9+1.21.1.jar" [locator: {mods folder locator at /home/container/mods}, reader: mod manifest]
[04Apr2026 00:40:32.096] [main/INFO] [net.neoforged.fml.loading.moddiscovery.ModDiscoverer/SCAN]: Found mod file "spell_power-neoforge-1.4.6+1.21.1.jar" [locator: {mods folder locator at /home/container/mods}, reader: mod manifest]
[04Apr2026 00:40:32.097] [main/INFO] [net.neoforged.fml.loading.moddiscovery.ModDiscoverer/SCAN]: Found mod file "stellaris-1.21-neoforge-1.4.21.jar" [locator: {mods folder locator at /home/container/mods}, reader: mod manifest]
[04Apr2026 00:40:32.098] [main/INFO] [net.neoforged.fml.loading.moddiscovery.ModDiscoverer/SCAN]: Found mod file "StorageDrawers-neoforge-1.21.1-13.11.4.jar" [locator: {mods folder locator at /home/container/mods}, reader: mod manifest]
[04Apr2026 00:40:32.098] [main/INFO] [net.neoforged.fml.loading.moddiscovery.ModDiscoverer/SCAN]: Found mod file "Structory_26.1_v1.3.16.jar" [locator: {mods folder locator at /home/container/mods}, reader: mod manifest]
[04Apr2026 00:40:32.099] [main/INFO] [net.neoforged.fml.loading.moddiscovery.ModDiscoverer/SCAN]: Found mod file "structureessentials-1.21.1-4.8.jar" [locator: {mods folder locator at /home/container/mods}, reader: mod manifest]
[04Apr2026 00:40:32.100] [main/INFO] [net.neoforged.fml.loading.moddiscovery.ModDiscoverer/SCAN]: Found mod file "supermartijn642configlib-1.1.8-neoforge-mc1.21.jar" [locator: {mods folder locator at /home/container/mods}, reader: mod manifest]
[04Apr2026 00:40:32.100] [main/INFO] [net.neoforged.fml.loading.moddiscovery.ModDiscoverer/SCAN]: Found mod file "supermartijn642corelib-1.1.21-neoforge-mc1.21.jar" [locator: {mods folder locator at /home/container/mods}, reader: mod manifest]
[04Apr2026 00:40:32.101] [main/INFO] [net.neoforged.fml.loading.moddiscovery.ModDiscoverer/SCAN]: Found mod file "tectonic-3.0.21-neoforge-21.1.jar" [locator: {mods folder locator at /home/container/mods}, reader: mod manifest]
[04Apr2026 00:40:32.101] [main/INFO] [net.neoforged.fml.loading.moddiscovery.ModDiscoverer/SCAN]: Found mod file "tenshilib-1.21.1-2.2.5-neoforge.jar" [locator: {mods folder locator at /home/container/mods}, reader: mod manifest]
[04Apr2026 00:40:32.102] [main/INFO] [net.neoforged.fml.loading.moddiscovery.ModDiscoverer/SCAN]: Found mod file "TerraBlender-neoforge-1.21.1-4.1.0.8.jar" [locator: {mods folder locator at /home/container/mods}, reader: mod manifest]
[04Apr2026 00:40:32.103] [main/INFO] [net.neoforged.fml.loading.moddiscovery.ModDiscoverer/SCAN]: Found mod file "tfmg-1.2.0.jar" [locator: {mods folder locator at /home/container/mods}, reader: mod manifest]
[04Apr2026 00:40:32.104] [main/INFO] [net.neoforged.fml.loading.moddiscovery.ModDiscoverer/SCAN]: Found mod file "tiab-neoforge-6.5.4.jar" [locator: {mods folder locator at /home/container/mods}, reader: mod manifest]
[04Apr2026 00:40:32.105] [main/INFO] [net.neoforged.fml.loading.moddiscovery.ModDiscoverer/SCAN]: Found mod file "titanium-1.21-4.0.37.jar" [locator: {mods folder locator at /home/container/mods}, reader: mod manifest]
[04Apr2026 00:40:32.105] [main/INFO] [net.neoforged.fml.loading.moddiscovery.ModDiscoverer/SCAN]: Found mod file "tombstone-neoforge-1.21.1-9.4.8.jar" [locator: {mods folder locator at /home/container/mods}, reader: mod manifest]
[04Apr2026 00:40:32.106] [main/INFO] [net.neoforged.fml.loading.moddiscovery.ModDiscoverer/SCAN]: Found mod file "toofast-1.21.0-0.4.3.6.jar" [locator: {mods folder locator at /home/container/mods}, reader: mod manifest]
[04Apr2026 00:40:32.106] [main/INFO] [net.neoforged.fml.loading.moddiscovery.ModDiscoverer/SCAN]: Found mod file "torchmaster-neoforge-1.21.1-21.1.9.jar" [locator: {mods folder locator at /home/container/mods}, reader: mod manifest]
[04Apr2026 00:40:32.107] [main/INFO] [net.neoforged.fml.loading.moddiscovery.ModDiscoverer/SCAN]: Found mod file "ToughAsNails-neoforge-1.21.1-10.1.0.13.jar" [locator: {mods folder locator at /home/container/mods}, reader: mod manifest]
[04Apr2026 00:40:32.107] [main/INFO] [net.neoforged.fml.loading.moddiscovery.ModDiscoverer/SCAN]: Found mod file "trade-cycling-neoforge-1.21.1-1.0.18.jar" [locator: {mods folder locator at /home/container/mods}, reader: mod manifest]
[04Apr2026 00:40:32.108] [main/INFO] [net.neoforged.fml.loading.moddiscovery.ModDiscoverer/SCAN]: Found mod file "transparent-neoforge-21.1.0.jar" [locator: {mods folder locator at /home/container/mods}, reader: mod manifest]
[04Apr2026 00:40:32.108] [main/INFO] [net.neoforged.fml.loading.moddiscovery.ModDiscoverer/SCAN]: Found mod file "trashcans-1.0.18c-neoforge-mc1.21.jar" [locator: {mods folder locator at /home/container/mods}, reader: mod manifest]
[04Apr2026 00:40:32.109] [main/INFO] [net.neoforged.fml.loading.moddiscovery.ModDiscoverer/SCAN]: Found mod file "trashslot-neoforge-1.21.1-21.1.6.jar" [locator: {mods folder locator at /home/container/mods}, reader: mod manifest]
[04Apr2026 00:40:32.112] [main/INFO] [net.neoforged.fml.loading.moddiscovery.ModDiscoverer/SCAN]: Found mod file "twilightforest-1.21.1-4.8.3345-universal.jar" [locator: {mods folder locator at /home/container/mods}, reader: mod manifest]
[04Apr2026 00:40:32.112] [main/INFO] [net.neoforged.fml.loading.moddiscovery.ModDiscoverer/SCAN]: Found mod file "txnilib-neoforge-1.0.24-1.21.1.jar" [locator: {mods folder locator at /home/container/mods}, reader: mod manifest]
[04Apr2026 00:40:32.113] [main/INFO] [net.neoforged.fml.loading.moddiscovery.ModDiscoverer/SCAN]: Found mod file "uranus-2.4-1.21.1-neoforge.jar" [locator: {mods folder locator at /home/container/mods}, reader: mod manifest]
[04Apr2026 00:40:32.113] [main/INFO] [net.neoforged.fml.loading.moddiscovery.ModDiscoverer/SCAN]: Found mod file "valhelsia_core-neoforge-1.21.1-1.1.5.jar" [locator: {mods folder locator at /home/container/mods}, reader: mod manifest]
[04Apr2026 00:40:32.114] [main/INFO] [net.neoforged.fml.loading.moddiscovery.ModDiscoverer/SCAN]: Found mod file "voicechat-neoforge-1.21.1-2.6.12.jar" [locator: {mods folder locator at /home/container/mods}, reader: mod manifest]
[04Apr2026 00:40:32.114] [main/INFO] [net.neoforged.fml.loading.moddiscovery.ModDiscoverer/SCAN]: Found mod file "waystones-neoforge-1.21.1-21.1.29.jar" [locator: {mods folder locator at /home/container/mods}, reader: mod manifest]
[04Apr2026 00:40:32.115] [main/INFO] [net.neoforged.fml.loading.moddiscovery.ModDiscoverer/SCAN]: Found mod file "xnet-1.21-7.0.6.jar" [locator: {mods folder locator at /home/container/mods}, reader: mod manifest]
[04Apr2026 00:40:32.116] [main/INFO] [net.neoforged.fml.loading.moddiscovery.ModDiscoverer/SCAN]: Found mod file "xtonesreworked-1.1.1-1.21.1.jar" [locator: {mods folder locator at /home/container/mods}, reader: mod manifest]
[04Apr2026 00:40:32.117] [main/INFO] [net.neoforged.fml.loading.moddiscovery.ModDiscoverer/SCAN]: Found mod file "YungsApi-1.21.1-NeoForge-5.1.6.jar" [locator: {mods folder locator at /home/container/mods}, reader: mod manifest]
[04Apr2026 00:40:32.117] [main/INFO] [net.neoforged.fml.loading.moddiscovery.ModDiscoverer/SCAN]: Found mod file "YungsBetterCaves-1.21.1-NeoForge-3.1.4.jar" [locator: {mods folder locator at /home/container/mods}, reader: mod manifest]
[04Apr2026 00:40:32.118] [main/INFO] [net.neoforged.fml.loading.moddiscovery.ModDiscoverer/SCAN]: Found mod file "YungsBetterDungeons-1.21.1-NeoForge-5.1.4.jar" [locator: {mods folder locator at /home/container/mods}, reader: mod manifest]
[04Apr2026 00:40:32.118] [main/INFO] [net.neoforged.fml.loading.moddiscovery.ModDiscoverer/SCAN]: Found mod file "YungsBetterJungleTemples-1.21.1-NeoForge-3.1.2.jar" [locator: {mods folder locator at /home/container/mods}, reader: mod manifest]
[04Apr2026 00:40:32.119] [main/INFO] [net.neoforged.fml.loading.moddiscovery.ModDiscoverer/SCAN]: Found mod file "YungsBetterStrongholds-1.21.1-NeoForge-5.1.3.jar" [locator: {mods folder locator at /home/container/mods}, reader: mod manifest]
[04Apr2026 00:40:32.119] [main/INFO] [net.neoforged.fml.loading.moddiscovery.ModDiscoverer/SCAN]: Found mod file "YungsBetterWitchHuts-1.21.1-NeoForge-4.1.1.jar" [locator: {mods folder locator at /home/container/mods}, reader: mod manifest]
[04Apr2026 00:40:32.120] [main/INFO] [net.neoforged.fml.loading.moddiscovery.ModDiscoverer/SCAN]: Found mod file "YungsBridges-1.21.1-NeoForge-5.1.1.jar" [locator: {mods folder locator at /home/container/mods}, reader: mod manifest]
[04Apr2026 00:40:32.121] [main/INFO] [net.neoforged.fml.loading.moddiscovery.ModDiscoverer/SCAN]: Found mod file "ZeroCore2-1.21.1-2.4.21.jar" [locator: {mods folder locator at /home/container/mods}, reader: mod manifest]
[04Apr2026 00:40:32.926] [main/WARN] [net.neoforged.jarjar.selection.JarSelector/]: Attempted to select a dependency jar for JarJar which was passed in as source: playeranimator. Using Mod File: /home/container/mods/player-animation-lib-forge-2.0.4+1.21.1.jar
[04Apr2026 00:40:32.926] [main/WARN] [net.neoforged.jarjar.selection.JarSelector/]: Attempted to select a dependency jar for JarJar which was passed in as source: architectury. Using Mod File: /home/container/mods/architectury-13.0.8-neoforge.jar
[04Apr2026 00:40:32.926] [main/WARN] [net.neoforged.jarjar.selection.JarSelector/]: Attempted to select a dependency jar for JarJar which was passed in as source: commonnetworking. Using Mod File: /home/container/mods/common-networking-neoforge-1.0.21-1.21.1.jar
[04Apr2026 00:40:32.926] [main/WARN] [net.neoforged.jarjar.selection.JarSelector/]: Attempted to select a dependency jar for JarJar which was passed in as source: shield_api. Using Mod File: /home/container/mods/shield_api-neoforge-2.2.0.jar
[04Apr2026 00:40:32.926] [main/INFO] [net.neoforged.fml.loading.moddiscovery.locators.JarInJarDependencyLocator/]: Found 154 dependencies adding them to mods collection
[04Apr2026 00:40:32.927] [main/INFO] [net.neoforged.fml.loading.moddiscovery.ModDiscoverer/SCAN]: Found gamelibrary file "Quack-0.4.10.115.jar" [parent: CodeChickenLib-1.21.1-4.6.1.526.jar, locator: jarinjar, reader: mod manifest]
[04Apr2026 00:40:32.927] [main/INFO] [net.neoforged.fml.loading.moddiscovery.ModDiscoverer/SCAN]: Found mod file "c2me-fixes-worldgen-threading-issues-mc1.21.1-0.3.0+alpha.0.90.jar" [parent: c2me-neoforge-mc1.21.1-0.3.0+alpha.0.90.jar, locator: jarinjar, reader: mod manifest]
[04Apr2026 00:40:32.927] [main/INFO] [net.neoforged.fml.loading.moddiscovery.ModDiscoverer/SCAN]: Found mod file "sky-aesthetics-neoforge-1.21-2.0.12-beta.jar" [parent: stellaris-1.21-neoforge-1.4.21.jar, locator: jarinjar, reader: mod manifest]
[04Apr2026 00:40:32.927] [main/INFO] [net.neoforged.fml.loading.moddiscovery.ModDiscoverer/SCAN]: Found mod file "kuma-api-neoforge-21.0.7+1.21.jar" [parent: balm-neoforge-1.21.1-21.0.56.jar, locator: jarinjar, reader: mod manifest]
[04Apr2026 00:40:32.927] [main/INFO] [net.neoforged.fml.loading.moddiscovery.ModDiscoverer/SCAN]: Found mod file "fabric-renderer-api-v1-3.4.1+9125b6dc19.jar" [parent: forgified-fabric-api-0.116.7+2.2.4+1.21.1.jar, locator: jarinjar, reader: mod manifest]
[04Apr2026 00:40:32.927] [main/INFO] [net.neoforged.fml.loading.moddiscovery.ModDiscoverer/SCAN]: Found library file "BlockModelSplitter-2.0.1.jar" [parent: ImmersiveEngineering-1.21.1-12.4.2-194.jar, locator: jarinjar, reader: mod manifest]
[04Apr2026 00:40:32.927] [main/INFO] [net.neoforged.fml.loading.moddiscovery.ModDiscoverer/SCAN]: Found mod file "ponder-neoforge-1.0.81+mc1.21.1.jar" [parent: create-1.21.1-6.0.9.jar, locator: jarinjar, reader: mod manifest]
[04Apr2026 00:40:32.927] [main/INFO] [net.neoforged.fml.loading.moddiscovery.ModDiscoverer/SCAN]: Found mod file "c2me-rewrites-chunk-serializer-mc1.21.1-0.3.0+alpha.0.90.jar" [parent: c2me-neoforge-mc1.21.1-0.3.0+alpha.0.90.jar, locator: jarinjar, reader: mod manifest]
[04Apr2026 00:40:32.927] [main/INFO] [net.neoforged.fml.loading.moddiscovery.ModDiscoverer/SCAN]: Found mod file "fabric-item-api-v1-11.2.0+0c57911319.jar" [parent: forgified-fabric-api-0.116.7+2.2.4+1.21.1.jar, locator: jarinjar, reader: mod manifest]
[04Apr2026 00:40:32.927] [main/INFO] [net.neoforged.fml.loading.moddiscovery.ModDiscoverer/SCAN]: Found mod file "fabric-rendering-fluids-v1-3.1.6+a51883b219.jar" [parent: forgified-fabric-api-0.116.7+2.2.4+1.21.1.jar, locator: jarinjar, reader: mod manifest]
[04Apr2026 00:40:32.927] [main/INFO] [net.neoforged.fml.loading.moddiscovery.ModDiscoverer/SCAN]: Found library file "github-api-1.318.jar" [parent: Neruina-2.2.11-neoforge+1.21.jar, locator: jarinjar]
[04Apr2026 00:40:32.928] [main/INFO] [net.neoforged.fml.loading.moddiscovery.ModDiscoverer/SCAN]: Found library file "MixinSquared-0.3.3.jar" [parent: mixinsquared-neoforge-0.3.3.jar, locator: jarinjar]
[04Apr2026 00:40:32.928] [main/INFO] [net.neoforged.fml.loading.moddiscovery.ModDiscoverer/SCAN]: Found library file "appdirs-1.2.1.jar" [parent: Sparkweave-NeoForge-0.510.0.jar, locator: jarinjar]
[04Apr2026 00:40:32.928] [main/INFO] [net.neoforged.fml.loading.moddiscovery.ModDiscoverer/SCAN]: Found mod file "c2me-opts-natives-math-mc1.21.1-0.3.0+alpha.0.90.jar" [parent: c2me-neoforge-mc1.21.1-0.3.0+alpha.0.90.jar, locator: jarinjar, reader: mod manifest]
[04Apr2026 00:40:32.928] [main/INFO] [net.neoforged.fml.loading.moddiscovery.ModDiscoverer/SCAN]: Found gamelibrary file "yumi-commons-collections-1.0.0.jar" [parent: yumi-mc-foundation-1.0.0-beta.1+1.21.1-mojmap.jar, locator: jarinjar, reader: mod manifest]
[04Apr2026 00:40:32.928] [main/INFO] [net.neoforged.fml.loading.moddiscovery.ModDiscoverer/SCAN]: Found mod file "com.enderio.endercore-8.2.5-beta.jar" [parent: enderio-8.2.5-beta.jar, locator: jarinjar, reader: mod manifest]
[04Apr2026 00:40:32.928] [main/INFO] [net.neoforged.fml.loading.moddiscovery.ModDiscoverer/SCAN]: Found mod file "c2me-fixes-general-threading-issues-mc1.21.1-0.3.0+alpha.0.90.jar" [parent: c2me-neoforge-mc1.21.1-0.3.0+alpha.0.90.jar, locator: jarinjar, reader: mod manifest]
[04Apr2026 00:40:32.928] [main/INFO] [net.neoforged.fml.loading.moddiscovery.ModDiscoverer/SCAN]: Found library file "netty-0.1.4.1.jar" [parent: owo-lib-neoforge-0.12.15.5-beta.1+1.21.jar, locator: jarinjar]
[04Apr2026 00:40:32.928] [main/INFO] [net.neoforged.fml.loading.moddiscovery.ModDiscoverer/SCAN]: Found gamelibrary file "core-0.2.32.jar" [parent: compactmachines-neoforge-7.0.81.jar, locator: jarinjar, reader: mod manifest]
[04Apr2026 00:40:32.928] [main/INFO] [net.neoforged.fml.loading.moddiscovery.ModDiscoverer/SCAN]: Found mod file "fabric-convention-tags-v1-2.1.5+7f945d5b19.jar" [parent: forgified-fabric-api-0.116.7+2.2.4+1.21.1.jar, locator: jarinjar, reader: mod manifest]
[04Apr2026 00:40:32.928] [main/INFO] [net.neoforged.fml.loading.moddiscovery.ModDiscoverer/SCAN]: Found library file "endec-0.1.8.1.jar" [parent: owo-lib-neoforge-0.12.15.5-beta.1+1.21.jar, locator: jarinjar]
[04Apr2026 00:40:32.928] [main/INFO] [net.neoforged.fml.loading.moddiscovery.ModDiscoverer/SCAN]: Found library file "kotlinx-coroutines-core-jvm-1.10.2.jar" [parent: kotlinforforge-5.11.0-all.jar, locator: jarinjar]
[04Apr2026 00:40:32.928] [main/INFO] [net.neoforged.fml.loading.moddiscovery.ModDiscoverer/SCAN]: Found mod file "fabric-block-view-api-v2-1.0.11+e9036fd419.jar" [parent: forgified-fabric-api-0.116.7+2.2.4+1.21.1.jar, locator: jarinjar, reader: mod manifest]
[04Apr2026 00:40:32.929] [main/INFO] [net.neoforged.fml.loading.moddiscovery.ModDiscoverer/SCAN]: Found mod file "fabric-command-api-v2-2.2.28+36d727be19.jar" [parent: forgified-fabric-api-0.116.7+2.2.4+1.21.1.jar, locator: jarinjar, reader: mod manifest]
[04Apr2026 00:40:32.929] [main/INFO] [net.neoforged.fml.loading.moddiscovery.ModDiscoverer/SCAN]: Found mod file "fabric-convention-tags-v2-2.11.1+87e5848019.jar" [parent: forgified-fabric-api-0.116.7+2.2.4+1.21.1.jar, locator: jarinjar, reader: mod manifest]
[04Apr2026 00:40:32.929] [main/INFO] [net.neoforged.fml.loading.moddiscovery.ModDiscoverer/SCAN]: Found mod file "fabric-data-attachment-api-v1-1.4.5+26d408aa19.jar" [parent: forgified-fabric-api-0.116.7+2.2.4+1.21.1.jar, locator: jarinjar, reader: mod manifest]
[04Apr2026 00:40:32.929] [main/INFO] [net.neoforged.fml.loading.moddiscovery.ModDiscoverer/SCAN]: Found library file "jctools-core-4.0.5.jar" [parent: c2me-neoforge-mc1.21.1-0.3.0+alpha.0.90.jar, locator: jarinjar]
[04Apr2026 00:40:32.929] [main/INFO] [net.neoforged.fml.loading.moddiscovery.ModDiscoverer/SCAN]: Found mod file "tiny-config-3.1.0-neoforge.jar" [parent: spell_power-neoforge-1.4.6+1.21.1.jar, locator: jarinjar, reader: mod manifest]
[04Apr2026 00:40:32.929] [main/INFO] [net.neoforged.fml.loading.moddiscovery.ModDiscoverer/SCAN]: Found mod file "c2me-opts-math-mc1.21.1-0.3.0+alpha.0.90.jar" [parent: c2me-neoforge-mc1.21.1-0.3.0+alpha.0.90.jar, locator: jarinjar, reader: mod manifest]
[04Apr2026 00:40:32.929] [main/INFO] [net.neoforged.fml.loading.moddiscovery.ModDiscoverer/SCAN]: Found gamelibrary file "yumi-commons-event-1.0.0.jar" [parent: yumi-mc-foundation-1.0.0-beta.1+1.21.1-mojmap.jar, locator: jarinjar, reader: mod manifest]
[04Apr2026 00:40:32.929] [main/INFO] [net.neoforged.fml.loading.moddiscovery.ModDiscoverer/SCAN]: Found library file "kotlin-stdlib-jdk7-2.3.0.jar" [parent: kotlinforforge-5.11.0-all.jar, locator: jarinjar]
[04Apr2026 00:40:32.929] [main/INFO] [net.neoforged.fml.loading.moddiscovery.ModDiscoverer/SCAN]: Found mod file "fabric-screen-api-v1-2.0.25+4228281319.jar" [parent: forgified-fabric-api-0.115.6+2.1.0+1.21.1.jar, locator: jarinjar, reader: mod manifest]
[04Apr2026 00:40:32.929] [main/INFO] [net.neoforged.fml.loading.moddiscovery.ModDiscoverer/SCAN]: Found library file "reactive-streams-1.0.4.jar" [parent: c2me-neoforge-mc1.21.1-0.3.0+alpha.0.90.jar, locator: jarinjar]
[04Apr2026 00:40:32.929] [main/INFO] [net.neoforged.fml.loading.moddiscovery.ModDiscoverer/SCAN]: Found library file "kotlin-stdlib-jdk8-2.3.0.jar" [parent: kotlinforforge-5.11.0-all.jar, locator: jarinjar]
[04Apr2026 00:40:32.929] [main/INFO] [net.neoforged.fml.loading.moddiscovery.ModDiscoverer/SCAN]: Found gamelibrary file "DualCodecs-0.1.2.jar" [parent: ImmersiveEngineering-1.21.1-12.4.2-194.jar, locator: jarinjar, reader: mod manifest]
[04Apr2026 00:40:32.929] [main/INFO] [net.neoforged.fml.loading.moddiscovery.ModDiscoverer/SCAN]: Found mod file "GrandPower-3.0.2.jar" [parent: oritech-neoforge-1.21.1-1.1.0.jar, locator: jarinjar, reader: mod manifest]
[04Apr2026 00:40:32.929] [main/INFO] [net.neoforged.fml.loading.moddiscovery.ModDiscoverer/SCAN]: Found mod file "c2me-base-mc1.21.1-0.3.0+alpha.0.90-all.jar" [parent: c2me-neoforge-mc1.21.1-0.3.0+alpha.0.90.jar, locator: jarinjar, reader: mod manifest]
[04Apr2026 00:40:32.929] [main/INFO] [net.neoforged.fml.loading.moddiscovery.ModDiscoverer/SCAN]: Found gamelibrary file "levels-0.2.32.jar" [parent: compactmachines-neoforge-7.0.81.jar, locator: jarinjar, reader: mod manifest]
[04Apr2026 00:40:32.930] [main/INFO] [net.neoforged.fml.loading.moddiscovery.ModDiscoverer/SCAN]: Found library file "forgified-fabric-loader-2.5.68+0.18.4+1.21.1-full.jar" [parent: forgified-fabric-api-0.116.7+2.2.4+1.21.1.jar, locator: jarinjar, reader: mod manifest]
[04Apr2026 00:40:32.930] [main/INFO] [net.neoforged.fml.loading.moddiscovery.ModDiscoverer/SCAN]: Found mod file "forgified-fabric-api-0.115.6+2.1.0+1.21.1.jar" [parent: txnilib-neoforge-1.0.24-1.21.1.jar, locator: jarinjar, reader: mod manifest]
[04Apr2026 00:40:32.930] [main/INFO] [net.neoforged.fml.loading.moddiscovery.ModDiscoverer/SCAN]: Found mod file "c2me-fixes-worldgen-vanilla-bugs-mc1.21.1-0.3.0+alpha.0.90.jar" [parent: c2me-neoforge-mc1.21.1-0.3.0+alpha.0.90.jar, locator: jarinjar, reader: mod manifest]
[04Apr2026 00:40:32.930] [main/INFO] [net.neoforged.fml.loading.moddiscovery.ModDiscoverer/SCAN]: Found mod file "pridelib-1.2.4+1.21.1-mojmap.jar" [parent: lambdynamiclights-4.8.7+1.21.1-neoforge.jar, locator: jarinjar, reader: mod manifest]
[04Apr2026 00:40:32.930] [main/INFO] [net.neoforged.fml.loading.moddiscovery.ModDiscoverer/SCAN]: Found mod file "fabric-content-registries-v0-8.0.19+5e0d320019.jar" [parent: forgified-fabric-api-0.116.7+2.2.4+1.21.1.jar, locator: jarinjar, reader: mod manifest]
[04Apr2026 00:40:32.930] [main/INFO] [net.neoforged.fml.loading.moddiscovery.ModDiscoverer/SCAN]: Found library file "kotlinx-serialization-json-jvm-1.9.0.jar" [parent: kotlinforforge-5.11.0-all.jar, locator: jarinjar]
[04Apr2026 00:40:32.930] [main/INFO] [net.neoforged.fml.loading.moddiscovery.ModDiscoverer/SCAN]: Found mod file "integration-neoforge-0.2.jar" [parent: IceAndFireCE-2.0-beta.15-1.21.1-neoforge.jar, locator: jarinjar, reader: mod manifest]
[04Apr2026 00:40:32.930] [main/INFO] [net.neoforged.fml.loading.moddiscovery.ModDiscoverer/SCAN]: Found library file "bytecodecs-1.1.2.jar" [parent: resourcefullib-neoforge-1.21-3.0.12.jar, locator: jarinjar]
[04Apr2026 00:40:32.930] [main/INFO] [net.neoforged.fml.loading.moddiscovery.ModDiscoverer/SCAN]: Found mod file "diagonalblocks-neoforge-21.1.2.jar" [parent: DiagonalWalls-v21.1.2-1.21.1-NeoForge.jar, locator: jarinjar, reader: mod manifest]
[04Apr2026 00:40:32.930] [main/INFO] [net.neoforged.fml.loading.moddiscovery.ModDiscoverer/SCAN]: Found library file "exp4j-0.4.8.jar" [parent: c2me-neoforge-mc1.21.1-0.3.0+alpha.0.90.jar, locator: jarinjar]
[04Apr2026 00:40:32.930] [main/INFO] [net.neoforged.fml.loading.moddiscovery.ModDiscoverer/SCAN]: Found library file "snakeyaml-2.4.jar" [parent: haydenapi-neoforge-1.0.4.jar, locator: jarinjar]
[04Apr2026 00:40:32.930] [main/INFO] [net.neoforged.fml.loading.moddiscovery.ModDiscoverer/SCAN]: Found gamelibrary file "mixinextras-neoforge-0.5.0.jar" [parent: neoforge-21.1.220-universal.jar, locator: jarinjar, reader: mod manifest]
[04Apr2026 00:40:32.930] [main/INFO] [net.neoforged.fml.loading.moddiscovery.ModDiscoverer/SCAN]: Found gamelibrary file "yumi-commons-core-1.0.0.jar" [parent: yumi-mc-foundation-1.0.0-beta.1+1.21.1-mojmap.jar, locator: jarinjar, reader: mod manifest]
[04Apr2026 00:40:32.930] [main/INFO] [net.neoforged.fml.loading.moddiscovery.ModDiscoverer/SCAN]: Found mod file "fabric-game-rule-api-v1-1.0.53+36d727be19.jar" [parent: forgified-fabric-api-0.116.7+2.2.4+1.21.1.jar, locator: jarinjar, reader: mod manifest]
[04Apr2026 00:40:32.931] [main/INFO] [net.neoforged.fml.loading.moddiscovery.ModDiscoverer/SCAN]: Found mod file "fabric-api-lookup-api-v1-1.6.71+c290471319.jar" [parent: forgified-fabric-api-0.116.7+2.2.4+1.21.1.jar, locator: jarinjar, reader: mod manifest]
[04Apr2026 00:40:32.931] [main/INFO] [net.neoforged.fml.loading.moddiscovery.ModDiscoverer/SCAN]: Found mod file "c2me-fixes-chunkio-threading-issues-mc1.21.1-0.3.0+alpha.0.90.jar" [parent: c2me-neoforge-mc1.21.1-0.3.0+alpha.0.90.jar, locator: jarinjar, reader: mod manifest]
[04Apr2026 00:40:32.931] [main/INFO] [net.neoforged.fml.loading.moddiscovery.ModDiscoverer/SCAN]: Found mod file "c2me-client-uncapvd-mc1.21.1-0.3.0+alpha.0.90.jar" [parent: c2me-neoforge-mc1.21.1-0.3.0+alpha.0.90.jar, locator: jarinjar, reader: mod manifest]
[04Apr2026 00:40:32.931] [main/INFO] [net.neoforged.fml.loading.moddiscovery.ModDiscoverer/SCAN]: Found gamelibrary file "mixinsquared-neoforge-0.3.3.jar" [parent: alltheleaks-1.1.7+1.21.1-neoforge.jar, locator: jarinjar, reader: mod manifest]
[04Apr2026 00:40:32.931] [main/INFO] [net.neoforged.fml.loading.moddiscovery.ModDiscoverer/SCAN]: Found mod file "com.enderio.enderio-modded-conduits-8.2.5-beta.jar" [parent: enderio-8.2.5-beta.jar, locator: jarinjar, reader: mod manifest]
[04Apr2026 00:40:32.931] [main/INFO] [net.neoforged.fml.loading.moddiscovery.ModDiscoverer/SCAN]: Found mod file "c2me-opts-dfc-mc1.21.1-0.3.0+alpha.0.90.jar" [parent: c2me-neoforge-mc1.21.1-0.3.0+alpha.0.90.jar, locator: jarinjar, reader: mod manifest]
[04Apr2026 00:40:32.931] [main/INFO] [net.neoforged.fml.loading.moddiscovery.ModDiscoverer/SCAN]: Found library file "kotlin-stdlib-2.3.0.jar" [parent: kotlinforforge-5.11.0-all.jar, locator: jarinjar]
[04Apr2026 00:40:32.931] [main/INFO] [net.neoforged.fml.loading.moddiscovery.ModDiscoverer/SCAN]: Found library file "jackson-dataformat-yaml-2.18.0.jar" [parent: haydenapi-neoforge-1.0.4.jar, locator: jarinjar]
[04Apr2026 00:40:32.931] [main/INFO] [net.neoforged.fml.loading.moddiscovery.ModDiscoverer/SCAN]: Found library file "jackson-annotations-2.18.0.jar" [parent: haydenapi-neoforge-1.0.4.jar, locator: jarinjar]
[04Apr2026 00:40:32.931] [main/INFO] [net.neoforged.fml.loading.moddiscovery.ModDiscoverer/SCAN]: Found library file "tomlkt-jvm-0.3.7.jar" [parent: fzzy_config-0.7.6+1.21+neoforge.jar, locator: jarinjar]
[04Apr2026 00:40:32.931] [main/INFO] [net.neoforged.fml.loading.moddiscovery.ModDiscoverer/SCAN]: Found mod file "fabric-entity-events-v1-1.8.0+5ede667619.jar" [parent: forgified-fabric-api-0.116.7+2.2.4+1.21.1.jar, locator: jarinjar, reader: mod manifest]
[04Apr2026 00:40:32.931] [main/INFO] [net.neoforged.fml.loading.moddiscovery.ModDiscoverer/SCAN]: Found library file "javassist-3.30.2-GA.jar" [parent: PlayerAnimationLibNeoforge-1.1.4+mc.1.21.1.jar, locator: jarinjar]
[04Apr2026 00:40:32.931] [main/INFO] [net.neoforged.fml.loading.moddiscovery.ModDiscoverer/SCAN]: Found library file "MathParser.org-mXparser-5.2.1.jar" [parent: immersive_aircraft-1.4.3+1.21.1-neoforge.jar, locator: jarinjar]
[04Apr2026 00:40:32.931] [main/INFO] [net.neoforged.fml.loading.moddiscovery.ModDiscoverer/SCAN]: Found library file "resourceful-cosmetics-4j-1.0.3.jar" [parent: CreeperOverhaul-neoforge-1.21.1-4.0.6.jar, locator: jarinjar]
[04Apr2026 00:40:32.931] [main/INFO] [net.neoforged.fml.loading.moddiscovery.ModDiscoverer/SCAN]: Found gamelibrary file "rendering-0.2.32.jar" [parent: compactmachines-neoforge-7.0.81.jar, locator: jarinjar, reader: mod manifest]
[04Apr2026 00:40:32.931] [main/INFO] [net.neoforged.fml.loading.moddiscovery.ModDiscoverer/SCAN]: Found gamelibrary file "dev.compactmods.compactmachines.core-api-7.0.81.jar" [parent: compactmachines-neoforge-7.0.81.jar, locator: jarinjar, reader: mod manifest]
[04Apr2026 00:40:32.932] [main/INFO] [net.neoforged.fml.loading.moddiscovery.ModDiscoverer/SCAN]: Found mod file "fabric-loot-api-v2-3.0.15+a3ee712d19.jar" [parent: forgified-fabric-api-0.116.7+2.2.4+1.21.1.jar, locator: jarinjar, reader: mod manifest]
[04Apr2026 00:40:32.932] [main/INFO] [net.neoforged.fml.loading.moddiscovery.ModDiscoverer/SCAN]: Found mod file "lambdynamiclights-4.8.7+1.21.1-neoforge.jar" [parent: lambdynamiclights-4.8.7+1.21.1.jar, locator: jarinjar, reader: mod manifest]
[04Apr2026 00:40:32.932] [main/INFO] [net.neoforged.fml.loading.moddiscovery.ModDiscoverer/SCAN]: Found mod file "conditional-mixin-neoforge-0.6.4.jar" [parent: create-dragons-plus-1.8.7.jar, locator: jarinjar, reader: mod manifest]
[04Apr2026 00:40:32.932] [main/INFO] [net.neoforged.fml.loading.moddiscovery.ModDiscoverer/SCAN]: Found mod file "fabric-loot-api-v3-1.0.3+333dfad919.jar" [parent: forgified-fabric-api-0.116.7+2.2.4+1.21.1.jar, locator: jarinjar, reader: mod manifest]
[04Apr2026 00:40:32.932] [main/INFO] [net.neoforged.fml.loading.moddiscovery.ModDiscoverer/SCAN]: Found mod file "fabric-rendering-data-attachment-v1-0.3.49+73761d2e19.jar" [parent: forgified-fabric-api-0.116.7+2.2.4+1.21.1.jar, locator: jarinjar, reader: mod manifest]
[04Apr2026 00:40:32.932] [main/INFO] [net.neoforged.fml.loading.moddiscovery.ModDiscoverer/SCAN]: Found library file "kotlinx-serialization-core-jvm-1.9.0.jar" [parent: kotlinforforge-5.11.0-all.jar, locator: jarinjar]
[04Apr2026 00:40:32.932] [main/INFO] [net.neoforged.fml.loading.moddiscovery.ModDiscoverer/SCAN]: Found mod file "fabric-networking-api-v1-4.3.0+30a980d919.jar" [parent: forgified-fabric-api-0.116.7+2.2.4+1.21.1.jar, locator: jarinjar, reader: mod manifest]
[04Apr2026 00:40:32.932] [main/INFO] [net.neoforged.fml.loading.moddiscovery.ModDiscoverer/SCAN]: Found gamelibrary file "Registrate-MC1.21-1.3.0+67.jar" [parent: create-1.21.1-6.0.9.jar, locator: jarinjar, reader: mod manifest]
[04Apr2026 00:40:32.932] [main/INFO] [net.neoforged.fml.loading.moddiscovery.ModDiscoverer/SCAN]: Found mod file "c2me-rewrites-chunkio-mc1.21.1-0.3.0+alpha.0.90.jar" [parent: c2me-neoforge-mc1.21.1-0.3.0+alpha.0.90.jar, locator: jarinjar, reader: mod manifest]
[04Apr2026 00:40:32.932] [main/INFO] [net.neoforged.fml.loading.moddiscovery.ModDiscoverer/SCAN]: Found mod file "journeymap-api-neoforge-2.0.0-1.21.1-SNAPSHOT.jar" [parent: journeymap-neoforge-1.21.1-6.0.0-beta.59.jar, locator: jarinjar, reader: mod manifest]
[04Apr2026 00:40:32.932] [main/INFO] [net.neoforged.fml.loading.moddiscovery.ModDiscoverer/SCAN]: Found mod file "c2me-opts-allocs-mc1.21.1-0.3.0+alpha.0.90.jar" [parent: c2me-neoforge-mc1.21.1-0.3.0+alpha.0.90.jar, locator: jarinjar, reader: mod manifest]
[04Apr2026 00:40:32.932] [main/INFO] [net.neoforged.fml.loading.moddiscovery.ModDiscoverer/SCAN]: Found mod file "fabric-lifecycle-events-v1-2.6.0+e40d8add19.jar" [parent: forgified-fabric-api-0.116.7+2.2.4+1.21.1.jar, locator: jarinjar, reader: mod manifest]
[04Apr2026 00:40:32.932] [main/INFO] [net.neoforged.fml.loading.moddiscovery.ModDiscoverer/SCAN]: Found library file "asyncutil-0.1.0.jar" [parent: c2me-neoforge-mc1.21.1-0.3.0+alpha.0.90.jar, locator: jarinjar]
[04Apr2026 00:40:32.932] [main/INFO] [net.neoforged.fml.loading.moddiscovery.ModDiscoverer/SCAN]: Found mod file "fabric-key-binding-api-v1-1.0.47+62cc7ce119.jar" [parent: forgified-fabric-api-0.116.7+2.2.4+1.21.1.jar, locator: jarinjar, reader: mod manifest]
[04Apr2026 00:40:32.932] [main/INFO] [net.neoforged.fml.loading.moddiscovery.ModDiscoverer/SCAN]: Found mod file "fabric-client-tags-api-v1-1.1.15+e053909619.jar" [parent: forgified-fabric-api-0.116.7+2.2.4+1.21.1.jar, locator: jarinjar, reader: mod manifest]
[04Apr2026 00:40:32.932] [main/INFO] [net.neoforged.fml.loading.moddiscovery.ModDiscoverer/SCAN]: Found mod file "fabric-transfer-api-v1-5.4.3+a25cb45619.jar" [parent: forgified-fabric-api-0.116.7+2.2.4+1.21.1.jar, locator: jarinjar, reader: mod manifest]
[04Apr2026 00:40:32.932] [main/INFO] [net.neoforged.fml.loading.moddiscovery.ModDiscoverer/SCAN]: Found mod file "c2me-threading-lighting-mc1.21.1-0.3.0+alpha.0.90.jar" [parent: c2me-neoforge-mc1.21.1-0.3.0+alpha.0.90.jar, locator: jarinjar, reader: mod manifest]
[04Apr2026 00:40:32.933] [main/INFO] [net.neoforged.fml.loading.moddiscovery.ModDiscoverer/SCAN]: Found gamelibrary file "l2serial-3.1.1.jar" [parent: apothic_cataclysm-1.2.0.jar, locator: jarinjar, reader: mod manifest]
[04Apr2026 00:40:32.933] [main/INFO] [net.neoforged.fml.loading.moddiscovery.ModDiscoverer/SCAN]: Found library file "jankson-0.1.5.1.jar" [parent: owo-lib-neoforge-0.12.15.5-beta.1+1.21.jar, locator: jarinjar]
[04Apr2026 00:40:32.933] [main/INFO] [net.neoforged.fml.loading.moddiscovery.ModDiscoverer/SCAN]: Found mod file "de.mari_023.ae2wtlib_api-19.4.1.jar" [parent: ae2wtlib-19.4.1.jar, locator: jarinjar, reader: mod manifest]
[04Apr2026 00:40:32.933] [main/INFO] [net.neoforged.fml.loading.moddiscovery.ModDiscoverer/SCAN]: Found library file "net.neoforged.neoforge-coremods-21.1.220.jar" [parent: neoforge-21.1.220-universal.jar, locator: jarinjar, reader: mod manifest]
[04Apr2026 00:40:32.933] [main/INFO] [net.neoforged.fml.loading.moddiscovery.ModDiscoverer/SCAN]: Found mod file "fabric-model-loading-api-v1-2.1.0+6e8f52c719.jar" [parent: forgified-fabric-api-0.116.7+2.2.4+1.21.1.jar, locator: jarinjar, reader: mod manifest]
[04Apr2026 00:40:32.933] [main/INFO] [net.neoforged.fml.loading.moddiscovery.ModDiscoverer/SCAN]: Found gamelibrary file "ui-0.2.32.jar" [parent: compactmachines-neoforge-7.0.81.jar, locator: jarinjar, reader: mod manifest]
[04Apr2026 00:40:32.933] [main/INFO] [net.neoforged.fml.loading.moddiscovery.ModDiscoverer/SCAN]: Found mod file "fabric-screen-handler-api-v1-1.3.90+8dbc56dd19.jar" [parent: forgified-fabric-api-0.116.7+2.2.4+1.21.1.jar, locator: jarinjar, reader: mod manifest]
[04Apr2026 00:40:32.933] [main/INFO] [net.neoforged.fml.loading.moddiscovery.ModDiscoverer/SCAN]: Found mod file "fabric-resource-loader-v0-1.3.1+4ea8954419.jar" [parent: forgified-fabric-api-0.116.7+2.2.4+1.21.1.jar, locator: jarinjar, reader: mod manifest]
[04Apr2026 00:40:32.933] [main/INFO] [net.neoforged.fml.loading.moddiscovery.ModDiscoverer/SCAN]: Found library file "jackson-core-2.18.0.jar" [parent: haydenapi-neoforge-1.0.4.jar, locator: jarinjar]
[04Apr2026 00:40:32.933] [main/INFO] [net.neoforged.fml.loading.moddiscovery.ModDiscoverer/SCAN]: Found mod file "fabric-rendering-v1-5.1.0+1a09bd5a19.jar" [parent: forgified-fabric-api-0.116.7+2.2.4+1.21.1.jar, locator: jarinjar, reader: mod manifest]
[04Apr2026 00:40:32.933] [main/INFO] [net.neoforged.fml.loading.moddiscovery.ModDiscoverer/SCAN]: Found mod file "fabric-renderer-indigo-1.7.1+9125b6dc19.jar" [parent: forgified-fabric-api-0.116.7+2.2.4+1.21.1.jar, locator: jarinjar, reader: mod manifest]
[04Apr2026 00:40:32.933] [main/INFO] [net.neoforged.fml.loading.moddiscovery.ModDiscoverer/SCAN]: Found library file "yabn-1.0.3.jar" [parent: resourcefullib-neoforge-1.21-3.0.12.jar, locator: jarinjar]
[04Apr2026 00:40:32.933] [main/INFO] [net.neoforged.fml.loading.moddiscovery.ModDiscoverer/SCAN]: Found library file "kotlinx-coroutines-jdk8-1.10.2.jar" [parent: kotlinforforge-5.11.0-all.jar, locator: jarinjar]
[04Apr2026 00:40:32.933] [main/INFO] [net.neoforged.fml.loading.moddiscovery.ModDiscoverer/SCAN]: Found mod file "c2me-rewrites-chunk-system-mc1.21.1-0.3.0+alpha.0.90.jar" [parent: c2me-neoforge-mc1.21.1-0.3.0+alpha.0.90.jar, locator: jarinjar, reader: mod manifest]
[04Apr2026 00:40:32.933] [main/INFO] [net.neoforged.fml.loading.moddiscovery.ModDiscoverer/SCAN]: Found library file "jackson-dataformat-toml-2.18.0.jar" [parent: haydenapi-neoforge-1.0.4.jar, locator: jarinjar]
[04Apr2026 00:40:32.933] [main/INFO] [net.neoforged.fml.loading.moddiscovery.ModDiscoverer/SCAN]: Found gamelibrary file "GraphLib3-3.0.5.jar" [parent: enderio-8.2.5-beta.jar, locator: jarinjar, reader: mod manifest]
[04Apr2026 00:40:32.934] [main/INFO] [net.neoforged.fml.loading.moddiscovery.ModDiscoverer/SCAN]: Found library file "rxjava-3.1.12.jar" [parent: c2me-neoforge-mc1.21.1-0.3.0+alpha.0.90.jar, locator: jarinjar]
[04Apr2026 00:40:32.934] [main/INFO] [net.neoforged.fml.loading.moddiscovery.ModDiscoverer/SCAN]: Found library file "httpcore5-5.3.1.jar" [parent: Neruina-2.2.11-neoforge+1.21.jar, locator: jarinjar]
[04Apr2026 00:40:32.934] [main/INFO] [net.neoforged.fml.loading.moddiscovery.ModDiscoverer/SCAN]: Found mod file "impl-0.8.1.jar" [parent: ok_zoomer-neo-10.0.0-beta.13.jar, locator: jarinjar, reader: mod manifest]
[04Apr2026 00:40:32.934] [main/INFO] [net.neoforged.fml.loading.moddiscovery.ModDiscoverer/SCAN]: Found mod file "fabric-particles-v1-4.0.2+824f924c19.jar" [parent: forgified-fabric-api-0.116.7+2.2.4+1.21.1.jar, locator: jarinjar, reader: mod manifest]
[04Apr2026 00:40:32.934] [main/INFO] [net.neoforged.fml.loading.moddiscovery.ModDiscoverer/SCAN]: Found library file "animated-gif-lib-for-java-animated-gif-lib-1.7.jar" [parent: kubejs-neoforge-2101.7.2-build.348.jar, locator: jarinjar]
[04Apr2026 00:40:32.934] [main/INFO] [net.neoforged.fml.loading.moddiscovery.ModDiscoverer/SCAN]: Found mod file "c2me-opts-worldgen-vanilla-mc1.21.1-0.3.0+alpha.0.90.jar" [parent: c2me-neoforge-mc1.21.1-0.3.0+alpha.0.90.jar, locator: jarinjar, reader: mod manifest]
[04Apr2026 00:40:32.934] [main/INFO] [net.neoforged.fml.loading.moddiscovery.ModDiscoverer/SCAN]: Found mod file "c2me-opts-scheduling-mc1.21.1-0.3.0+alpha.0.90.jar" [parent: c2me-neoforge-mc1.21.1-0.3.0+alpha.0.90.jar, locator: jarinjar, reader: mod manifest]
[04Apr2026 00:40:32.934] [main/INFO] [net.neoforged.fml.loading.moddiscovery.ModDiscoverer/SCAN]: Found mod file "fabric-transitive-access-wideners-v1-6.2.0+6c854b6f19.jar" [parent: forgified-fabric-api-0.116.7+2.2.4+1.21.1.jar, locator: jarinjar, reader: mod manifest]
[04Apr2026 00:40:32.934] [main/INFO] [net.neoforged.fml.loading.moddiscovery.ModDiscoverer/SCAN]: Found library file "jankson-1.2.3.jar" [parent: fzzy_config-0.7.6+1.21+neoforge.jar, locator: jarinjar]
[04Apr2026 00:40:32.934] [main/INFO] [net.neoforged.fml.loading.moddiscovery.ModDiscoverer/SCAN]: Found mod file "dragonlib-neoforge-1.21.1-2.2.24.jar" [parent: createrailwaysnavigator-neoforge-1.21.1-beta-0.8.5.jar, locator: jarinjar, reader: mod manifest]
[04Apr2026 00:40:32.934] [main/INFO] [net.neoforged.fml.loading.moddiscovery.ModDiscoverer/SCAN]: Found library file "feather-0.1.8.jar" [parent: compactmachines-neoforge-7.0.81.jar, locator: jarinjar]
[04Apr2026 00:40:32.934] [main/INFO] [net.neoforged.fml.loading.moddiscovery.ModDiscoverer/SCAN]: Found library file "gson-0.1.5.1.jar" [parent: owo-lib-neoforge-0.12.15.5-beta.1+1.21.jar, locator: jarinjar]
[04Apr2026 00:40:32.934] [main/INFO] [net.neoforged.fml.loading.moddiscovery.ModDiscoverer/SCAN]: Found mod file "fabric-api-base-0.4.42+d1308dedd1.jar" [parent: owo-lib-neoforge-0.12.15.5-beta.1+1.21.jar, locator: jarinjar, reader: mod manifest]
[04Apr2026 00:40:32.934] [main/INFO] [net.neoforged.fml.loading.moddiscovery.ModDiscoverer/SCAN]: Found mod file "fabric-blockrenderlayer-v1-1.1.52+c290471319.jar" [parent: forgified-fabric-api-0.116.7+2.2.4+1.21.1.jar, locator: jarinjar, reader: mod manifest]
[04Apr2026 00:40:32.934] [main/INFO] [net.neoforged.fml.loading.moddiscovery.ModDiscoverer/SCAN]: Found library file "pngj-2.1.0.jar" [parent: journeymap-neoforge-1.21.1-6.0.0-beta.59.jar, locator: jarinjar]
[04Apr2026 00:40:32.934] [main/INFO] [net.neoforged.fml.loading.moddiscovery.ModDiscoverer/SCAN]: Found library file "jackson-databind-2.18.0.jar" [parent: haydenapi-neoforge-1.0.4.jar, locator: jarinjar]
[04Apr2026 00:40:32.934] [main/INFO] [net.neoforged.fml.loading.moddiscovery.ModDiscoverer/SCAN]: Found mod file "c2me-server-utils-mc1.21.1-0.3.0+alpha.0.90.jar" [parent: c2me-neoforge-mc1.21.1-0.3.0+alpha.0.90.jar, locator: jarinjar, reader: mod manifest]
[04Apr2026 00:40:32.934] [main/INFO] [net.neoforged.fml.loading.moddiscovery.ModDiscoverer/SCAN]: Found mod file "fabric-block-api-v1-1.1.0+b0c22bb819.jar" [parent: forgified-fabric-api-0.116.7+2.2.4+1.21.1.jar, locator: jarinjar, reader: mod manifest]
[04Apr2026 00:40:32.934] [main/INFO] [net.neoforged.fml.loading.moddiscovery.ModDiscoverer/SCAN]: Found library file "thedarkcolour.kfflang-5.11.0.jar" [parent: kotlinforforge-5.11.0-all.jar, locator: jarinjar, reader: mod manifest]
[04Apr2026 00:40:32.935] [main/INFO] [net.neoforged.fml.loading.moddiscovery.ModDiscoverer/SCAN]: Found mod file "spectrelib-neoforge-0.17.2+1.21.jar" [parent: comforts-neoforge-9.0.5+1.21.1.jar, locator: jarinjar, reader: mod manifest]
[04Apr2026 00:40:32.935] [main/INFO] [net.neoforged.fml.loading.moddiscovery.ModDiscoverer/SCAN]: Found gamelibrary file "thedarkcolour.kfflib-5.11.0.jar" [parent: kotlinforforge-5.11.0-all.jar, locator: jarinjar, reader: mod manifest]
[04Apr2026 00:40:32.935] [main/INFO] [net.neoforged.fml.loading.moddiscovery.ModDiscoverer/SCAN]: Found mod file "fabric-resource-conditions-api-v1-4.3.0+5bdd099819.jar" [parent: forgified-fabric-api-0.116.7+2.2.4+1.21.1.jar, locator: jarinjar, reader: mod manifest]
[04Apr2026 00:40:32.935] [main/INFO] [net.neoforged.fml.loading.moddiscovery.ModDiscoverer/SCAN]: Found mod file "forgeconfigapiport-neoforge-21.1.1.jar" [parent: dragonlib-neoforge-1.21.1-2.2.24.jar, locator: jarinjar, reader: mod manifest]
[04Apr2026 00:40:32.935] [main/INFO] [net.neoforged.fml.loading.moddiscovery.ModDiscoverer/SCAN]: Found mod file "api_neoforge-0.8.1.jar" [parent: ok_zoomer-neo-10.0.0-beta.13.jar, locator: jarinjar, reader: mod manifest]
[04Apr2026 00:40:32.935] [main/INFO] [net.neoforged.fml.loading.moddiscovery.ModDiscoverer/SCAN]: Found mod file "thedarkcolour.kffmod-5.11.0.jar" [parent: kotlinforforge-5.11.0-all.jar, locator: jarinjar, reader: mod manifest]
[04Apr2026 00:40:32.935] [main/INFO] [net.neoforged.fml.loading.moddiscovery.ModDiscoverer/SCAN]: Found library file "kotlin-reflect-2.3.0.jar" [parent: kotlinforforge-5.11.0-all.jar, locator: jarinjar]
[04Apr2026 00:40:32.935] [main/INFO] [net.neoforged.fml.loading.moddiscovery.ModDiscoverer/SCAN]: Found mod file "flywheel-neoforge-1.21.1-1.0.6.jar" [parent: create-1.21.1-6.0.9.jar, locator: jarinjar, reader: mod manifest]
[04Apr2026 00:40:32.935] [main/INFO] [net.neoforged.fml.loading.moddiscovery.ModDiscoverer/SCAN]: Found mod file "fabric-item-group-api-v1-4.1.7+e324903319.jar" [parent: forgified-fabric-api-0.116.7+2.2.4+1.21.1.jar, locator: jarinjar, reader: mod manifest]
[04Apr2026 00:40:32.935] [main/INFO] [net.neoforged.fml.loading.moddiscovery.ModDiscoverer/SCAN]: Found gamelibrary file "spatial-0.2.1.jar" [parent: compactmachines-neoforge-7.0.81.jar, locator: jarinjar, reader: mod manifest]
[04Apr2026 00:40:32.935] [main/INFO] [net.neoforged.fml.loading.moddiscovery.ModDiscoverer/SCAN]: Found mod file "fabric-gametest-api-v1-2.0.5+29f188ce19.jar" [parent: forgified-fabric-api-0.116.7+2.2.4+1.21.1.jar, locator: jarinjar, reader: mod manifest]
[04Apr2026 00:40:32.935] [main/INFO] [net.neoforged.fml.loading.moddiscovery.ModDiscoverer/SCAN]: Found mod file "c2me-notickvd-mc1.21.1-0.3.0+alpha.0.90.jar" [parent: c2me-neoforge-mc1.21.1-0.3.0+alpha.0.90.jar, locator: jarinjar, reader: mod manifest]
[04Apr2026 00:40:32.935] [main/INFO] [net.neoforged.fml.loading.moddiscovery.ModDiscoverer/SCAN]: Found mod file "spruceui-6.2.5+1.21.1-mojmap.jar" [parent: lambdynamiclights-4.8.7+1.21.1-neoforge.jar, locator: jarinjar, reader: mod manifest]
[04Apr2026 00:40:32.935] [main/INFO] [net.neoforged.fml.loading.moddiscovery.ModDiscoverer/SCAN]: Found mod file "l2core-3.0.8+8.jar" [parent: apothic_cataclysm-1.2.0.jar, locator: jarinjar, reader: mod manifest]
[04Apr2026 00:40:32.935] [main/INFO] [net.neoforged.fml.loading.moddiscovery.ModDiscoverer/SCAN]: Found mod file "yumi-mc-foundation-1.0.0-beta.1+1.21.1-mojmap.jar" [parent: lambdynamiclights-4.8.7+1.21.1-neoforge.jar, locator: jarinjar, reader: mod manifest]
[04Apr2026 00:40:32.935] [main/INFO] [net.neoforged.fml.loading.moddiscovery.ModDiscoverer/SCAN]: Found mod file "fabric-biome-api-v1-13.0.31+1e62d33c19.jar" [parent: forgified-fabric-api-0.116.7+2.2.4+1.21.1.jar, locator: jarinjar, reader: mod manifest]
[04Apr2026 00:40:32.935] [main/INFO] [net.neoforged.fml.loading.moddiscovery.ModDiscoverer/SCAN]: Found library file "jnanoid-2.0.0.jar" [parent: compactmachines-neoforge-7.0.81.jar, locator: jarinjar]
[04Apr2026 00:40:32.935] [main/INFO] [net.neoforged.fml.loading.moddiscovery.ModDiscoverer/SCAN]: Found mod file "mob_weapon_api-3.0.2.jar" [parent: apothic_cataclysm-1.2.0.jar, locator: jarinjar, reader: mod manifest]
[04Apr2026 00:40:32.935] [main/INFO] [net.neoforged.fml.loading.moddiscovery.ModDiscoverer/SCAN]: Found mod file "c2me-opts-worldgen-general-mc1.21.1-0.3.0+alpha.0.90.jar" [parent: c2me-neoforge-mc1.21.1-0.3.0+alpha.0.90.jar, locator: jarinjar, reader: mod manifest]
[04Apr2026 00:40:32.935] [main/INFO] [net.neoforged.fml.loading.moddiscovery.ModDiscoverer/SCAN]: Found mod file "c2me-opts-chunkio-mc1.21.1-0.3.0+alpha.0.90.jar" [parent: c2me-neoforge-mc1.21.1-0.3.0+alpha.0.90.jar, locator: jarinjar, reader: mod manifest]
[04Apr2026 00:40:32.935] [main/INFO] [net.neoforged.fml.loading.moddiscovery.ModDiscoverer/SCAN]: Found mod file "fabric-registry-sync-v0-5.3.1+f9aace1619.jar" [parent: forgified-fabric-api-0.116.7+2.2.4+1.21.1.jar, locator: jarinjar, reader: mod manifest]
[04Apr2026 00:40:32.935] [main/INFO] [net.neoforged.fml.loading.moddiscovery.ModDiscoverer/SCAN]: Found mod file "ae2addonlib-1.0.3-1.21.1.jar" [parent: AdvancedAE-1.6.11-1.21.1.jar, locator: jarinjar, reader: mod manifest]
[04Apr2026 00:40:32.936] [main/INFO] [net.neoforged.fml.loading.moddiscovery.ModDiscoverer/SCAN]: Found mod file "lambdynamiclights-api-4.8.7+1.21.1-mojmap.jar" [parent: lambdynamiclights-4.8.7+1.21.1-neoforge.jar, locator: jarinjar, reader: mod manifest]
[04Apr2026 00:40:32.936] [main/INFO] [net.neoforged.fml.loading.moddiscovery.ModDiscoverer/SCAN]: Found library file "s.tf-asm-4.8.3345.jar" [parent: twilightforest-1.21.1-4.8.3345-universal.jar, locator: jarinjar, reader: mod manifest]
[04Apr2026 00:40:32.936] [main/INFO] [net.neoforged.fml.loading.moddiscovery.ModDiscoverer/SCAN]: Found mod file "fabric-recipe-api-v1-5.0.15+59440bcc19.jar" [parent: forgified-fabric-api-0.116.7+2.2.4+1.21.1.jar, locator: jarinjar, reader: mod manifest]
[04Apr2026 00:40:32.936] [main/INFO] [net.neoforged.fml.loading.moddiscovery.ModDiscoverer/SCAN]: Found mod file "fabric-object-builder-api-v1-15.2.1+cc242efd19.jar" [parent: forgified-fabric-api-0.116.7+2.2.4+1.21.1.jar, locator: jarinjar, reader: mod manifest]
[04Apr2026 00:40:32.936] [main/INFO] [net.neoforged.fml.loading.moddiscovery.ModDiscoverer/SCAN]: Found library file "Reflect-1.6.1+curseforge.jar" [parent: ImmediatelyFast-NeoForge-1.6.10+1.21.1.jar, locator: jarinjar]
[04Apr2026 00:40:32.936] [main/INFO] [net.neoforged.fml.loading.moddiscovery.ModDiscoverer/SCAN]: Found gamelibrary file "mochafloats-4.1.0.jar" [parent: PlayerAnimationLibNeoforge-1.1.4+mc.1.21.1.jar, locator: jarinjar, reader: mod manifest]
[04Apr2026 00:40:32.936] [main/INFO] [net.neoforged.fml.loading.moddiscovery.ModDiscoverer/SCAN]: Found mod file "fabric-sound-api-v1-1.0.23+10b84f8419.jar" [parent: forgified-fabric-api-0.116.7+2.2.4+1.21.1.jar, locator: jarinjar, reader: mod manifest]
[04Apr2026 00:40:32.936] [main/INFO] [net.neoforged.fml.loading.moddiscovery.ModDiscoverer/SCAN]: Found mod file "fabric-message-api-v1-6.0.14+6a754fce19.jar" [parent: forgified-fabric-api-0.116.7+2.2.4+1.21.1.jar, locator: jarinjar, reader: mod manifest]
[04Apr2026 00:40:32.936] [main/INFO] [net.neoforged.fml.loading.moddiscovery.ModDiscoverer/SCAN]: Found library file "tiny-java-server-1.0.0-build.33.jar" [parent: kubejs-neoforge-2101.7.2-build.348.jar, locator: jarinjar]
[04Apr2026 00:40:32.936] [main/INFO] [net.neoforged.fml.loading.moddiscovery.ModDiscoverer/SCAN]: Found mod file "fabric-data-generation-api-v1-20.2.34+a4c3605619.jar" [parent: forgified-fabric-api-0.116.7+2.2.4+1.21.1.jar, locator: jarinjar, reader: mod manifest]
[04Apr2026 00:40:32.936] [main/INFO] [net.neoforged.fml.loading.moddiscovery.ModDiscoverer/SCAN]: Found mod file "fabric-events-interaction-v0-0.7.13+86e0887119.jar" [parent: forgified-fabric-api-0.116.7+2.2.4+1.21.1.jar, locator: jarinjar, reader: mod manifest]
[04Apr2026 00:40:32.936] [main/INFO] [net.neoforged.fml.loading.moddiscovery.ModDiscoverer/SCAN]: Found mod file "exoconfig-neoforge-1.21-0.2.4.jar" [parent: sky-aesthetics-neoforge-1.21-2.0.12-beta.jar, locator: jarinjar, reader: mod manifest]
[04Apr2026 00:40:32.941] [main/INFO] [net.neoforged.fml.loading.moddiscovery.ModDiscoverer/]: 
     Mod List:
		Name Version (Mod Id)

		Accessories 1.1.0-beta.53+1.21.1 (accessories)
		Ace's Spell Utils 1.2.5-1.21.1 (aces_spell_utils)
		Addons Lib 1.21.1-1.10 (addonslib)
		Advanced AE 1.6.11-1.21.1 (advanced_ae)
		AE2 Things 1.4.2-beta (ae2things)
		AE2AddonLib 1.0.3-1.21.1 (ae2addonlib)
		AE2WTLib 19.4.1 (ae2wtlib)
		AE2WTLib API 19.4.1 (ae2wtlib_api)
		AEInfinityBooster 1.21.1-1.0.0.54 (aeinfinitybooster)
		Alex's Mobs 1.22.17 (alexsmobs)
		Alexs Delight 1.6 (alexsdelight)
		All The Leaks 1.1.7+1.21.1-neoforge (alltheleaks)
		AllTheCompressed 4.4.0 (allthecompressed)
		AllTheOres 3.2.0 (alltheores)
		Angel Ring 3 3.0.0+beta.3 (angelring)
		Angry Mobs 7.0.0 (angrymobs)
		Another Furniture 4.0.2 (another_furniture)
		AntiBlocksReChiseled 0.10.8 (antiblocksrechiseled)
		Apotheosis 8.5.2 (apotheosis)
		Apothic Attributes 2.9.1 (apothic_attributes)
		Apothic Cataclysm 1.2.0 (apothic_cataclysm)
		Apothic Enchanting 1.5.2 (apothic_enchanting)
		Apothic Spawners 1.3.4 (apothic_spawners)
		AppleSkin 3.0.8+mc1.21 (appleskin)
		Applied Energistics 2 19.2.17 (ae2)
		Applied Mekanistics 1.6.3 (appmek)
		Architectury 13.0.8 (architectury)
		Arsenal (RPG Series) 1.4.2 (arsenal)
		Ash API 21.1.1 (ash_api)
		Athena 4.0.2 (athena)
		AzureLib 3.1.4 (azurelib)
		Balm 21.0.56 (balm)
		Better Combat 2.3.2+1.21.1 (bettercombat)
		Better Fusion Reactor 1.5.9rc1 (bfr)
		BiomeSpy 1.3.3 (biomespy)
		Blocks You Need 1.11.4 (blocksyouneed_luna)
		Bookshelf 21.1.81 (bookshelf)
		Bosses'Rise 2.0.12 (block_factorys_bosses)
		Brandon's Core 3.2.1.309 (brandonscore)
		Building Gadgets 2 1.3.9 (buildinggadgets2)
		BundleAPI 1.1.0 (bundleapi)
		Caelus API 7.0.1+1.21.1 (caelus)
		Carry On 2.2.4 (carryon)
		Cataclysm & BetterCombat - Compatibility 1.0.2 (cataclysm_compat)
		Cataclysm: Spellbooks 1.1.11-1.21 (cataclysm_spellbooks)
		Chat Heads 0.15.0 (chat_heads)
		Chipped 4.0.2 (chipped)
		Chisel Reborn 2.0.0+mc1.21.1 (chisel)
		Chunk Activity Tracker 1.0.1 (chunkactivitytracker)
		chunksending mod 2.8 (chunksending)
		Chunky 1.4.23 (chunky)
		Citadel 2.7.5 (citadel)
		Cloth Config v15 API 15.0.140 (cloth_config)
		Clumps 19.0.0.1 (clumps)
		CodeChicken Lib 4.6.1.526 (codechickenlib)
		Colorwheel Patcher 1.0.4+mc1.21.1 (colorwheel_patcher)
		Combat Roll 2.0.6+1.21.1 (combat_roll)
		Comforts 9.0.5+1.21.1 (comforts)
		Common Networking 1.0.21-1.21.1 (commonnetworking)
		CommonCapabilities 2.11.4 (commoncapabilities)
		Compact Machine Rooms 1.0.0 (crm)
		Compact Machines 7.0.81 (compactmachines)
		CompactExpansion 1.4.0 (compactexpansion)
		Concurrent Chunk Management Engine 0.3.0+alpha.0.90+1.21.1 (c2me)
		Concurrent Chunk Management Engine (Base) 0.3.0+alpha.0.90+1.21.1 (c2me_base)
		Concurrent Chunk Management Engine (Client/Uncap View Distance) 0.3.0+alpha.0.90+1.21.1 (c2me_client_uncapvd)
		Concurrent Chunk Management Engine (Fixes/Chunk IO/Threading Issues) 0.3.0+alpha.0.90+1.21.1 (c2me_fixes_chunkio_threading_issues)
		Concurrent Chunk Management Engine (Fixes/General/Threading Issues) 0.3.0+alpha.0.90+1.21.1 (c2me_fixes_general_threading_issues)
		Concurrent Chunk Management Engine (Fixes/WorldGen/Threading Issues) 0.3.0+alpha.0.90+1.21.1 (c2me_fixes_worldgen_threading_issues)
		Concurrent Chunk Management Engine (Fixes/WorldGen/Vanilla Bugs) 0.3.0+alpha.0.90+1.21.1 (c2me_fixes_worldgen_vanilla_bugs)
		Concurrent Chunk Management Engine (No Tick View Distance) 0.3.0+alpha.0.90+1.21.1 (c2me_notickvd)
		Concurrent Chunk Management Engine (Optimizations/Chunk IO) 0.3.0+alpha.0.90+1.21.1 (c2me_opts_chunkio)
		Concurrent Chunk Management Engine (Optimizations/Density Function Compiler) 0.3.0+alpha.0.90+1.21.1 (c2me_opts_dfc)
		Concurrent Chunk Management Engine (Optimizations/General WorldGen) 0.3.0+alpha.0.90+1.21.1 (c2me_opts_worldgen_general)
		Concurrent Chunk Management Engine (Optimizations/Math) 0.3.0+alpha.0.90+1.21.1 (c2me_opts_math)
		Concurrent Chunk Management Engine (Optimizations/Memory Allocations) 0.3.0+alpha.0.90+1.21.1 (c2me_opts_allocs)
		Concurrent Chunk Management Engine (Optimizations/Natives Math) 0.3.0+alpha.0.90+1.21.1 (c2me_opts_natives_math)
		Concurrent Chunk Management Engine (Optimizations/Scheduling) 0.3.0+alpha.0.90+1.21.1 (c2me_opts_scheduling)
		Concurrent Chunk Management Engine (Optimizations/Vanilla WorldGen) 0.3.0+alpha.0.90+1.21.1 (c2me_opts_worldgen_vanilla)
		Concurrent Chunk Management Engine (Rewrites/Chunk IO) 0.3.0+alpha.0.90+1.21.1 (c2me_rewrites_chunkio)
		Concurrent Chunk Management Engine (Rewrites/Chunk Serializer) 0.3.0+alpha.0.90+1.21.1 (c2me_rewrites_chunk_serializer)
		Concurrent Chunk Management Engine (Rewrites/Chunk System) 0.3.0+alpha.0.90+1.21.1 (c2me_rewrites_chunk_system)
		Concurrent Chunk Management Engine (Server Utils) 0.3.0+alpha.0.90+1.21.1 (c2me_server_utils)
		Concurrent Chunk Management Engine (Threading/Lighting) 0.3.0+alpha.0.90+1.21.1 (c2me_threading_lighting)
		conditional mixin 0.6.4 (conditional_mixin)
		Connected Glass 1.1.14 (connectedglass)
		ConnectedTexturesMod 1.21-1.2.1+3 (ctm)
		Construction Sticks 1.3.0 (constructionstick)
		Controlling 19.0.5 (controlling)
		Corail Tombstone 9.4.8 (tombstone)
		CorgiLib 5.0.0.9 (corgilib)
		CoroUtil 1.21.0-1.3.9 (coroutil)
		CosmeticArmorReworked 1.21.1-v1-neoforge (cosmeticarmorreworked)
		Crafting On A Stick 1.21.0.4 (crafting_on_a_stick)
		Crafting Tweaks 21.1.7 (craftingtweaks)
		Create 6.0.9 (create)
		Create Bits 'n' Bobs 0.0.44 (bits_n_bobs)
		Create Crafts & Additions 1.5.10 (createaddition)
		Create Deco 2.1.2 (createdeco)
		Create Hypertube 0.4.0 (create_hypertube)
		Create Railways Navigator 1.21.1-beta-0.8.5 (createrailwaysnavigator)
		Create Slice & Dice 4.2.4 (sliceanddice)
		Create Stuff 'N Additions 2.1.0. (create_sa)
		Create Train Parts 0.3.6 (create_train_parts)
		Create: Bells & Whistles 0.4.7-1.21.1 (bellsandwhistles)
		Create: Central Kitchen 2.3.0 (create_central_kitchen)
		Create: Copycats+ 3.0.4+mc.1.21.1-neoforge (copycats)
		Create: Dragons Plus 1.8.7 (create_dragons_plus)
		Create: Escalated 1.2.1 (escalated)
		Create: Interiors 0.6.1 (interiors)
		Create: Sound of Steam 0.8.2+1.21.1 (pipeorgans)
		Create: Steam 'n' Rails 1.21.1 0.1.0+neoforge-mc1.21.1 (railways)
		Create: The Factory Must Grow 1.2.0 (tfmg)
		create: things and misc 4.1.0 (create_things_and_misc)
		Create: Train Lights 1.1.1 (ctl)
		Create: Transmission 1.1.0+neoforge-create6-1.21.1 (createtransmission)
		CreateBetterFps 1.1.3 (createbetterfps)
		CreativeCore 2.13.36 (creativecore)
		Creeper Overhaul 4.0.6 (creeperoverhaul)
		Cristel Lib 3.0.3 (cristellib)
		Cryonic Config 1.0.0+mc1.21.11 (cryonicconfig)
		CrystalChronicles 0.0.9 (crystal_chronicles)
		Cucumber Library 8.0.15 (cucumber)
		Cupboard mod 3.5 (cupboard)
		Curios API 9.5.1+1.21.1 (curios)
		Cyclops Core 1.29.0 (cyclopscore)
		Damage & Status Indicator 1.4+1.21.1 (lzm_damage_indicator_status)
		Dank Storage 20 (dankstorage)
		DarkUtilities 21.1.1 (darkutils)
		Deeper and Darker 1.3.5 (deeperdarker)
		Diagonal Blocks 21.1.2 (diagonalblocks)
		Diagonal Fences 21.1.1 (diagonalfences)
		Diagonal Walls 21.1.2 (diagonalwalls)
		Distant Horizons 2.4.5-b (distanthorizons)
		Does It Tick? 1.1.4 (does_it_tick)
		Draconic Evolution 3.1.4.632 (draconicevolution)
		DragonLib 1.21.1-2.2.24 (dragonlib)
		Dungeon Crawl 2.3.15 (dungeoncrawl)
		Dungeons and Taverns 1-v4.4.4 (mr_dungeons_andtaverns)
		Durability Tooltip 1.1.6 (durabilitytooltip)
		Easy Villagers 1.21.1-1.1.23 (easy_villagers)
		ElevatorMod 1.21.1-1.11.4 (elevatorid)
		EMI 1.1.22+1.21.1+neoforge (emi)
		EMI Enchanting 0.1.2+1.21+neoforge (emi_enchanting)
		EMI Loot 0.7.9+1.21+neoforge (emi_loot)
		EMI Ores 1.2+1.21.1+neoforge (emi_ores)
		EMI Professions (EMIP) 1.0.3 (emiprofessions)
		Ender Core 8.2.5-beta (endercore)
		Ender IO 8.2.5-beta (enderio)
		Ender IO - Modded Conduits 8.2.5-beta (enderio_modded_conduits)
		EnderStorage 2.13.0.191 (enderstorage)
		Energy Meter 1.21.1-0.4.0 (energymeter)
		Entangled 1.3.21 (entangled)
		ExoConfig 0.2.4 (exoconfig)
		Explorer's Compass 1.21.1-3.0.3-neoforge (explorerscompass)
		ExtendedAE 1.21-2.2.30-neoforge (extendedae)
		Extreme Reactors 1.21.1-2.4.28 (bigreactors)
		Extreme Sound Muffler 3.55 (extremesoundmuffler)
		Factory Blocks 1.4.0+mc1.21.1 (factory_blocks)
		Farmer's Delight 1.2.11 (farmersdelight)
		Farming for Blockheads 21.1.12 (farmingforblockheads)
		Fast Suite 6.0.7 (fastsuite)
		Fast Workbench 9.1.3 (fastbench)
		FastFurnace 9.0.1 (fastfurnace)
		FastLeafDecay 35 (fastleafdecay)
		FDLib 1.0.9 (fdlib)
		Ferrite Core 7.0.3 (ferritecore)
		Flight API 1.1.1 (flightapi)
		Flux Networks 8.0.0 (fluxnetworks)
		Flywheel 1.0.6 (flywheel)
		Forbidden Arcanus 2.6.1 (forbidden_arcanus)
		Forge Config API Port 21.1.1 (forgeconfigapiport)
		Forgified Fabric API 0.116.7+2.2.4+1.21.1 (fabric_api)
		Forgified Fabric API Base 0.4.42+d1308dedd1 (fabric_api_base)
		Forgified Fabric API Lookup API (v1) 1.6.71+c290471319 (fabric_api_lookup_api_v1)
		Forgified Fabric Biome API (v1) 13.0.31+1e62d33c19 (fabric_biome_api_v1)
		Forgified Fabric Block API (v1) 1.1.0+b0c22bb819 (fabric_block_api_v1)
		Forgified Fabric BlockRenderLayer Registration (v1) 1.1.52+c290471319 (fabric_blockrenderlayer_v1)
		Forgified Fabric BlockView API (v2) 1.0.11+e9036fd419 (fabric_block_view_api_v2)
		Forgified Fabric Client Tags 1.1.15+e053909619 (fabric_client_tags_api_v1)
		Forgified Fabric Command API (v2) 2.2.28+36d727be19 (fabric_command_api_v2)
		Forgified Fabric Content Registries (v0) 8.0.19+5e0d320019 (fabric_content_registries_v0)
		Forgified Fabric Convention Tags 2.1.5+7f945d5b19 (fabric_convention_tags_v1)
		Forgified Fabric Convention Tags (v2) 2.11.1+87e5848019 (fabric_convention_tags_v2)
		Forgified Fabric Data Attachment API (v1) 1.4.5+26d408aa19 (fabric_data_attachment_api_v1)
		Forgified Fabric Data Generation API (v1) 20.2.34+a4c3605619 (fabric_data_generation_api_v1)
		Forgified Fabric Entity Events (v1) 1.8.0+5ede667619 (fabric_entity_events_v1)
		Forgified Fabric Events Interaction (v0) 0.7.13+86e0887119 (fabric_events_interaction_v0)
		Forgified Fabric Game Rule API (v1) 1.0.53+36d727be19 (fabric_game_rule_api_v1)
		Forgified Fabric Game Test API (v1) 2.0.5+29f188ce19 (fabric_gametest_api_v1)
		Forgified Fabric Item API (v1) 11.2.0+0c57911319 (fabric_item_api_v1)
		Forgified Fabric Item Group API (v1) 4.1.7+e324903319 (fabric_item_group_api_v1)
		Forgified Fabric Key Binding API (v1) 1.0.47+62cc7ce119 (fabric_key_binding_api_v1)
		Forgified Fabric Lifecycle Events (v1) 2.6.0+e40d8add19 (fabric_lifecycle_events_v1)
		Forgified Fabric Loot API (v2) 3.0.15+a3ee712d19 (fabric_loot_api_v2)
		Forgified Fabric Loot API (v3) 1.0.3+333dfad919 (fabric_loot_api_v3)
		Forgified Fabric Message API (v1) 6.0.14+6a754fce19 (fabric_message_api_v1)
		Forgified Fabric Model Loading API (v1) 2.1.0+6e8f52c719 (fabric_model_loading_api_v1)
		Forgified Fabric Networking API (v1) 4.3.0+30a980d919 (fabric_networking_api_v1)
		Forgified Fabric Object Builder API (v1) 15.2.1+cc242efd19 (fabric_object_builder_api_v1)
		Forgified Fabric Particles (v1) 4.0.2+824f924c19 (fabric_particles_v1)
		Forgified Fabric Recipe API (v1) 5.0.15+59440bcc19 (fabric_recipe_api_v1)
		Forgified Fabric Registry Sync (v0) 5.3.1+f9aace1619 (fabric_registry_sync_v0)
		Forgified Fabric Renderer - Indigo 1.7.1+9125b6dc19 (fabric_renderer_indigo)
		Forgified Fabric Renderer API (v1) 3.4.1+9125b6dc19 (fabric_renderer_api_v1)
		Forgified Fabric Rendering (v1) 5.1.0+1a09bd5a19 (fabric_rendering_v1)
		Forgified Fabric Rendering Data Attachment (v1) 0.3.49+73761d2e19 (fabric_rendering_data_attachment_v1)
		Forgified Fabric Rendering Fluids (v1) 3.1.6+a51883b219 (fabric_rendering_fluids_v1)
		Forgified Fabric Resource Conditions API (v1) 4.3.0+5bdd099819 (fabric_resource_conditions_api_v1)
		Forgified Fabric Resource Loader (v0) 1.3.1+4ea8954419 (fabric_resource_loader_v0)
		Forgified Fabric Screen API (v1) 2.0.25+4228281319 (fabric_screen_api_v1)
		Forgified Fabric Screen Handler API (v1) 1.3.90+8dbc56dd19 (fabric_screen_handler_api_v1)
		Forgified Fabric Sound API (v1) 1.0.23+10b84f8419 (fabric_sound_api_v1)
		Forgified Fabric Transfer API (v1) 5.4.3+a25cb45619 (fabric_transfer_api_v1)
		Forgified Fabric Transitive Access Wideners (v1) 6.2.0+6c854b6f19 (fabric_transitive_access_wideners_v1)
		FramedBlocks 10.5.3 (framedblocks)
		Framework 0.13.11 (framework)
		FTB Chunks 2101.1.14 (ftbchunks)
		FTB Essentials 2101.1.9 (ftbessentials)
		FTB Library 2101.1.31 (ftblibrary)
		FTB Quests 2101.1.23 (ftbquests)
		FTB Teams 2101.1.9 (ftbteams)
		FTB Ultimine 2101.1.13 (ftbultimine)
		Fusion 1.2.12 (fusion)
		Fzzy Config 0.7.6+1.21+neoforge (fzzy_config)
		GeckoLib 4 4.8.4 (geckolib)
		Gliders 1.1.8 (vc_gliders)
		GlitchCore 2.1.0.0 (glitchcore)
		Glodium 1.21-2.2-neoforge (glodium)
		Goblin Traders 1.11.2 (goblintraders)
		Grand Power 3.0.2 (grandpower)
		GuideME 21.1.15 (guideme)
		Handcrafted 4.0.3 (handcrafted)
		HaydenAPI 1.0.4 (haydenapi)
		Hostile Neural Networks 6.3.0 (hostilenetworks)
		Icarus 4.6.4 (icarus)
		Ice And Fire Community Edition 2.0-beta.15 (iceandfire)
		Iceberg 1.3.2 (iceberg)
		ImmediatelyFast 1.6.10+1.21.1 (immediatelyfast)
		Immersive Aircraft 1.4.3+1.21.1 (immersive_aircraft)
		Immersive Engineering 12.4.2-194 (immersiveengineering)
		Industrial Foregoing 1.21-3.6.38 (industrialforegoing)
		Industrial Foregoing Souls 1.10.4 (industrialforegoingsouls)
		IntegratedDynamics 1.32.2 (integrateddynamics)
		IntegratedTunnels 1.9.4 (integratedtunnels)
		Integration 0.2 (integration)
		Iron Furnaces 4.3.2 (ironfurnaces)
		Iron's Patreon Library 1.21.1-1.0.1 (irons_patreon_lib)
		Iron's Spells 'n Spellbooks 1.21.1-3.15.5 (irons_spellbooks)
		Item Collectors 1.1.10 (itemcollectors)
		Jade 15.10.5+neoforge (jade)
		JamLib 1.3.6+1.21.1 (jamlib)
		Journeymap 1.21.1-6.0.0-beta.59 (journeymap)
		JourneyMap API 2.0.0 (journeymap_api)
		JourneyMap Integration 1.21.1-1.9 (jmi)
		JourneyMap WebMap 1.0.9 (journeymap_webmap)
		Jupiter 2.3.7 (jupiter)
		Just Dire Things 1.5.7 (justdirethings)
		Just Enough Items 19.27.0.336 (jei)
		KleeSlabs 21.1.9 (kleeslabs)
		Konkrete 1.9.9 (konkrete)
		Kotlin For Forge 5.11.0 (kotlinforforge)
		KubeJS 2101.7.2-build.348 (kubejs)
		KumaAPI 21.0.7 (kuma_api)
		L2Core 3.0.8+8 (l2core)
		L_Ender's Cataclysm 1.21.1 3.26 (cataclysm)
		LambDynamicLights 4.8.7+1.21.1 (lambdynlights)
		LambDynamicLights (API) 4.8.7+1.21.1 (lambdynlights_api)
		LambDynamicLights (Runtime) 4.8.7+1.21.1 (lambdynlights_runtime)
		Lazy Utilities 3.4+1.21.1 (lazy_utilities)
		lionfishapi 2.6 (lionfishapi)
		Lithium 0.15.3+mc1.21.1 (lithium)
		Lithostitched 1.6.3 (lithostitched)
		Lootr 1.21.1-1.11.37.118 (lootr)
		Luki's Grand Capitals 1.1.3 (mr_lukis_grandcapitals)
		Luminax 1.3.1 (luminax)
		Macaw's - Oh the Biomes You'll Go 1.21.1-1.5 (mcwbyg)
		Macaw's Bridges 3.1.2 (mcwbridges)
		Macaw's Doors 1.1.5 (mcwdoors)
		Macaw's Fences and Walls 1.2.1 (mcwfences)
		Macaw's Furniture 3.4.1 (mcwfurnitures)
		Macaw's Lights and Lamps 1.1.5 (mcwlights)
		Macaw's Paths and Pavings 1.1.1 (mcwpaths)
		Macaw's Roofs 2.3.2 (mcwroofs)
		Macaw's Stairs and Balconies 1.0.2 (mcwstairs)
		Macaw's Trapdoors 1.1.5 (mcwtrpdoors)
		Macaw's Windows 2.4.2 (mcwwindows)
		McJtyLib 1.21-9.0.20 (mcjtylib)
		ME Requester 1.21.1-1.4.2 (merequester)
		MekaGenJei 1.2 (mekagenjei)
		MekaJadeUpgrades 1.3 (mekajadeupgrade)
		Mekanism 10.7.18 (mekanism)
		Mekanism Covers 1.3-BETA+1.21 (mekanismcovers)
		Mekanism: Generators 10.7.18 (mekanismgenerators)
		Melody 1.0.10 (melody)
		Minecraft 1.21.1 (minecraft)
		MmmMmmMmmMmm 1.21-2.0.11 (dummmmmmy)
		Mob Grinding Utils 1.1.10+mc1.21.1 (mob_grinding_utils)
		Mob Weapon API 3.0.2 (mob_weapon_api)
		Modular Routers 13.2.4 (modularrouters)
		Moonlight Lib 1.21-2.29.23 (moonlight)
		Mouse Tweaks 2.26.1 (mousetweaks)
		Mystical Agradditions 8.0.13 (mysticalagradditions)
		Mystical Agriculture 8.0.24 (mysticalagriculture)
		Nature's Compass 1.21.1-3.0.2-neoforge (naturescompass)
		Nature's Spirit 2.2.5-1.21.1 (natures_spirit)
		NeoForge 21.1.220 (neoforge)
		Neruina 2.2.11 (neruina)
		NetherPortalFix 21.1.1 (netherportalfix)
		Noisium 2.7.0+mc1.21-1.21.1 (noisium)
		Nolijium 0.5.6 (nolijium)
		Not Enough Crashes 4.4.9+1.21.1 (notenoughcrashes)
		Not Enough Recipe Book 0.4.3 (nerb)
		Nullscape 1.2.14 (nullscape)
		Nyctography 21.1.6 (nyctography)
		Observable 5.4.4 (observable)
		OctoLib 0.6.1 (octolib)
		Oh The Biomes We've Gone 2.5.5 (biomeswevegone)
		Oh The Trees You'll Grow 5.2.1 (ohthetreesyoullgrow)
		Ok Zoomer 10.0.0-beta.13 (ok_zoomer)
		OnlyPaxel 1.21.1-0.3 (onlypaxel)
		Oritech 1.1.0 (oritech)
		Oritech Things 0.0.41 (oritechthings)
		Overflowing Bars 21.1.1 (overflowingbars)
		oωo 0.12.15.5-beta.1+1.21 (owo)
		Packing Tape 0.15.6 (packingtape)
		Paintings ++ 14.0.1 (paintings)
		Particular 1.1.7 (particular)
		Patchouli 1.21.1-93-NEOFORGE (patchouli)
		PigPen 21.1.4 (pigpen)
		Pipez 1.21.1-1.2.19 (pipez)
		Placebo 9.9.1 (placebo)
		Player Animation Library 1.1.4+mc.1.21.1 (player_animation_library)
		Player Animator 2.0.4+1.21.1 (playeranimator)
		PneumaticCraft: Repressurized 8.2.15 (pneumaticcraft)
		PolyLib 2100.1.0-build.183 (polylib)
		Polymorph 1.1.0+1.21.1 (polymorph)
		Polymorphic Energistics 0.4.1 (polyeng)
		Ponder 1.0.81+mc1.21.1 (ponder)
		Potentials 0.7.1 (potentials)
		Powah 6.2.8 (powah)
		PrickleMC 21.1.11 (prickle)
		Pride Lib 1.2.4+1.21.1 (pride)
		Puzzles Lib 21.1.39 (puzzleslib)
		Pylons 5.4.2 (pylons)
		Qliphoth Awakening 3.1.0.3 (fdbosses)
		RangedWeaponAPI 2.3.3+1.21.1 (ranged_weapon_api)
		Rechiseled 1.2.4 (rechiseled)
		Rechiseled: Chipped 1.3 (rechiseled_chipped)
		Rechiseled: Create 1.1.0 (rechiseledcreate)
		Reese's Sodium Options 1.8.3+mc1.21.4 (reeses_sodium_options)
		Resourceful Lib 3.0.12 (resourcefullib)
		Resourcefulconfig 3.0.11 (resourcefulconfig)
		RFToolsBase 1.21-6.0.10 (rftoolsbase)
		RFToolsBuilder 1.21-7.0.4 (rftoolsbuilder)
		RFToolsPower 1.21-7.0.5 (rftoolspower)
		RFToolsUtility 1.21-7.0.11 (rftoolsutility)
		Rhino 2101.2.7-build.81 (rhino)
		Right Click Harvest 4.6.1+1.21.1 (rightclickharvest)
		Runelic 21.1.5 (runelic)
		Saturn 0.1.5 (saturn)
		Searchables 1.0.2 (searchables)
		Serene Seasons 10.1.0.3 (sereneseasons)
		ShieldAPI 2.2.0 (shield_api)
		Simple Magnets 1.1.12+c (simplemagnets)
		Simple Voice Chat 1.21.1-2.6.12 (voicechat)
		Sky Aesthetics 2.0.12-beta (sky_aesthetics)
		SmartBrainLib 1.16.11 (smartbrainlib)
		Smoothchunk mod 4.1 (smoothchunk)
		Snad 21.1.1 (snad)
		Sophisticated Backpacks 3.25.35 (sophisticatedbackpacks)
		Sophisticated Core 1.4.13 (sophisticatedcore)
		Sophisticated Storage 1.5.31 (sophisticatedstorage)
		spark 1.10.124 (spark)
		Sparkweave Engine 0.510.0 (sparkweave)
		SpectreLib 0.17.2+1.21 (spectrelib)
		Spell Engine 1.9.9 (spell_engine)
		Spell Power Attribute 1.4.6+1.21.1 (spell_power)
		SpruceUI 6.2.5+1.21.1 (spruceui)
		Stellaris 1.4.21 (stellaris)
		Storage Drawers 13.11.4 (storagedrawers)
		Structory 1.3.16 (structory)
		Structure Essentials mod 4.8 (structureessentials)
		SuperMartijn642's Config Library 1.1.8 (supermartijn642configlib)
		SuperMartijn642's Core Lib 1.1.21 (supermartijn642corelib)
		Tectonic 3.0.21 (tectonic)
		TenshiLib 1.21.1-2.2.5-neoforge (tenshilib)
		TerraBlender 4.1.0.8 (terrablender)
		The Twilight Forest 4.8.3345 (twilightforest)
		Time In A Bottle 6.5.4 (tiab)
		Tiny Config 3.1.0 (tiny_config)
		Titanium 4.0.37 (titanium)
		Too Fast 0.4.3.6 (toofast)
		Torchmaster 21.1.9 (torchmaster)
		Tough As Nails 10.1.0.13 (toughasnails)
		Trade Cycling 1.21.1-1.0.18 (trade_cycling)
		Transparent 21.1.0 (transparent)
		Trash Cans 1.0.18+c (trashcans)
		TrashSlot 21.1.6 (trashslot)
		TxniLib 1.0.24 (txnilib)
		Uranus 2.4 (uranus)
		Valhelsia Core 1.1.5 (valhelsia_core)
		Waystones 21.1.29 (waystones)
		When Dungeons Arise 2.1.68 (dungeons_arise)
		When Dungeons Arise: Seven Seas 1.0.4 (dungeons_arise_seven_seas)
		Wrench Wrapper 0.8.1 (wrench_wrapper)
		Wrench Wrapper (Backend) 0.8.1 (wrench_wrapper_backend)
		XNet 1.21-7.0.6 (xnet)
		XTones Reworked 1.1.1-1.21.1 (xtonesreworked)
		Yumi Minecraft Libraries: Foundation 1.0.0-beta.1+1.21.1 (yumi_mc_core)
		YUNG's API 1.21.1-NeoForge-5.1.6 (yungsapi)
		YUNG's Better Caves 1.21.1-NeoForge-3.1.4 (bettercaves)
		YUNG's Better Dungeons 1.21.1-NeoForge-5.1.4 (betterdungeons)
		YUNG's Better Jungle Temples 1.21.1-NeoForge-3.1.2 (betterjungletemples)
		YUNG's Better Strongholds 1.21.1-NeoForge-5.1.3 (betterstrongholds)
		YUNG's Better Witch Huts 1.21.1-NeoForge-4.1.1 (betterwitchhuts)
		YUNG's Bridges 1.21.1-NeoForge-5.1.1 (yungsbridges)
		Zero CORE 2 1.21.1-2.4.21 (zerocore)
[04Apr2026 00:40:33.041] [main/ERROR] [net.neoforged.fml.loading.moddiscovery.ModFile/LOADING]: Access transformer file META-INF/accesstransformer.cfg provided by mod pride does not exist!
[04Apr2026 00:40:33.421] [main/INFO] [net.neoforged.fml.loading.FMLServiceProvider/CORE]: Loading coremod script-engine for [apothic_enchanting]
[04Apr2026 00:40:37.257] [main/INFO] [mixin/]: Compatibility level set to JAVA_17
[04Apr2026 00:40:37.258] [main/INFO] [mixin/]: Compatibility level set to JAVA_21
[04Apr2026 00:40:37.515] [main/INFO] [net.fabricmc.loader.impl.bootstrap.FabricLoaderBootstrap/]: Propagating FML mod list to Fabric Loader
[04Apr2026 00:40:37.531] [main/INFO] [cpw.mods.modlauncher.LaunchServiceHandler/MODLAUNCHER]: Launching target 'forgeserver' with arguments []
[04Apr2026 00:40:37.544] [main/WARN] [mixin/]: Reference map 'betterdungeons.refmap.json' for betterdungeons.mixins.json could not be read. If this is a development environment you can ignore this message
[04Apr2026 00:40:37.586] [main/INFO] [C2ME Modules Manager/]: Initializing com.ishland.c2me.fixes.general.threading_issues.mixin
[04Apr2026 00:40:37.592] [main/WARN] [mixin/]: Reference map 'yungsapi.refmap.json' for yungsapi.mixins.json could not be read. If this is a development environment you can ignore this message
[04Apr2026 00:40:37.593] [main/WARN] [mixin/]: Reference map 'darkutils.refmap.json' for darkutils.mixins.json could not be read. If this is a development environment you can ignore this message
[04Apr2026 00:40:37.594] [main/WARN] [mixin/]: Reference map 'fdbosses.refmap.json' for fdbosses.mixins.json could not be read. If this is a development environment you can ignore this message
[04Apr2026 00:40:37.595] [main/WARN] [mixin/]: Reference map 'createbetterfps.refmap.json' for createbetterfps.mixins.json could not be read. If this is a development environment you can ignore this message
[04Apr2026 00:40:37.597] [main/WARN] [mixin/]: Reference map 'transparent.refmap.json' for transparent.mixins.json could not be read. If this is a development environment you can ignore this message
[04Apr2026 00:40:37.598] [main/WARN] [mixin/]: Reference map 'reeses-sodium-options.refmap.json' for reeses-sodium-options.mixins.json could not be read. If this is a development environment you can ignore this message
[04Apr2026 00:40:37.599] [main/WARN] [mixin/]: Reference map 'mixins.tombstone.refmap.json' for tombstone.mixins.json could not be read. If this is a development environment you can ignore this message
[04Apr2026 00:40:37.601] [main/WARN] [mixin/]: Reference map '' for accessories-common.mixins.json could not be read. If this is a development environment you can ignore this message
[04Apr2026 00:40:37.602] [main/WARN] [mixin/]: Reference map '' for accessories-forge.mixins.json could not be read. If this is a development environment you can ignore this message
[04Apr2026 00:40:37.603] [main/WARN] [mixin/]: Reference map 'betterjungletemples.refmap.json' for betterjungletemples.mixins.json could not be read. If this is a development environment you can ignore this message
[04Apr2026 00:40:37.604] [main/INFO] [C2ME Modules Manager/]: Initializing com.ishland.c2me.threading.lighting.mixin
[04Apr2026 00:40:37.615] [main/INFO] [LithiumConfig/]: Option 'mixin.experimental.entity.block_caching.suffocation' requires 'mixin.util.block_tracking=true' but found 'false'. Setting 'mixin.experimental.entity.block_caching.suffocation=false'.
[04Apr2026 00:40:37.615] [main/INFO] [LithiumConfig/]: Option 'mixin.experimental.entity.block_caching.block_support' requires 'mixin.util.block_tracking=true' but found 'false'. Setting 'mixin.experimental.entity.block_caching.block_support=false'.
[04Apr2026 00:40:37.616] [main/INFO] [LithiumConfig/]: Option 'mixin.experimental.entity.block_caching.block_touching' requires 'mixin.util.block_tracking=true' but found 'false'. Setting 'mixin.experimental.entity.block_caching.block_touching=false'.
[04Apr2026 00:40:37.616] [main/INFO] [LithiumConfig/]: Option 'mixin.experimental.entity.block_caching' requires 'mixin.util.block_tracking=true' but found 'false'. Setting 'mixin.experimental.entity.block_caching=false'.
[04Apr2026 00:40:37.616] [main/INFO] [Lithium/]: Loaded configuration file for Lithium: 148 options available, 0 override(s) found
[04Apr2026 00:40:37.618] [main/WARN] [mixin/]: Reference map 'goblintraders.refmap.json' for goblintraders.common.mixins.json could not be read. If this is a development environment you can ignore this message
[04Apr2026 00:40:37.619] [main/WARN] [mixin/]: Reference map 'nyctography.refmap.json' for nyctography.mixins.json could not be read. If this is a development environment you can ignore this message
[04Apr2026 00:40:37.620] [main/WARN] [mixin/]: Reference map 'farmingforblockheads.refmap.json' for farmingforblockheads.mixins.json could not be read. If this is a development environment you can ignore this message
[04Apr2026 00:40:37.623] [main/INFO] [C2ME Modules Manager/]: Initializing com.ishland.c2me.opts.worldgen.vanilla.mixin
[04Apr2026 00:40:37.624] [main/INFO] [C2ME Modules Manager/]: Initializing com.ishland.c2me.opts.scheduling.mixin
[04Apr2026 00:40:37.636] [main/WARN] [mixin/]: Reference map 'smoothchunk.refmap.json' for smoothchunk.mixins.json could not be read. If this is a development environment you can ignore this message
[04Apr2026 00:40:37.637] [main/WARN] [mixin/]: Reference map 'terrablender.refmap.json' for terrablender.mixins.json could not be read. If this is a development environment you can ignore this message
[04Apr2026 00:40:37.637] [main/WARN] [mixin/]: Reference map 'terrablender.refmap.json' for terrablender_neoforge.mixins.json could not be read. If this is a development environment you can ignore this message
[04Apr2026 00:40:37.638] [main/WARN] [mixin/]: Reference map 'fdlib.refmap.json' for fdlib.mixins.json could not be read. If this is a development environment you can ignore this message
[04Apr2026 00:40:37.685] [main/WARN] [mixin/]: Reference map 'paintings.refmap.json' for paintings.mixins.json could not be read. If this is a development environment you can ignore this message
[04Apr2026 00:40:37.685] [main/WARN] [mixin/]: Reference map 'paintings.refmap.json' for paintings.neoforge.mixins.json could not be read. If this is a development environment you can ignore this message
[04Apr2026 00:40:37.688] [main/WARN] [mixin/]: Reference map 'crystal_chronicles.refmap.json' for crystal_chronicles.mixins.json could not be read. If this is a development environment you can ignore this message
[04Apr2026 00:40:37.703] [main/WARN] [mixin/]: Reference map 'extremesoundmuffler.refmap.json' for extremesoundmuffler.mixins.json could not be read. If this is a development environment you can ignore this message
[04Apr2026 00:40:37.703] [main/WARN] [mixin/]: Reference map 'kuma_api.refmap.json' for kuma_api.mixins.json could not be read. If this is a development environment you can ignore this message
[04Apr2026 00:40:37.706] [main/WARN] [mixin/]: Reference map 'structureessentials.refmap.json' for structureessentials.mixins.json could not be read. If this is a development environment you can ignore this message
[04Apr2026 00:40:37.707] [main/WARN] [mixin/]: Reference map 'placebo.refmap.json' for placebo.mixins.json could not be read. If this is a development environment you can ignore this message
[04Apr2026 00:40:37.707] [main/WARN] [mixin/]: Reference map 'fastfurnace.refmap.json' for fastfurnace.mixins.json could not be read. If this is a development environment you can ignore this message
[04Apr2026 00:40:37.708] [main/WARN] [mixin/]: Reference map 'bookshelf.refmap.json' for bookshelf.mixins.json could not be read. If this is a development environment you can ignore this message
[04Apr2026 00:40:37.709] [main/WARN] [mixin/]: Reference map 'apothic_cataclysm.refmap.json' for apothic_cataclysm.mixins.json could not be read. If this is a development environment you can ignore this message
[04Apr2026 00:40:37.710] [main/WARN] [mixin/]: Reference map 'carryon.refmap.json' for carryon.mixins.json could not be read. If this is a development environment you can ignore this message
[04Apr2026 00:40:37.711] [main/WARN] [mixin/]: Reference map 'melody.refmap.json' for melody.mixins.json could not be read. If this is a development environment you can ignore this message
[04Apr2026 00:40:37.712] [main/WARN] [mixin/]: Reference map 'melody.refmap.json' for melody.neoforge.mixins.json could not be read. If this is a development environment you can ignore this message
[04Apr2026 00:40:37.712] [main/INFO] [C2ME Modules Manager/]: Initializing com.ishland.c2me.fixes.worldgen.vanilla_bugs.mixin
[04Apr2026 00:40:37.714] [main/WARN] [mixin/]: Reference map 'konkrete.refmap.json' for konkrete.mixins.json could not be read. If this is a development environment you can ignore this message
[04Apr2026 00:40:37.715] [main/WARN] [mixin/]: Reference map 'konkrete.refmap.json' for konkrete.neoforge.mixins.json could not be read. If this is a development environment you can ignore this message
[04Apr2026 00:40:37.718] [main/WARN] [mixin/]: Reference map 'rechiseled_chipped.refmap.json' for rechiseled_chipped.mixins.json could not be read. If this is a development environment you can ignore this message
[04Apr2026 00:40:37.718] [main/WARN] [mixin/]: Reference map 'natures_spirit.refmap.json' for natures_spirit.mixins.json could not be read. If this is a development environment you can ignore this message
[04Apr2026 00:40:37.719] [main/WARN] [mixin/]: Reference map 'hostilenetworks.refmap.json' for hostilenetworks.mixins.json could not be read. If this is a development environment you can ignore this message
[04Apr2026 00:40:37.720] [main/WARN] [mixin/]: Reference map 'lionfishapi.refmap.json' for lionfishapi.mixins.json could not be read. If this is a development environment you can ignore this message
[04Apr2026 00:40:37.720] [main/WARN] [mixin/]: Reference map 'cataclysm.refmap.json' for cataclysm.mixins.json could not be read. If this is a development environment you can ignore this message
[04Apr2026 00:40:37.721] [main/WARN] [mixin/]: Reference map 'runelic.refmap.json' for runelic.mixins.json could not be read. If this is a development environment you can ignore this message
[04Apr2026 00:40:37.722] [main/WARN] [mixin/]: Reference map 'create_hypertube.refmap.json' for create_hypertube.mixins.json could not be read. If this is a development environment you can ignore this message
[04Apr2026 00:40:37.723] [main/WARN] [mixin/]: Reference map 'conflict_fix.refmap.json' for conflict_fix.mixins.json could not be read. If this is a development environment you can ignore this message
[04Apr2026 00:40:37.723] [main/WARN] [mixin/]: Reference map 'cupboard.refmap.json' for cupboard.mixins.json could not be read. If this is a development environment you can ignore this message
[04Apr2026 00:40:37.723] [main/INFO] [C2ME Modules Manager/]: Initializing com.ishland.c2me.rewrites.chunkio.mixin
[04Apr2026 00:40:37.728] [main/WARN] [mixin/]: Reference map 'ash_api.refmap.json' for ash_api.mixins.json could not be read. If this is a development environment you can ignore this message
[04Apr2026 00:40:37.736] [main/WARN] [mixin/]: Reference map 'clumps.refmap.json' for clumps.mixins.json could not be read. If this is a development environment you can ignore this message
[04Apr2026 00:40:37.739] [main/WARN] [mixin/]: Reference map 'oritechthings.refmap.json' for oritechthings.mixins.json could not be read. If this is a development environment you can ignore this message
[04Apr2026 00:40:37.739] [main/WARN] [mixin/]: Reference map 'craftingtweaks.refmap.json' for craftingtweaks.mixins.json could not be read. If this is a development environment you can ignore this message
[04Apr2026 00:40:37.740] [main/WARN] [mixin/]: Reference map 'apothic_spawners.refmap.json' for apothic_spawners.mixins.json could not be read. If this is a development environment you can ignore this message
[04Apr2026 00:40:37.743] [main/WARN] [mixin/]: Reference map 'creativecore.mixins.refmap.json' for creativecore.mixins.json could not be read. If this is a development environment you can ignore this message
[04Apr2026 00:40:37.744] [main/WARN] [mixin/]: Reference map 'creativecore.mixins.refmap.json' for creativecore.forge.mixins.json could not be read. If this is a development environment you can ignore this message
[04Apr2026 00:40:37.745] [main/WARN] [mixin/]: Reference map 'pigpen.refmap.json' for pigpen.mixins.json could not be read. If this is a development environment you can ignore this message
[04Apr2026 00:40:37.746] [main/WARN] [mixin/]: Reference map 'fastbench.refmap.json' for fastbench.mixins.json could not be read. If this is a development environment you can ignore this message
[04Apr2026 00:40:37.747] [main/WARN] [mixin/]: Reference map 'irons_spellbooks.refmap.json' for irons_spellbooks.mixins.json could not be read. If this is a development environment you can ignore this message
[04Apr2026 00:40:37.756] [main/WARN] [mixin/]: Reference map '${refmap_target}refmap.json' for ferritecore.predicates.mixin.json could not be read. If this is a development environment you can ignore this message
[04Apr2026 00:40:37.756] [main/WARN] [mixin/]: Reference map '${refmap_target}refmap.json' for ferritecore.fastmap.mixin.json could not be read. If this is a development environment you can ignore this message
[04Apr2026 00:40:37.757] [main/WARN] [mixin/]: Reference map '${refmap_target}refmap.json' for ferritecore.mrl.mixin.json could not be read. If this is a development environment you can ignore this message
[04Apr2026 00:40:37.757] [main/WARN] [mixin/]: Reference map '${refmap_target}refmap.json' for ferritecore.dedupmultipart.mixin.json could not be read. If this is a development environment you can ignore this message
[04Apr2026 00:40:37.758] [main/WARN] [mixin/]: Reference map '${refmap_target}refmap.json' for ferritecore.blockstatecache.mixin.json could not be read. If this is a development environment you can ignore this message
[04Apr2026 00:40:37.758] [main/WARN] [mixin/]: Reference map '${refmap_target}refmap.json' for ferritecore.dedupbakedquad.mixin.json could not be read. If this is a development environment you can ignore this message
[04Apr2026 00:40:37.758] [main/WARN] [mixin/]: Reference map '${refmap_target}refmap.json' for ferritecore.threaddetec.mixin.json could not be read. If this is a development environment you can ignore this message
[04Apr2026 00:40:37.759] [main/WARN] [mixin/]: Reference map '${refmap_target}refmap.json' for ferritecore.modelsides.mixin.json could not be read. If this is a development environment you can ignore this message
[04Apr2026 00:40:37.759] [main/WARN] [mixin/]: Reference map '${refmap_target}refmap.json' for ferritecore.datacomponents.mixin.json could not be read. If this is a development environment you can ignore this message
[04Apr2026 00:40:37.759] [main/WARN] [mixin/]: Reference map '${refmap_target}refmap.json' for ferritecore.accessors.mixin.json could not be read. If this is a development environment you can ignore this message
[04Apr2026 00:40:37.764] [main/INFO] [com.aziz.saturn.common.Saturn/]: Loaded Saturn config file with 4 configurable options
[04Apr2026 00:40:37.765] [main/WARN] [mixin/]: Reference map 'saturn.refmap.json' for saturn.mixins.json could not be read. If this is a development environment you can ignore this message
[04Apr2026 00:40:37.765] [main/INFO] [C2ME Modules Manager/]: Initializing com.ishland.c2me.fixes.worldgen.threading_issues.mixin
[04Apr2026 00:40:37.768] [main/WARN] [mixin/]: Reference map 'ponder.refmap.json' for ponder-common.mixins.json could not be read. If this is a development environment you can ignore this message
[04Apr2026 00:40:37.768] [main/INFO] [C2ME Modules Manager/]: Initializing com.ishland.c2me.rewrites.chunk_serializer.mixin
[04Apr2026 00:40:37.769] [main/INFO] [C2ME Modules Manager/]: Disabling com.ishland.c2me.rewrites.chunk_serializer.mixin
[04Apr2026 00:40:37.769] [main/WARN] [mixin/]: Reference map 'bettercaves.refmap.json' for bettercaves.mixins.json could not be read. If this is a development environment you can ignore this message
[04Apr2026 00:40:37.770] [main/WARN] [mixin/]: Reference map 'balm.refmap.json' for balm.mixins.json could not be read. If this is a development environment you can ignore this message
[04Apr2026 00:40:37.771] [main/WARN] [mixin/]: Reference map 'prickle.refmap.json' for prickle.mixins.json could not be read. If this is a development environment you can ignore this message
[04Apr2026 00:40:37.773] [main/WARN] [mixin/]: Reference map '' for chat_heads.neoforge.mixins.json could not be read. If this is a development environment you can ignore this message
[04Apr2026 00:40:37.773] [main/INFO] [C2ME Modules Manager/]: Initializing com.ishland.c2me.base.mixin
[04Apr2026 00:40:37.795] [main/INFO] [C2ME Config System/]: Global Executor Parallelism: 9 configured, 9 evaluated, 9 default evaluated
[04Apr2026 00:40:37.797] [main/WARN] [mixin/]: Reference map 'torchmaster.refmap.json' for torchmaster.mixins.json could not be read. If this is a development environment you can ignore this message
[04Apr2026 00:40:37.798] [main/WARN] [mixin/]: Reference map 'aces_spell_utils.refmap.json' for aces_spell_utils.mixins.json could not be read. If this is a development environment you can ignore this message
[04Apr2026 00:40:37.799] [main/WARN] [mixin/]: Reference map 'supermartijn642corelib.mixins.refmap.json' for supermartijn642corelib.mixins.json could not be read. If this is a development environment you can ignore this message
[04Apr2026 00:40:37.800] [main/WARN] [mixin/]: Reference map 'yungsbridges.refmap.json' for yungsbridges.mixins.json could not be read. If this is a development environment you can ignore this message
[04Apr2026 00:40:37.800] [main/WARN] [mixin/]: Reference map 'apothic_attributes.refmap.json' for apothic_attributes.mixins.json could not be read. If this is a development environment you can ignore this message
[04Apr2026 00:40:37.800] [main/INFO] [C2ME Modules Manager/]: Initializing com.ishland.c2me.opts.dfc.mixin
[04Apr2026 00:40:37.800] [main/INFO] [C2ME Modules Manager/]: Disabling com.ishland.c2me.opts.dfc.mixin
[04Apr2026 00:40:37.801] [main/WARN] [mixin/]: Reference map 'curios.refmap.json' for curios.neoforge.mixins.json could not be read. If this is a development environment you can ignore this message
[04Apr2026 00:40:37.801] [main/WARN] [mixin/]: Reference map 'curios.refmap.json' for curios.mixins.json could not be read. If this is a development environment you can ignore this message
[04Apr2026 00:40:37.802] [main/WARN] [mixin/]: Reference map 'searchables.refmap.json' for searchables.mixins.json could not be read. If this is a development environment you can ignore this message
[04Apr2026 00:40:37.802] [main/WARN] [mixin/]: Reference map 'searchables.refmap.json' for searchables.neoforge.mixins.json could not be read. If this is a development environment you can ignore this message
[04Apr2026 00:40:37.804] [main/WARN] [mixin/]: Reference map 'apotheosis.refmap.json' for apotheosis.mixins.json could not be read. If this is a development environment you can ignore this message
[04Apr2026 00:40:37.807] [main/WARN] [mixin/]: Reference map 'mekanismcovers.refmap.json' for mekanismcovers.mixins.json could not be read. If this is a development environment you can ignore this message
[04Apr2026 00:40:37.808] [main/WARN] [mixin/]: Reference map '${mod_id}.refmap.json' for bits_n_bobs.mixins.json could not be read. If this is a development environment you can ignore this message
[04Apr2026 00:40:37.810] [main/WARN] [mixin/]: Reference map 'glitchcore.refmap.json' for glitchcore.mixins.json could not be read. If this is a development environment you can ignore this message
[04Apr2026 00:40:37.810] [main/WARN] [mixin/]: Reference map 'glitchcore.refmap.json' for glitchcore.neoforge.mixins.json could not be read. If this is a development environment you can ignore this message
[04Apr2026 00:40:37.810] [main/WARN] [mixin/]: Reference map 'sereneseasons.refmap.json' for sereneseasons.mixins.json could not be read. If this is a development environment you can ignore this message
[04Apr2026 00:40:37.810] [main/WARN] [mixin/]: Reference map 'sereneseasons.refmap.json' for sereneseasons.neoforge.mixins.json could not be read. If this is a development environment you can ignore this message
[04Apr2026 00:40:37.811] [main/WARN] [mixin/]: Reference map 'toughasnails.refmap.json' for toughasnails.mixins.json could not be read. If this is a development environment you can ignore this message
[04Apr2026 00:40:37.811] [main/WARN] [mixin/]: Reference map 'toughasnails.refmap.json' for toughasnails.neoforge.mixins.json could not be read. If this is a development environment you can ignore this message
[04Apr2026 00:40:37.811] [main/WARN] [mixin/]: Reference map 'mixins.pneumaticcraft.refmap.json' for mixins.pneumaticcraft.json could not be read. If this is a development environment you can ignore this message
[04Apr2026 00:40:37.812] [main/INFO] [C2ME Modules Manager/]: Initializing com.ishland.c2me.rewrites.chunksystem.mixin
[04Apr2026 00:40:37.814] [main/WARN] [mixin/]: Reference map 'mixins.lazy_utilities.refmap.json' for mixins.lazy_utilities.json could not be read. If this is a development environment you can ignore this message
[04Apr2026 00:40:37.815] [main/WARN] [mixin/]: Reference map 'mixins.lazy_utilities.refmap.json' for mixins.lzm_epicfight.json could not be read. If this is a development environment you can ignore this message
[04Apr2026 00:40:37.815] [main/WARN] [mixin/]: Reference map 'mixins.indicator_status.json.json' for mixins.indicator_status.json could not be read. If this is a development environment you can ignore this message
[04Apr2026 00:40:37.819] [main/WARN] [mixin/]: Reference map 'polymorph.refmap.json' for polymorph.mixins.json could not be read. If this is a development environment you can ignore this message
[04Apr2026 00:40:37.820] [main/WARN] [mixin/]: Reference map 'polymorph.refmap.json' for polymorph-compatibility.mixins.json could not be read. If this is a development environment you can ignore this message
[04Apr2026 00:40:37.820] [main/INFO] [C2ME Modules Manager/]: Initializing com.ishland.c2me.notickvd.mixin
[04Apr2026 00:40:37.832] [main/WARN] [mixin/]: Reference map 'chunksending.refmap.json' for chunksending.mixins.json could not be read. If this is a development environment you can ignore this message
[04Apr2026 00:40:37.833] [main/WARN] [mixin/]: Reference map 'betterwitchhuts.refmap.json' for betterwitchhuts.mixins.json could not be read. If this is a development environment you can ignore this message
[04Apr2026 00:40:37.833] [main/WARN] [mixin/]: Reference map 'netherportalfix.refmap.json' for netherportalfix.mixins.json could not be read. If this is a development environment you can ignore this message
[04Apr2026 00:40:37.834] [main/WARN] [mixin/]: Reference map 'geckolib.refmap.json' for geckolib.mixins.json could not be read. If this is a development environment you can ignore this message
[04Apr2026 00:40:37.834] [main/INFO] [C2ME Modules Manager/]: Initializing com.ishland.c2me.opts.natives_math.mixin
[04Apr2026 00:40:37.835] [main/WARN] [C2ME Modules Manager/]: Disabling com.ishland.c2me.opts.natives_math.mixin due to incompatible Java version, see debug logs for details
[04Apr2026 00:40:37.835] [main/INFO] [C2ME Modules Manager/]: Disabling com.ishland.c2me.opts.natives_math.mixin
[04Apr2026 00:40:37.836] [main/WARN] [mixin/]: Reference map 'kleeslabs.refmap.json' for kleeslabs.mixins.json could not be read. If this is a development environment you can ignore this message
[04Apr2026 00:40:37.837] [main/WARN] [mixin/]: Reference map 'kleeslabs.refmap.json' for kleeslabs.neoforge.mixins.json could not be read. If this is a development environment you can ignore this message
[04Apr2026 00:40:37.837] [main/WARN] [mixin/]: Reference map 'controlling.refmap.json' for controlling.mixins.json could not be read. If this is a development environment you can ignore this message
[04Apr2026 00:40:37.837] [main/WARN] [mixin/]: Reference map 'controlling.refmap.json' for controlling.neoforge.mixins.json could not be read. If this is a development environment you can ignore this message
[04Apr2026 00:40:37.838] [main/WARN] [mixin/]: Reference map 'dankstorage.refmap.json' for dankstorage.mixins.json could not be read. If this is a development environment you can ignore this message
[04Apr2026 00:40:37.838] [main/WARN] [mixin/]: Reference map 'citadel.refmap.json' for citadel.mixins.json could not be read. If this is a development environment you can ignore this message
[04Apr2026 00:40:37.839] [main/WARN] [mixin/]: Reference map 'biomespy.refmap.json' for biomespy.mixins.json could not be read. If this is a development environment you can ignore this message
[04Apr2026 00:40:37.839] [main/INFO] [C2ME Modules Manager/]: Initializing com.ishland.c2me.opts.math.mixin
[04Apr2026 00:40:37.841] [main/WARN] [mixin/]: Reference map 'Steam_Rails-neoforge-refmap.json' for railways.mixins.json could not be read. If this is a development environment you can ignore this message
[04Apr2026 00:40:37.843] [main/INFO] [C2ME Modules Manager/]: Initializing com.ishland.c2me.fixes.chunkio.threading_issues.mixin
[04Apr2026 00:40:37.843] [main/INFO] [C2ME Modules Manager/]: Initializing com.ishland.c2me.client.uncapvd.mixin
[04Apr2026 00:40:37.845] [main/WARN] [mixin/]: Reference map 'patchouli.refmap.json' for patchouli_xplat.mixins.json could not be read. If this is a development environment you can ignore this message
[04Apr2026 00:40:37.845] [main/WARN] [mixin/]: Reference map 'irons_patreon_lib.refmap.json' for irons_patreon_lib.mixins.json could not be read. If this is a development environment you can ignore this message
[04Apr2026 00:40:37.846] [main/WARN] [mixin/]: Reference map 'betterstrongholds.refmap.json' for betterstrongholds.mixins.json could not be read. If this is a development environment you can ignore this message
[04Apr2026 00:40:37.848] [main/WARN] [mixin/]: Reference map 'ctl.refmap.json' for ctl.mixins.json could not be read. If this is a development environment you can ignore this message
[04Apr2026 00:40:37.863] [main/WARN] [mixin/]: Reference map 'mixins.justdirethings.refmap.json' for mixins.justdirethings.json could not be read. If this is a development environment you can ignore this message
[04Apr2026 00:40:37.864] [main/INFO] [C2ME Modules Manager/]: Initializing com.ishland.c2me.opts.allocs.mixin
[04Apr2026 00:40:37.866] [main/WARN] [mixin/]: Reference map 'oritech.refmap.json' for oritech.mixins.json could not be read. If this is a development environment you can ignore this message
[04Apr2026 00:40:37.866] [main/WARN] [mixin/]: Reference map 'cucumber.refmap.json' for cucumber.mixins.json could not be read. If this is a development environment you can ignore this message
[04Apr2026 00:40:37.866] [main/WARN] [mixin/]: Reference map 'trashslot.refmap.json' for trashslot.mixins.json could not be read. If this is a development environment you can ignore this message
[04Apr2026 00:40:37.867] [main/WARN] [mixin/]: Reference map 'jmi.refmap.json' for jmi.mixins.json could not be read. If this is a development environment you can ignore this message
[04Apr2026 00:40:37.871] [main/WARN] [mixin/]: Reference map 'pipeorgans.refmap.json' for pipeorgans.mixins.json could not be read. If this is a development environment you can ignore this message
[04Apr2026 00:40:37.873] [main/WARN] [mixin/]: Reference map 'waystones.refmap.json' for waystones.mixins.json could not be read. If this is a development environment you can ignore this message
[04Apr2026 00:40:37.874] [main/WARN] [mixin/]: Reference map 'CompactExpansion.refmap.json' for compactexpansion.mixins.json could not be read. If this is a development environment you can ignore this message
[04Apr2026 00:40:37.879] [main/WARN] [mixin/]: Reference map 'fastsuite.refmap.json' for fastsuite.mixins.json could not be read. If this is a development environment you can ignore this message
[04Apr2026 00:40:37.879] [main/WARN] [mixin/]: Reference map 'journeymap-refmap.json' for journeymap.mixins.json could not be read. If this is a development environment you can ignore this message
[04Apr2026 00:40:37.880] [main/WARN] [mixin/]: Reference map 'comforts.refmap.json' for comforts.mixins.json could not be read. If this is a development environment you can ignore this message
[04Apr2026 00:40:37.880] [main/WARN] [mixin/]: Reference map 'particular.refmap.json' for particular.mixins.json could not be read. If this is a development environment you can ignore this message
[04Apr2026 00:40:37.882] [main/WARN] [mixin/]: Reference map 'toofast.refmap.json' for toofast.mixins.json could not be read. If this is a development environment you can ignore this message
[04Apr2026 00:40:37.883] [main/WARN] [mixin/]: Reference map 'tfmg.refmap.json' for tfmg.mixins.json could not be read. If this is a development environment you can ignore this message
[04Apr2026 00:40:37.885] [main/WARN] [mixin/]: Reference map 'AEInfinityBooster.refmap.json' for AEInfinityBooster.mixins.json could not be read. If this is a development environment you can ignore this message
[04Apr2026 00:40:37.888] [main/WARN] [mixin/]: Reference map 'mixins.aae.refmap.json' for mixins.aae.json could not be read. If this is a development environment you can ignore this message
[04Apr2026 00:40:37.889] [main/WARN] [mixin/]: Reference map 'forbidden_arcanus.refmap.json' for forbidden_arcanus.mixins.json could not be read. If this is a development environment you can ignore this message
[04Apr2026 00:40:37.889] [main/INFO] [C2ME Modules Manager/]: Initializing com.ishland.c2me.server.utils.mixin
[04Apr2026 00:40:37.892] [main/INFO] [C2ME Modules Manager/]: Initializing com.ishland.c2me.opts.worldgen.general.mixin
[04Apr2026 00:40:37.892] [main/INFO] [C2ME Modules Manager/]: Initializing com.ishland.c2me.opts.chunkio.mixin
[04Apr2026 00:40:37.896] [main/WARN] [mixin/]: Reference map 'trade_cycling.refmap.json' for trade_cycling.mixins.json could not be read. If this is a development environment you can ignore this message
[04Apr2026 00:40:37.897] [main/WARN] [mixin/]: Reference map 'mixins.brandonscore.refmap.json' for mixins.brandonscore.json could not be read. If this is a development environment you can ignore this message
[04Apr2026 00:40:37.898] [main/WARN] [mixin/]: Reference map 'mixins.draconicevolution.refmap.json' for mixins.draconicevolution.json could not be read. If this is a development environment you can ignore this message
[04Apr2026 00:40:38.211] [main/INFO] [net.neoforged.coremod.CoreMod.apothic_enchanting/COREMODLOG]: Replaced 1 calls to Enchantment#getMaxLevel() in net/minecraft/world/item/enchantment/EnchantmentHelper
[04Apr2026 00:40:38.271] [main/WARN] [mixin/]: Error loading class: ca/spottedleaf/starlight/common/thread/SchedulingUtil (java.lang.ClassNotFoundException: ca.spottedleaf.starlight.common.thread.SchedulingUtil)
[04Apr2026 00:40:38.357] [main/ERROR] [net.neoforged.fml.common.asm.RuntimeDistCleaner/DISTXFORM]: Attempted to load class net/minecraft/client/Minecraft for invalid dist DEDICATED_SERVER
[04Apr2026 00:40:38.358] [main/WARN] [mixin/]: Error loading class: net/minecraft/client/Minecraft (java.lang.RuntimeException: Attempted to load class net/minecraft/client/Minecraft for invalid dist DEDICATED_SERVER)
[04Apr2026 00:40:38.358] [main/WARN] [mixin/]: @Mixin target net.minecraft.client.Minecraft was not found shield_api.mixins.json:client.MinecraftClientMixin from mod shield_api
[04Apr2026 00:40:38.360] [main/INFO] [C2ME Config System/]: Disabling config vanillaWorldGenOptimizations.optimizeStructureWeightSampler: Incompatible with twilightforest@4.8.3345 (*) (defined in c2me)
[04Apr2026 00:40:38.381] [main/WARN] [mixin/]: Error loading class: net/minecraft/client/player/KeyboardInput (java.lang.ClassNotFoundException: net.minecraft.client.player.KeyboardInput)
[04Apr2026 00:40:38.381] [main/WARN] [mixin/]: @Mixin target net.minecraft.client.player.KeyboardInput was not found fdlib.mixins.json:KeyboardInputMixin from mod fdlib
[04Apr2026 00:40:38.384] [main/INFO] [AllTheLeaks/]: Class dev.uncandango.alltheleaks.leaks.common.mods.sereneseasons.UntrackedIssue001 will be loaded as it matches versions: 10.1.0.3 in [10.1.0.1,)
[04Apr2026 00:40:38.384] [main/INFO] [AllTheLeaks/]: Class dev.uncandango.alltheleaks.leaks.common.mods.octolib.UntrackedIssue001 will be loaded as it matches versions: 0.6.1 in [0.5.0.1,)
[04Apr2026 00:40:38.384] [main/INFO] [AllTheLeaks/]: Mixins added to allowed list: [main.OctoRenderManagerMixin]
[04Apr2026 00:40:38.385] [main/INFO] [AllTheLeaks/]: Class dev.uncandango.alltheleaks.leaks.common.mods.neoforge.Issue1487 will be loaded as it matches versions: 21.1.220 in [21.,)
[04Apr2026 00:40:38.385] [main/INFO] [AllTheLeaks/]: Mixins added to allowed list: [main.ServerPlayerMixin, main.PlayerListMixin, main.accessor.PlayerAdvancementsAccessor]
[04Apr2026 00:40:38.385] [main/INFO] [AllTheLeaks/]: Class dev.uncandango.alltheleaks.leaks.common.mods.neoforge.Issue1486 will be loaded as it matches versions: 21.1.220 in [21.,)
[04Apr2026 00:40:38.385] [main/INFO] [AllTheLeaks/]: Class dev.uncandango.alltheleaks.leaks.common.mods.minecraft.UntrackedIssue003 will be loaded as it matches versions: 1.21.1 in [1.21.1,1.21.1]
[04Apr2026 00:40:38.385] [main/INFO] [AllTheLeaks/]: Mixins added to allowed list: [main.DebugSampleSubscriptionTrackerMixin]
[04Apr2026 00:40:38.385] [main/INFO] [AllTheLeaks/]: Class dev.uncandango.alltheleaks.leaks.common.mods.minecraft.UntrackedIssue002 will be loaded as it matches versions: 1.21.1 in 1.21.1
[04Apr2026 00:40:38.385] [main/INFO] [AllTheLeaks/]: Class dev.uncandango.alltheleaks.leaks.common.mods.minecraft.UntrackedIssue001 will be loaded as it matches versions: 1.21.1 in 1.21.1
[04Apr2026 00:40:38.385] [main/INFO] [AllTheLeaks/]: Mixins added to allowed list: [main.EntityTickListMixin]
[04Apr2026 00:40:38.385] [main/INFO] [AllTheLeaks/]: Class dev.uncandango.alltheleaks.leaks.common.mods.justdirethings.UntrackedIssue001 will be loaded as it matches versions: 1.5.7 in [1.0.0,)
[04Apr2026 00:40:38.385] [main/INFO] [AllTheLeaks/]: Mixins added to allowed list: [main.PlayerAccessorBEMixin]
[04Apr2026 00:40:38.385] [main/INFO] [AllTheLeaks/]: Class dev.uncandango.alltheleaks.leaks.common.mods.industrialforegoing.UntrackedIssue001 will be loaded as it matches versions: 1.21-3.6.38 in [1.21-3.6.33,)
[04Apr2026 00:40:38.385] [main/INFO] [AllTheLeaks/]: Class dev.uncandango.alltheleaks.leaks.common.mods.geckolib.UntrackedIssue001 will be loaded as it matches versions: 4.8.4 in *
[04Apr2026 00:40:38.385] [main/INFO] [AllTheLeaks/]: Mixins added to allowed list: [main.SingletonGeoAnimatableMixin]
[04Apr2026 00:40:38.386] [main/INFO] [AllTheLeaks/]: Class dev.uncandango.alltheleaks.leaks.common.mods.enderstorage.UntrackedIssue001 will be loaded as it matches versions: 2.13.0.191 in [2.13.0.191,)
[04Apr2026 00:40:38.386] [main/INFO] [AllTheLeaks/]: Class dev.uncandango.alltheleaks.leaks.common.mods.curios.Issue22 will be loaded as it matches versions: 9.5.1+1.21.1 in [9.0.6,)
[04Apr2026 00:40:38.386] [main/INFO] [AllTheLeaks/]: Mixins added to allowed list: [main.CuriosEventHandlerMixin]
[04Apr2026 00:40:38.389] [main/INFO] [AllTheLeaks/]: Class dev.uncandango.alltheleaks.feature.common.mods.minecraft.SaveWithLoadedChunks will be loaded as it matches versions: 1.21.1 in 1.21.1
[04Apr2026 00:40:38.389] [main/INFO] [AllTheLeaks/]: Class dev.uncandango.alltheleaks.feature.common.mods.minecraft.MemoryMonitor will be loaded as it matches versions: 1.21.1 in 1.21.1
[04Apr2026 00:40:38.390] [main/INFO] [AllTheLeaks/]: Mixins added to allowed list: [main.PlayerMixin, main.ChunkAccessMixin, main.LevelMixin, main.MinecraftServerMixin]
[04Apr2026 00:40:38.390] [main/INFO] [AllTheLeaks/]: Class dev.uncandango.alltheleaks.diag.common.mods.minecraft.LogSavedData will be loaded as it matches versions: 21.1.220 in [21.1,)
[04Apr2026 00:40:38.390] [main/INFO] [AllTheLeaks/]: Mixins added to allowed list: [main.SavedDataMixin]
[04Apr2026 00:40:38.398] [main/WARN] [mixin/]: Error loading class: it/hurts/octostudios/octolib/modules/particles/OctoRenderManager (java.lang.ClassNotFoundException: it.hurts.octostudios.octolib.modules.particles.OctoRenderManager)
[04Apr2026 00:40:38.398] [main/WARN] [mixin/]: @Mixin target it.hurts.octostudios.octolib.modules.particles.OctoRenderManager was not found alltheleaks.mixins.json:main.OctoRenderManagerMixin from mod alltheleaks
[04Apr2026 00:40:38.450] [main/INFO] [net.neoforged.coremod.CoreMod.apothic_enchanting/COREMODLOG]: Replaced 2 calls to Enchantment#getMaxLevel() in net/minecraft/world/inventory/AnvilMenu
[04Apr2026 00:40:38.457] [main/INFO] [net.neoforged.coremod.CoreMod.apothic_enchanting/COREMODLOG]: Replaced 2 calls to Enchantment#getMaxLevel() in net/minecraft/server/commands/EnchantCommand
[04Apr2026 00:40:38.461] [main/INFO] [net.neoforged.coremod.CoreMod.apothic_enchanting/COREMODLOG]: Replaced 1 calls to Enchantment#getMaxLevel() in net/minecraft/world/level/storage/loot/functions/EnchantRandomlyFunction
[04Apr2026 00:40:38.467] [main/INFO] [com.cupboard.Cupboard/]: Loaded config for: structureessentials.json
[04Apr2026 00:40:38.516] [main/WARN] [mixin/]: Error loading class: me/jellysquid/mods/lithium/common/ai/pathing/PathNodeDefaults (java.lang.ClassNotFoundException: me.jellysquid.mods.lithium.common.ai.pathing.PathNodeDefaults)
[04Apr2026 00:40:38.560] [main/INFO] [net.neoforged.coremod.CoreMod.apothic_enchanting/COREMODLOG]: Replaced 2 calls to Enchantment#getMaxLevel() in net/minecraft/world/item/CreativeModeTabs
[04Apr2026 00:40:38.612] [main/WARN] [mixin/]: Error loading class: vazkii/quark/addons/oddities/inventory/BackpackMenu (java.lang.ClassNotFoundException: vazkii.quark.addons.oddities.inventory.BackpackMenu)
[04Apr2026 00:40:38.645] [main/ERROR] [net.neoforged.fml.common.asm.RuntimeDistCleaner/DISTXFORM]: Attempted to load class net/minecraft/client/resources/model/ModelBakery$ModelBakerImpl for invalid dist DEDICATED_SERVER
[04Apr2026 00:40:38.645] [main/WARN] [mixin/]: Error loading class: net/minecraft/client/resources/model/ModelBakery$ModelBakerImpl (java.lang.RuntimeException: Attempted to load class net/minecraft/client/resources/model/ModelBakery$ModelBakerImpl for invalid dist DEDICATED_SERVER)
[04Apr2026 00:40:38.645] [main/WARN] [mixin/]: @Mixin target net.minecraft.client.resources.model.ModelBakery$ModelBakerImpl was not found ctm.mixins.json:TextureScrapingMixin from mod ctm
[04Apr2026 00:40:38.682] [main/INFO] [net.neoforged.coremod.CoreMod.apothic_enchanting/COREMODLOG]: Replaced 1 calls to Enchantment#getMaxLevel() in net/minecraft/world/item/enchantment/Enchantment
[04Apr2026 00:40:38.685] [main/WARN] [mixin/]: Error loading class: org/violetmoon/quark/content/tweaks/module/GoldToolsHaveFortuneModule (java.lang.ClassNotFoundException: org.violetmoon.quark.content.tweaks.module.GoldToolsHaveFortuneModule)
[04Apr2026 00:40:38.688] [main/WARN] [mixin/]: Error loading class: com/hollingsworth/arsnouveau/common/items/SpellCrossbow (java.lang.ClassNotFoundException: com.hollingsworth.arsnouveau.common.items.SpellCrossbow)
[04Apr2026 00:40:38.693] [main/WARN] [mixin/]: Error loading class: org/violetmoon/quark/content/tweaks/module/GoldToolsHaveFortuneModule (java.lang.ClassNotFoundException: org.violetmoon.quark.content.tweaks.module.GoldToolsHaveFortuneModule)
[04Apr2026 00:40:38.828] [main/WARN] [mixin/]: Error loading class: net/minecraft/client/OptionInstance (java.lang.ClassNotFoundException: net.minecraft.client.OptionInstance)
[04Apr2026 00:40:38.828] [main/WARN] [mixin/]: @Mixin target net.minecraft.client.OptionInstance was not found c2me-client-uncapvd.mixins.json:ISimpleOption from mod c2me_client_uncapvd
[04Apr2026 00:40:38.829] [main/ERROR] [net.neoforged.fml.common.asm.RuntimeDistCleaner/DISTXFORM]: Attempted to load class net/minecraft/client/Options for invalid dist DEDICATED_SERVER
[04Apr2026 00:40:38.830] [main/WARN] [mixin/]: Error loading class: net/minecraft/client/Options (java.lang.RuntimeException: Attempted to load class net/minecraft/client/Options for invalid dist DEDICATED_SERVER)
[04Apr2026 00:40:38.830] [main/WARN] [mixin/]: @Mixin target net.minecraft.client.Options was not found c2me-client-uncapvd.mixins.json:MixinGameOptions from mod c2me_client_uncapvd
[04Apr2026 00:40:38.831] [main/WARN] [mixin/]: Error loading class: me/jellysquid/mods/sodium/client/gui/SodiumGameOptionPages (java.lang.ClassNotFoundException: me.jellysquid.mods.sodium.client.gui.SodiumGameOptionPages)
[04Apr2026 00:40:38.832] [main/WARN] [mixin/]: Error loading class: net/caffeinemc/sodium/config/user/UserConfigCategories (java.lang.ClassNotFoundException: net.caffeinemc.sodium.config.user.UserConfigCategories)
[04Apr2026 00:40:38.832] [main/WARN] [mixin/]: Error loading class: net/caffeinemc/mods/sodium/client/gui/SodiumGameOptionPages (java.lang.ClassNotFoundException: net.caffeinemc.mods.sodium.client.gui.SodiumGameOptionPages)
[04Apr2026 00:40:38.833] [main/WARN] [mixin/]: Error loading class: net/vulkanmod/config/option/Options (java.lang.ClassNotFoundException: net.vulkanmod.config.option.Options)
[04Apr2026 00:40:38.839] [main/WARN] [mixin/]: Error loading class: net/minecraft/client/renderer/entity/PhantomRenderer (java.lang.ClassNotFoundException: net.minecraft.client.renderer.entity.PhantomRenderer)
[04Apr2026 00:40:38.839] [main/WARN] [mixin/]: @Mixin target net.minecraft.client.renderer.entity.PhantomRenderer was not found deeperdarker.mixins.json:PhantomRendererMixin from mod deeperdarker
[04Apr2026 00:40:38.935] [main/WARN] [mixin/]: Error loading class: com/buuz135/functionalstorage/world/EnderSavedData (java.lang.ClassNotFoundException: com.buuz135.functionalstorage.world.EnderSavedData)
[04Apr2026 00:40:38.935] [main/WARN] [mixin/]: @Mixin target com.buuz135.functionalstorage.world.EnderSavedData was not found mixins.extendedae.json:MixinEnderSavedData from mod extendedae
[04Apr2026 00:40:38.947] [main/ERROR] [net.neoforged.fml.common.asm.RuntimeDistCleaner/DISTXFORM]: Attempted to load class net/minecraft/client/player/AbstractClientPlayer for invalid dist DEDICATED_SERVER
[04Apr2026 00:40:38.947] [main/WARN] [mixin/]: Error loading class: net/minecraft/client/player/AbstractClientPlayer (java.lang.RuntimeException: Attempted to load class net/minecraft/client/player/AbstractClientPlayer for invalid dist DEDICATED_SERVER)
[04Apr2026 00:40:38.947] [main/WARN] [mixin/]: @Mixin target net.minecraft.client.player.AbstractClientPlayer was not found mixins.create_sa.json:AbstractClientPlayerMixin from mod create_sa
[04Apr2026 00:40:39.060] [main/WARN] [mixin/]: Error loading class: it/hurts/octostudios/octolib/modules/particles/OctoRenderManager (java.lang.ClassNotFoundException: it.hurts.octostudios.octolib.modules.particles.OctoRenderManager)
[04Apr2026 00:40:39.061] [main/WARN] [mixin/]: Error loading class: it/hurts/octostudios/octolib/modules/particles/OctoRenderManager (java.lang.ClassNotFoundException: it.hurts.octostudios.octolib.modules.particles.OctoRenderManager)
[04Apr2026 00:40:39.146] [main/ERROR] [net.neoforged.fml.common.asm.RuntimeDistCleaner/DISTXFORM]: Attempted to load class net/minecraft/client/gui/screens/MenuScreens$ScreenConstructor for invalid dist DEDICATED_SERVER
[04Apr2026 00:40:39.146] [main/WARN] [mixin/]: Error loading class: net/minecraft/client/gui/screens/MenuScreens$ScreenConstructor (java.lang.RuntimeException: Attempted to load class net/minecraft/client/gui/screens/MenuScreens$ScreenConstructor for invalid dist DEDICATED_SERVER)
[04Apr2026 00:40:39.162] [main/WARN] [mixin/]: Error loading class: org/jetbrains/annotations/ApiStatus$ScheduledForRemoval (java.lang.ClassNotFoundException: org.jetbrains.annotations.ApiStatus$ScheduledForRemoval)
[04Apr2026 00:40:39.240] [main/INFO] [MixinExtras|Service/]: Initializing MixinExtras via com.llamalad7.mixinextras.service.MixinExtrasServiceImpl(version=0.5.0).
[04Apr2026 00:40:40.032] [main/INFO] [net.neoforged.coremod.CoreMod.apothic_enchanting/COREMODLOG]: Replaced 2 calls to Enchantment#getMaxLevel() in net/minecraft/world/item/CreativeModeTabs
[04Apr2026 00:40:41.397] [main/WARN] [mixin/]: Method overwrite conflict for getTemperature in saturn.mixins.json:leaks.biome_temperature_cache.BiomeMixin from mod saturn, previously written by net.caffeinemc.mods.lithium.mixin.world.temperature_cache.BiomeMixin. Skipping method.
[04Apr2026 00:40:41.435] [main/INFO] [net.neoforged.coremod.CoreMod.apothic_enchanting/COREMODLOG]: Replaced 2 calls to Enchantment#getMaxLevel() in net/minecraft/world/inventory/AnvilMenu
[04Apr2026 00:40:41.585] [main/WARN] [mixin/]: Method overwrite conflict for getSlotsForFace in saturn.mixins.json:allocations.composter.ComposterBlockMixin$InputContainerMixin from mod saturn, previously written by net.caffeinemc.mods.lithium.mixin.alloc.composter.ComposterMixin$ComposterBlockComposterInventoryMixin. Skipping method.
[04Apr2026 00:40:41.586] [main/WARN] [mixin/]: Method overwrite conflict for getSlotsForFace in saturn.mixins.json:allocations.composter.ComposterBlockMixin$EmptyContainerMixin from mod saturn, previously written by net.caffeinemc.mods.lithium.mixin.alloc.composter.ComposterMixin$ComposterBlockDummyInventoryMixin. Skipping method.
[04Apr2026 00:40:41.663] [main/WARN] [mixin/]: Method overwrite conflict for getHeldItem in mekanismcovers.mixins.json:EntityCollisionContextAccessor from mod mekanismcovers, previously written by net.caffeinemc.mods.lithium.mixin.shapes.lazy_shape_context.EntityCollisionContextMixin. Skipping method.
[04Apr2026 00:40:42.064] [main/INFO] [net.neoforged.coremod.CoreMod.apothic_enchanting/COREMODLOG]: Replaced 1 calls to Enchantment#getMaxLevel() in net/minecraft/world/item/enchantment/Enchantment
[04Apr2026 00:40:42.140] [main/WARN] [mixin/]: Method overwrite conflict for scheduleRandomTick in ohthetreesyoullgrow.mixins.json:chunk.MixinChunkAccess from mod ohthetreesyoullgrow, previously written by corgitaco.corgilib.mixin.chunk.MixinChunkAccess. Skipping method.
[04Apr2026 00:40:42.140] [main/WARN] [mixin/]: Method overwrite conflict for getScheduledRandomTicks in ohthetreesyoullgrow.mixins.json:chunk.MixinChunkAccess from mod ohthetreesyoullgrow, previously written by corgitaco.corgilib.mixin.chunk.MixinChunkAccess. Skipping method.
[04Apr2026 00:40:42.854] [main/INFO] [net.neoforged.coremod.CoreMod.apothic_enchanting/COREMODLOG]: Patching FishingHook#catchingFish
[04Apr2026 00:40:43.378] [main/INFO] [net.neoforged.coremod.CoreMod.apothic_enchanting/COREMODLOG]: Replaced 1 calls to Enchantment#getMaxLevel() in net/minecraft/world/level/storage/loot/functions/EnchantRandomlyFunction
[04Apr2026 00:40:43.700] [main/WARN] [mixin/]: Method overwrite conflict for clone in biomespy.mixins.json:compat.terrablender.ParameterListMixin from mod biomespy, previously written by terrablender.mixin.MixinParameterList. Skipping method.
[04Apr2026 00:40:43.911] [main/INFO] [net.neoforged.coremod.CoreMod.apothic_enchanting/COREMODLOG]: Replaced 1 calls to Enchantment#getMaxLevel() in net/minecraft/world/item/enchantment/providers/SingleEnchantment
[04Apr2026 00:40:43.912] [main/INFO] [dev.yumi.mc.core.impl.YumiFoundationMod/]: Initializing mods (entrypoint yumi:init)...
[04Apr2026 00:40:44.117] [modloading-worker-0/INFO] [net.neoforged.neoforge.common.NeoForgeMod/NEOFORGE-MOD]: NeoForge mod loading, version 21.1.220, for MC 1.21.1
[04Apr2026 00:40:44.133] [modloading-worker-0/INFO] [Railways/]: Steam 'n' Rails v1.6.13-alpha initializing! Commit hash: dev on Create version: 6.0.9 on platform: Neoforge
[04Apr2026 00:40:44.139] [modloading-worker-0/INFO] [PluginManager/]: Scanning classes for industrialforegoing
[04Apr2026 00:40:44.142] [modloading-worker-0/INFO] [PluginManager/]: Found FeaturePluginInstance for class FTBChunksPlugin for plugin ftbchunks
[04Apr2026 00:40:44.142] [modloading-worker-0/INFO] [PluginManager/]: Found FeaturePluginInstance for class PatchouliPlugin for plugin patchouli
[04Apr2026 00:40:44.142] [modloading-worker-0/INFO] [PluginManager/]: Found FeaturePluginInstance for class CuriosPlugin for plugin curios
[04Apr2026 00:40:44.156] [modloading-worker-0/INFO] [PluginManager/]: Constructed class FTBChunksPlugin for plugin ftbchunks for mod industrialforegoing
[04Apr2026 00:40:44.156] [modloading-worker-0/INFO] [PluginManager/]: Constructed class PatchouliPlugin for plugin patchouli for mod industrialforegoing
[04Apr2026 00:40:44.157] [modloading-worker-0/INFO] [PluginManager/]: Constructed class CuriosPlugin for plugin curios for mod industrialforegoing
[04Apr2026 00:40:44.157] [modloading-worker-0/INFO] [PluginManager/]: Executing phase CONSTRUCTION for plugin class FTBChunksPlugin
[04Apr2026 00:40:44.160] [modloading-worker-0/INFO] [PluginManager/]: Executing phase CONSTRUCTION for plugin class PatchouliPlugin
[04Apr2026 00:40:44.165] [modloading-worker-0/INFO] [PluginManager/]: Executing phase CONSTRUCTION for plugin class CuriosPlugin
[04Apr2026 00:40:44.176] [modloading-worker-0/INFO] [PluginManager/]: Executing phase PRE_INIT for plugin class FTBChunksPlugin
[04Apr2026 00:40:44.176] [modloading-worker-0/INFO] [PluginManager/]: Executing phase PRE_INIT for plugin class PatchouliPlugin
[04Apr2026 00:40:44.177] [modloading-worker-0/INFO] [PluginManager/]: Executing phase PRE_INIT for plugin class CuriosPlugin
[04Apr2026 00:40:44.178] [modloading-worker-0/INFO] [noisium/]: Loading Noisium.
[04Apr2026 00:40:44.211] [modloading-worker-0/INFO] [com.iafenvoy.jupiter.Jupiter/]: Config spec system detected, register to Jupiter Config System.
[04Apr2026 00:40:44.215] [modloading-worker-0/INFO] [com.iafenvoy.jupiter.Jupiter/]: Cloth Config API detected, register to Jupiter Config System.
[04Apr2026 00:40:44.313] [modloading-worker-0/INFO] [com.Pdiddy973.AllTheCompressed.AllTheCompressed/]: Registering mod: allthecompressed
[04Apr2026 00:40:44.336] [modloading-worker-0/INFO] [com.Pdiddy973.AllTheCompressed.AllTheCompressed/]: Registering overlays for loaded mods: [allthecompressed, alltheores, ae2, enderio, extendedae, forbidden_arcanus, minecraft, pneumaticcraft, powah]
[04Apr2026 00:40:44.336] [modloading-worker-0/INFO] [com.Pdiddy973.AllTheCompressed.AllTheCompressed/]: Skipping overlays for absent mods: [allthemodium, allthetweaks, aoa3, appflux, botania, exdeorum, megacells, productivebees, xycraft_world]
[04Apr2026 00:40:44.393] [modloading-worker-0/INFO] [shield_api/]: Shield API initialized!
[04Apr2026 00:40:44.398] [modloading-worker-0/INFO] [nadiendev.compactmachinerooms.CompactMachinerooms/]: Compact Room Templates Auto-Enabler iniciado
[04Apr2026 00:40:44.449] [modloading-worker-0/INFO] [PluginManager/]: Executing phase INIT for plugin class FTBChunksPlugin
[04Apr2026 00:40:44.449] [modloading-worker-0/INFO] [PluginManager/]: Executing phase INIT for plugin class PatchouliPlugin
[04Apr2026 00:40:44.449] [modloading-worker-0/INFO] [PluginManager/]: Executing phase INIT for plugin class CuriosPlugin
[04Apr2026 00:40:44.461] [modloading-worker-0/INFO] [net.blay09.mods.balm.neoforge.config.NeoForgeBalmConfig/]: Registering config for farmingforblockheads:common (COMMON) with 10 properties.
[04Apr2026 00:40:44.523] [modloading-worker-0/INFO] [com.simibubi.create.Create/]: Create 6.0.9 initializing! Commit hash: e2de2b9a02406ec33ff6d8851ed6f0b56240b6ec
[04Apr2026 00:40:44.536] [modloading-worker-0/INFO] [PluginManager/]: Executing phase POST_INIT for plugin class FTBChunksPlugin
[04Apr2026 00:40:44.536] [modloading-worker-0/INFO] [PluginManager/]: Executing phase POST_INIT for plugin class PatchouliPlugin
[04Apr2026 00:40:44.536] [modloading-worker-0/INFO] [PluginManager/]: Executing phase POST_INIT for plugin class CuriosPlugin
[04Apr2026 00:40:44.611] [modloading-worker-0/WARN] [de.keksuccino.melody.Melody/]: [MELODY] Disabling Melody since it's loaded server-side.
[04Apr2026 00:40:44.672] [modloading-worker-0/INFO] [de.keksuccino.konkrete.Konkrete/]: [KONKRETE] Loading v1.9.9 in server-side mode on NEOFORGE!
[04Apr2026 00:40:44.673] [modloading-worker-0/INFO] [de.keksuccino.konkrete.Konkrete/]: ---------------------------
[04Apr2026 00:40:44.673] [modloading-worker-0/INFO] [de.keksuccino.konkrete.Konkrete/]: KONKRETE SHIPS AND USES THE FOLLOWING LIBRARIES:
[04Apr2026 00:40:44.673] [modloading-worker-0/INFO] [de.keksuccino.konkrete.Konkrete/]:  
[04Apr2026 00:40:44.673] [modloading-worker-0/INFO] [de.keksuccino.konkrete.Konkrete/]: Open Imaging Copyright © 2014 Dhyan Blum.
[04Apr2026 00:40:44.673] [modloading-worker-0/INFO] [de.keksuccino.konkrete.Konkrete/]: Open Imaging is licensed under Apache-2.0.
[04Apr2026 00:40:44.673] [modloading-worker-0/INFO] [de.keksuccino.konkrete.Konkrete/]:  
[04Apr2026 00:40:44.673] [modloading-worker-0/INFO] [de.keksuccino.konkrete.Konkrete/]: JsonPath Copyright © 2017 Jayway.
[04Apr2026 00:40:44.673] [modloading-worker-0/INFO] [de.keksuccino.konkrete.Konkrete/]: JsonPath is licensed under Apache-2.0.
[04Apr2026 00:40:44.673] [modloading-worker-0/INFO] [de.keksuccino.konkrete.Konkrete/]:  
[04Apr2026 00:40:44.673] [modloading-worker-0/INFO] [de.keksuccino.konkrete.Konkrete/]: Json-smart Copyright © netplex.
[04Apr2026 00:40:44.673] [modloading-worker-0/INFO] [de.keksuccino.konkrete.Konkrete/]: Json-smart is licensed under Apache-2.0.
[04Apr2026 00:40:44.673] [modloading-worker-0/INFO] [de.keksuccino.konkrete.Konkrete/]:  
[04Apr2026 00:40:44.673] [modloading-worker-0/INFO] [de.keksuccino.konkrete.Konkrete/]: Exp4j Copyright © Frank Asseg.
[04Apr2026 00:40:44.673] [modloading-worker-0/INFO] [de.keksuccino.konkrete.Konkrete/]: Exp4j is licensed under Apache-2.0. https://github.com/fasseg/exp4j
[04Apr2026 00:40:44.674] [modloading-worker-0/INFO] [de.keksuccino.konkrete.Konkrete/]: ---------------------------
[04Apr2026 00:40:44.674] [modloading-worker-0/INFO] [de.keksuccino.konkrete.Konkrete/]: [KONKRETE] Server-side modules initialized and ready to use!
[04Apr2026 00:40:44.682] [modloading-worker-0/INFO] [Puzzles Lib/]: Constructing common components for diagonalwalls:main
[04Apr2026 00:40:44.682] [modloading-worker-0/INFO] [Puzzles Lib/]: Constructing common components for diagonalblocks:main
[04Apr2026 00:40:44.768] [modloading-worker-0/INFO] [PluginManager/]: Scanning classes for industrialforegoingsouls
[04Apr2026 00:40:44.802] [modloading-worker-0/INFO] [com.cupboard.Cupboard/]: Loaded config for: cupboard.json
[04Apr2026 00:40:44.815] [modloading-worker-0/INFO] [ObservableNet/]: Registered class observable.net.C2SPacket$InitTPSProfile
[04Apr2026 00:40:44.815] [modloading-worker-0/WARN] [supermartijn642corelib/]: Mod 'Chipped' is requesting registration helper for different modid 'rechiseled_chipped'!
[04Apr2026 00:40:44.816] [modloading-worker-0/INFO] [ObservableNet/]: Registered class observable.net.C2SPacket$RequestAvailability
[04Apr2026 00:40:44.817] [modloading-worker-0/INFO] [ObservableNet/]: Registered class observable.net.S2CPacket$ProfilingStarted
[04Apr2026 00:40:44.818] [modloading-worker-0/INFO] [ObservableNet/]: Registered class observable.net.S2CPacket$ProfilingCompleted
[04Apr2026 00:40:44.820] [modloading-worker-0/INFO] [ObservableNet/]: Registered class observable.net.S2CPacket$ProfilerInactive
[04Apr2026 00:40:44.821] [modloading-worker-0/INFO] [ObservableNet/]: Registered class observable.net.S2CPacket$ProfilingResult
[04Apr2026 00:40:44.823] [modloading-worker-0/INFO] [ObservableNet/]: Registered class observable.net.S2CPacket$Availability
[04Apr2026 00:40:44.826] [modloading-worker-0/WARN] [mixin/]: Discarding @Unique public method rotate in copycats-neoforge.mixins.json:foundation.copycat.CopycatBlockMixin from mod copycats because it already exists in com.copycatsplus.copycats.content.copycat.door.CopycatDoorBlock
[04Apr2026 00:40:44.826] [modloading-worker-0/WARN] [mixin/]: Discarding @Unique public method mirror in copycats-neoforge.mixins.json:foundation.copycat.CopycatBlockMixin from mod copycats because it already exists in com.copycatsplus.copycats.content.copycat.door.CopycatDoorBlock
[04Apr2026 00:40:44.826] [modloading-worker-0/WARN] [mixin/]: Discarding @Unique public method useItemOn in copycats-neoforge.mixins.json:foundation.copycat.CopycatBlockMixin from mod copycats because it already exists in com.copycatsplus.copycats.content.copycat.door.CopycatDoorBlock
[04Apr2026 00:40:44.826] [modloading-worker-0/WARN] [mixin/]: Discarding @Unique public method useWithoutItem in copycats-neoforge.mixins.json:foundation.copycat.CopycatBlockMixin from mod copycats because it already exists in com.copycatsplus.copycats.content.copycat.door.CopycatDoorBlock
[04Apr2026 00:40:44.830] [modloading-worker-0/WARN] [mixin/]: Discarding @Unique public method rotate in copycats-neoforge.mixins.json:foundation.copycat.CopycatBlockMixin from mod copycats because it already exists in com.copycatsplus.copycats.content.copycat.fluid_pipe.CopycatGlassFluidPipeBlock
[04Apr2026 00:40:44.830] [modloading-worker-0/WARN] [mixin/]: Discarding @Unique public method mirror in copycats-neoforge.mixins.json:foundation.copycat.CopycatBlockMixin from mod copycats because it already exists in com.copycatsplus.copycats.content.copycat.fluid_pipe.CopycatGlassFluidPipeBlock
[04Apr2026 00:40:44.830] [modloading-worker-0/WARN] [mixin/]: Discarding @Unique public method useItemOn in copycats-neoforge.mixins.json:foundation.copycat.CopycatBlockMixin from mod copycats because it already exists in com.copycatsplus.copycats.content.copycat.fluid_pipe.CopycatGlassFluidPipeBlock
[04Apr2026 00:40:44.830] [modloading-worker-0/WARN] [mixin/]: Discarding @Unique public method useWithoutItem in copycats-neoforge.mixins.json:foundation.copycat.CopycatBlockMixin from mod copycats because it already exists in com.copycatsplus.copycats.content.copycat.fluid_pipe.CopycatGlassFluidPipeBlock
[04Apr2026 00:40:44.839] [modloading-worker-0/INFO] [bundleapi/]: Customized Bundles!
[04Apr2026 00:40:44.840] [modloading-worker-0/WARN] [mixin/]: Discarding @Unique public method rotate in copycats-neoforge.mixins.json:foundation.copycat.multistate.MultiStateCopycatBlockMixin from mod copycats because it already exists in com.copycatsplus.copycats.foundation.copycat.multistate.MultiStateCopycatBlock
[04Apr2026 00:40:44.840] [modloading-worker-0/WARN] [mixin/]: Discarding @Unique public method mirror in copycats-neoforge.mixins.json:foundation.copycat.multistate.MultiStateCopycatBlockMixin from mod copycats because it already exists in com.copycatsplus.copycats.foundation.copycat.multistate.MultiStateCopycatBlock
[04Apr2026 00:40:44.840] [modloading-worker-0/WARN] [mixin/]: Discarding @Unique public method useItemOn in copycats-neoforge.mixins.json:foundation.copycat.multistate.MultiStateCopycatBlockMixin from mod copycats because it already exists in com.copycatsplus.copycats.foundation.copycat.multistate.MultiStateCopycatBlock
[04Apr2026 00:40:44.840] [modloading-worker-0/WARN] [mixin/]: Discarding @Unique public method useWithoutItem in copycats-neoforge.mixins.json:foundation.copycat.multistate.MultiStateCopycatBlockMixin from mod copycats because it already exists in com.copycatsplus.copycats.foundation.copycat.multistate.MultiStateCopycatBlock
[04Apr2026 00:40:44.853] [modloading-worker-0/WARN] [mixin/]: Discarding @Unique public method rotate in copycats-neoforge.mixins.json:foundation.copycat.CopycatBlockMixin from mod copycats because it already exists in com.copycatsplus.copycats.content.copycat.sliding_door.CopycatSlidingDoorBlock
[04Apr2026 00:40:44.853] [modloading-worker-0/WARN] [mixin/]: Discarding @Unique public method mirror in copycats-neoforge.mixins.json:foundation.copycat.CopycatBlockMixin from mod copycats because it already exists in com.copycatsplus.copycats.content.copycat.sliding_door.CopycatSlidingDoorBlock
[04Apr2026 00:40:44.853] [modloading-worker-0/WARN] [mixin/]: Discarding @Unique public method useItemOn in copycats-neoforge.mixins.json:foundation.copycat.CopycatBlockMixin from mod copycats because it already exists in com.copycatsplus.copycats.content.copycat.sliding_door.CopycatSlidingDoorBlock
[04Apr2026 00:40:44.853] [modloading-worker-0/WARN] [mixin/]: Discarding @Unique public method useWithoutItem in copycats-neoforge.mixins.json:foundation.copycat.CopycatBlockMixin from mod copycats because it already exists in com.copycatsplus.copycats.content.copycat.sliding_door.CopycatSlidingDoorBlock
[04Apr2026 00:40:44.917] [modloading-worker-0/WARN] [mixin/]: Discarding @Unique public method rotate in copycats-neoforge.mixins.json:foundation.copycat.CopycatBlockMixin from mod copycats because it already exists in com.copycatsplus.copycats.foundation.copycat.CCCopycatBlock
[04Apr2026 00:40:44.922] [modloading-worker-0/WARN] [mixin/]: Discarding @Unique public method mirror in copycats-neoforge.mixins.json:foundation.copycat.CopycatBlockMixin from mod copycats because it already exists in com.copycatsplus.copycats.foundation.copycat.CCCopycatBlock
[04Apr2026 00:40:44.922] [modloading-worker-0/WARN] [mixin/]: Discarding @Unique public method useItemOn in copycats-neoforge.mixins.json:foundation.copycat.CopycatBlockMixin from mod copycats because it already exists in com.copycatsplus.copycats.foundation.copycat.CCCopycatBlock
[04Apr2026 00:40:44.922] [modloading-worker-0/WARN] [mixin/]: Discarding @Unique public method useWithoutItem in copycats-neoforge.mixins.json:foundation.copycat.CopycatBlockMixin from mod copycats because it already exists in com.copycatsplus.copycats.foundation.copycat.CCCopycatBlock
[04Apr2026 00:40:45.003] [modloading-worker-0/WARN] [mixin/]: Discarding @Unique public method rotate in copycats-neoforge.mixins.json:foundation.copycat.CopycatBlockMixin from mod copycats because it already exists in com.copycatsplus.copycats.content.copycat.button.CopycatButtonBlock
[04Apr2026 00:40:45.003] [modloading-worker-0/WARN] [mixin/]: Discarding @Unique public method mirror in copycats-neoforge.mixins.json:foundation.copycat.CopycatBlockMixin from mod copycats because it already exists in com.copycatsplus.copycats.content.copycat.button.CopycatButtonBlock
[04Apr2026 00:40:45.003] [modloading-worker-0/WARN] [mixin/]: Discarding @Unique public method useItemOn in copycats-neoforge.mixins.json:foundation.copycat.CopycatBlockMixin from mod copycats because it already exists in com.copycatsplus.copycats.content.copycat.button.CopycatButtonBlock
[04Apr2026 00:40:45.003] [modloading-worker-0/WARN] [mixin/]: Discarding @Unique public method useWithoutItem in copycats-neoforge.mixins.json:foundation.copycat.CopycatBlockMixin from mod copycats because it already exists in com.copycatsplus.copycats.content.copycat.button.CopycatButtonBlock
[04Apr2026 00:40:45.019] [modloading-worker-0/WARN] [mixin/]: Discarding @Unique public method rotate in copycats-neoforge.mixins.json:foundation.copycat.CopycatBlockMixin from mod copycats because it already exists in com.copycatsplus.copycats.content.copycat.fence.CopycatFenceBlock
[04Apr2026 00:40:45.019] [modloading-worker-0/WARN] [mixin/]: Discarding @Unique public method mirror in copycats-neoforge.mixins.json:foundation.copycat.CopycatBlockMixin from mod copycats because it already exists in com.copycatsplus.copycats.content.copycat.fence.CopycatFenceBlock
[04Apr2026 00:40:45.019] [modloading-worker-0/WARN] [mixin/]: Discarding @Unique public method useItemOn in copycats-neoforge.mixins.json:foundation.copycat.CopycatBlockMixin from mod copycats because it already exists in com.copycatsplus.copycats.content.copycat.fence.CopycatFenceBlock
[04Apr2026 00:40:45.019] [modloading-worker-0/WARN] [mixin/]: Discarding @Unique public method useWithoutItem in copycats-neoforge.mixins.json:foundation.copycat.CopycatBlockMixin from mod copycats because it already exists in com.copycatsplus.copycats.content.copycat.fence.CopycatFenceBlock
[04Apr2026 00:40:45.029] [modloading-worker-0/WARN] [mixin/]: Discarding @Unique public method rotate in copycats-neoforge.mixins.json:foundation.copycat.CopycatBlockMixin from mod copycats because it already exists in com.copycatsplus.copycats.content.copycat.fence_gate.CopycatFenceGateBlock
[04Apr2026 00:40:45.029] [modloading-worker-0/WARN] [mixin/]: Discarding @Unique public method mirror in copycats-neoforge.mixins.json:foundation.copycat.CopycatBlockMixin from mod copycats because it already exists in com.copycatsplus.copycats.content.copycat.fence_gate.CopycatFenceGateBlock
[04Apr2026 00:40:45.030] [modloading-worker-0/WARN] [mixin/]: Discarding @Unique public method useItemOn in copycats-neoforge.mixins.json:foundation.copycat.CopycatBlockMixin from mod copycats because it already exists in com.copycatsplus.copycats.content.copycat.fence_gate.CopycatFenceGateBlock
[04Apr2026 00:40:45.030] [modloading-worker-0/WARN] [mixin/]: Discarding @Unique public method useWithoutItem in copycats-neoforge.mixins.json:foundation.copycat.CopycatBlockMixin from mod copycats because it already exists in com.copycatsplus.copycats.content.copycat.fence_gate.CopycatFenceGateBlock
[04Apr2026 00:40:45.055] [modloading-worker-0/WARN] [mixin/]: Discarding @Unique public method rotate in copycats-neoforge.mixins.json:foundation.copycat.CopycatBlockMixin from mod copycats because it already exists in com.copycatsplus.copycats.content.copycat.ladder.CopycatLadderBlock
[04Apr2026 00:40:45.055] [modloading-worker-0/WARN] [mixin/]: Discarding @Unique public method mirror in copycats-neoforge.mixins.json:foundation.copycat.CopycatBlockMixin from mod copycats because it already exists in com.copycatsplus.copycats.content.copycat.ladder.CopycatLadderBlock
[04Apr2026 00:40:45.055] [modloading-worker-0/WARN] [mixin/]: Discarding @Unique public method useItemOn in copycats-neoforge.mixins.json:foundation.copycat.CopycatBlockMixin from mod copycats because it already exists in com.copycatsplus.copycats.content.copycat.ladder.CopycatLadderBlock
[04Apr2026 00:40:45.055] [modloading-worker-0/WARN] [mixin/]: Discarding @Unique public method useWithoutItem in copycats-neoforge.mixins.json:foundation.copycat.CopycatBlockMixin from mod copycats because it already exists in com.copycatsplus.copycats.content.copycat.ladder.CopycatLadderBlock
[04Apr2026 00:40:45.069] [modloading-worker-0/WARN] [mixin/]: Discarding @Unique public method rotate in copycats-neoforge.mixins.json:foundation.copycat.CopycatBlockMixin from mod copycats because it already exists in com.copycatsplus.copycats.content.copycat.pressure_plate.CopycatPressurePlateBlock
[04Apr2026 00:40:45.069] [modloading-worker-0/WARN] [mixin/]: Discarding @Unique public method mirror in copycats-neoforge.mixins.json:foundation.copycat.CopycatBlockMixin from mod copycats because it already exists in com.copycatsplus.copycats.content.copycat.pressure_plate.CopycatPressurePlateBlock
[04Apr2026 00:40:45.069] [modloading-worker-0/WARN] [mixin/]: Discarding @Unique public method useItemOn in copycats-neoforge.mixins.json:foundation.copycat.CopycatBlockMixin from mod copycats because it already exists in com.copycatsplus.copycats.content.copycat.pressure_plate.CopycatPressurePlateBlock
[04Apr2026 00:40:45.069] [modloading-worker-0/WARN] [mixin/]: Discarding @Unique public method useWithoutItem in copycats-neoforge.mixins.json:foundation.copycat.CopycatBlockMixin from mod copycats because it already exists in com.copycatsplus.copycats.content.copycat.pressure_plate.CopycatPressurePlateBlock
[04Apr2026 00:40:45.076] [modloading-worker-0/INFO] [net.blay09.mods.balm.neoforge.config.NeoForgeBalmConfig/]: Registering config for craftingtweaks:common (COMMON) with 6 properties.
[04Apr2026 00:40:45.076] [modloading-worker-0/WARN] [mixin/]: Discarding @Unique public method rotate in copycats-neoforge.mixins.json:foundation.copycat.CopycatBlockMixin from mod copycats because it already exists in com.copycatsplus.copycats.content.copycat.pressure_plate.CopycatWeightedPressurePlate
[04Apr2026 00:40:45.076] [modloading-worker-0/WARN] [mixin/]: Discarding @Unique public method mirror in copycats-neoforge.mixins.json:foundation.copycat.CopycatBlockMixin from mod copycats because it already exists in com.copycatsplus.copycats.content.copycat.pressure_plate.CopycatWeightedPressurePlate
[04Apr2026 00:40:45.076] [modloading-worker-0/WARN] [mixin/]: Discarding @Unique public method useItemOn in copycats-neoforge.mixins.json:foundation.copycat.CopycatBlockMixin from mod copycats because it already exists in com.copycatsplus.copycats.content.copycat.pressure_plate.CopycatWeightedPressurePlate
[04Apr2026 00:40:45.076] [modloading-worker-0/WARN] [mixin/]: Discarding @Unique public method useWithoutItem in copycats-neoforge.mixins.json:foundation.copycat.CopycatBlockMixin from mod copycats because it already exists in com.copycatsplus.copycats.content.copycat.pressure_plate.CopycatWeightedPressurePlate
[04Apr2026 00:40:45.087] [modloading-worker-0/WARN] [mixin/]: Discarding @Unique public method rotate in copycats-neoforge.mixins.json:foundation.copycat.CopycatBlockMixin from mod copycats because it already exists in com.copycatsplus.copycats.content.copycat.stairs.CopycatStairsBlock
[04Apr2026 00:40:45.087] [modloading-worker-0/WARN] [mixin/]: Discarding @Unique public method mirror in copycats-neoforge.mixins.json:foundation.copycat.CopycatBlockMixin from mod copycats because it already exists in com.copycatsplus.copycats.content.copycat.stairs.CopycatStairsBlock
[04Apr2026 00:40:45.087] [modloading-worker-0/WARN] [mixin/]: Discarding @Unique public method useItemOn in copycats-neoforge.mixins.json:foundation.copycat.CopycatBlockMixin from mod copycats because it already exists in com.copycatsplus.copycats.content.copycat.stairs.CopycatStairsBlock
[04Apr2026 00:40:45.087] [modloading-worker-0/WARN] [mixin/]: Discarding @Unique public method useWithoutItem in copycats-neoforge.mixins.json:foundation.copycat.CopycatBlockMixin from mod copycats because it already exists in com.copycatsplus.copycats.content.copycat.stairs.CopycatStairsBlock
[04Apr2026 00:40:45.099] [modloading-worker-0/WARN] [mixin/]: Discarding @Unique public method rotate in copycats-neoforge.mixins.json:foundation.copycat.CopycatBlockMixin from mod copycats because it already exists in com.copycatsplus.copycats.content.copycat.trapdoor.CopycatTrapdoorBlock
[04Apr2026 00:40:45.099] [modloading-worker-0/WARN] [mixin/]: Discarding @Unique public method mirror in copycats-neoforge.mixins.json:foundation.copycat.CopycatBlockMixin from mod copycats because it already exists in com.copycatsplus.copycats.content.copycat.trapdoor.CopycatTrapdoorBlock
[04Apr2026 00:40:45.099] [modloading-worker-0/WARN] [mixin/]: Discarding @Unique public method useItemOn in copycats-neoforge.mixins.json:foundation.copycat.CopycatBlockMixin from mod copycats because it already exists in com.copycatsplus.copycats.content.copycat.trapdoor.CopycatTrapdoorBlock
[04Apr2026 00:40:45.099] [modloading-worker-0/WARN] [mixin/]: Discarding @Unique public method useWithoutItem in copycats-neoforge.mixins.json:foundation.copycat.CopycatBlockMixin from mod copycats because it already exists in com.copycatsplus.copycats.content.copycat.trapdoor.CopycatTrapdoorBlock
[04Apr2026 00:40:45.114] [modloading-worker-0/WARN] [mixin/]: Discarding @Unique public method rotate in copycats-neoforge.mixins.json:foundation.copycat.CopycatBlockMixin from mod copycats because it already exists in com.copycatsplus.copycats.content.copycat.wall.CopycatWallBlock
[04Apr2026 00:40:45.114] [modloading-worker-0/WARN] [mixin/]: Discarding @Unique public method mirror in copycats-neoforge.mixins.json:foundation.copycat.CopycatBlockMixin from mod copycats because it already exists in com.copycatsplus.copycats.content.copycat.wall.CopycatWallBlock
[04Apr2026 00:40:45.114] [modloading-worker-0/WARN] [mixin/]: Discarding @Unique public method useItemOn in copycats-neoforge.mixins.json:foundation.copycat.CopycatBlockMixin from mod copycats because it already exists in com.copycatsplus.copycats.content.copycat.wall.CopycatWallBlock
[04Apr2026 00:40:45.114] [modloading-worker-0/WARN] [mixin/]: Discarding @Unique public method useWithoutItem in copycats-neoforge.mixins.json:foundation.copycat.CopycatBlockMixin from mod copycats because it already exists in com.copycatsplus.copycats.content.copycat.wall.CopycatWallBlock
[04Apr2026 00:40:45.127] [modloading-worker-0/WARN] [mixin/]: Discarding @Unique public method rotate in copycats-neoforge.mixins.json:foundation.copycat.CopycatBlockMixin from mod copycats because it already exists in com.copycatsplus.copycats.content.copycat.shaft.CopycatShaftBlock
[04Apr2026 00:40:45.127] [modloading-worker-0/WARN] [mixin/]: Discarding @Unique public method mirror in copycats-neoforge.mixins.json:foundation.copycat.CopycatBlockMixin from mod copycats because it already exists in com.copycatsplus.copycats.content.copycat.shaft.CopycatShaftBlock
[04Apr2026 00:40:45.127] [modloading-worker-0/WARN] [mixin/]: Discarding @Unique public method useItemOn in copycats-neoforge.mixins.json:foundation.copycat.CopycatBlockMixin from mod copycats because it already exists in com.copycatsplus.copycats.content.copycat.shaft.CopycatShaftBlock
[04Apr2026 00:40:45.127] [modloading-worker-0/WARN] [mixin/]: Discarding @Unique public method useWithoutItem in copycats-neoforge.mixins.json:foundation.copycat.CopycatBlockMixin from mod copycats because it already exists in com.copycatsplus.copycats.content.copycat.shaft.CopycatShaftBlock
[04Apr2026 00:40:45.133] [modloading-worker-0/WARN] [mixin/]: Discarding @Unique public method rotate in copycats-neoforge.mixins.json:foundation.copycat.multistate.MultiStateCopycatBlockMixin from mod copycats because it already exists in com.copycatsplus.copycats.content.copycat.cogwheel.CopycatCogWheelBlock
[04Apr2026 00:40:45.133] [modloading-worker-0/WARN] [mixin/]: Discarding @Unique public method mirror in copycats-neoforge.mixins.json:foundation.copycat.multistate.MultiStateCopycatBlockMixin from mod copycats because it already exists in com.copycatsplus.copycats.content.copycat.cogwheel.CopycatCogWheelBlock
[04Apr2026 00:40:45.133] [modloading-worker-0/WARN] [mixin/]: Discarding @Unique public method useItemOn in copycats-neoforge.mixins.json:foundation.copycat.multistate.MultiStateCopycatBlockMixin from mod copycats because it already exists in com.copycatsplus.copycats.content.copycat.cogwheel.CopycatCogWheelBlock
[04Apr2026 00:40:45.133] [modloading-worker-0/WARN] [mixin/]: Discarding @Unique public method useWithoutItem in copycats-neoforge.mixins.json:foundation.copycat.multistate.MultiStateCopycatBlockMixin from mod copycats because it already exists in com.copycatsplus.copycats.content.copycat.cogwheel.CopycatCogWheelBlock
[04Apr2026 00:40:45.147] [modloading-worker-0/WARN] [mixin/]: Discarding @Unique public method rotate in copycats-neoforge.mixins.json:foundation.copycat.CopycatBlockMixin from mod copycats because it already exists in com.copycatsplus.copycats.content.copycat.fluid_pipe.CopycatFluidPipeBlock
[04Apr2026 00:40:45.147] [modloading-worker-0/WARN] [mixin/]: Discarding @Unique public method mirror in copycats-neoforge.mixins.json:foundation.copycat.CopycatBlockMixin from mod copycats because it already exists in com.copycatsplus.copycats.content.copycat.fluid_pipe.CopycatFluidPipeBlock
[04Apr2026 00:40:45.147] [modloading-worker-0/WARN] [mixin/]: Discarding @Unique public method useItemOn in copycats-neoforge.mixins.json:foundation.copycat.CopycatBlockMixin from mod copycats because it already exists in com.copycatsplus.copycats.content.copycat.fluid_pipe.CopycatFluidPipeBlock
[04Apr2026 00:40:45.147] [modloading-worker-0/WARN] [mixin/]: Discarding @Unique public method useWithoutItem in copycats-neoforge.mixins.json:foundation.copycat.CopycatBlockMixin from mod copycats because it already exists in com.copycatsplus.copycats.content.copycat.fluid_pipe.CopycatFluidPipeBlock
[04Apr2026 00:40:45.152] [modloading-worker-0/INFO] [azurelib/FileWatching]: Registered azurelib config for auto-sync function
[04Apr2026 00:40:45.157] [modloading-worker-0/WARN] [mixin/]: Discarding @Unique public method rotate in copycats-neoforge.mixins.json:foundation.copycat.CopycatBlockMixin from mod copycats because it already exists in com.copycatsplus.copycats.content.copycat.pane.CopycatPaneBlock
[04Apr2026 00:40:45.157] [modloading-worker-0/WARN] [mixin/]: Discarding @Unique public method mirror in copycats-neoforge.mixins.json:foundation.copycat.CopycatBlockMixin from mod copycats because it already exists in com.copycatsplus.copycats.content.copycat.pane.CopycatPaneBlock
[04Apr2026 00:40:45.157] [modloading-worker-0/WARN] [mixin/]: Discarding @Unique public method useItemOn in copycats-neoforge.mixins.json:foundation.copycat.CopycatBlockMixin from mod copycats because it already exists in com.copycatsplus.copycats.content.copycat.pane.CopycatPaneBlock
[04Apr2026 00:40:45.157] [modloading-worker-0/WARN] [mixin/]: Discarding @Unique public method useWithoutItem in copycats-neoforge.mixins.json:foundation.copycat.CopycatBlockMixin from mod copycats because it already exists in com.copycatsplus.copycats.content.copycat.pane.CopycatPaneBlock
[04Apr2026 00:40:45.171] [modloading-worker-0/WARN] [mixin/]: Discarding @Unique public method onLoad in copycats-neoforge.mixins.json:foundation.copycat.CopycatBlockEntityMixin from mod copycats because it already exists in com.copycatsplus.copycats.foundation.copycat.CCCopycatBlockEntity
[04Apr2026 00:40:45.174] [modloading-worker-0/WARN] [mixin/]: Discarding @Unique public method onLoad in copycats-neoforge.mixins.json:foundation.copycat.multistate.MultiStateCopycatBlockEntityMixin from mod copycats because it already exists in com.copycatsplus.copycats.foundation.copycat.multistate.MultiStateCopycatBlockEntity
[04Apr2026 00:40:45.179] [modloading-worker-0/WARN] [mixin/]: Discarding @Unique public method onLoad in copycats-neoforge.mixins.json:foundation.copycat.CopycatBlockEntityMixin from mod copycats because it already exists in com.copycatsplus.copycats.content.copycat.shaft.CopycatShaftBlockEntity
[04Apr2026 00:40:45.182] [modloading-worker-0/WARN] [mixin/]: Discarding @Unique public method onLoad in copycats-neoforge.mixins.json:foundation.copycat.multistate.MultiStateCopycatBlockEntityMixin from mod copycats because it already exists in com.copycatsplus.copycats.content.copycat.cogwheel.CopycatCogWheelBlockEntity
[04Apr2026 00:40:45.184] [modloading-worker-0/WARN] [mixin/]: Discarding @Unique public method onLoad in copycats-neoforge.mixins.json:foundation.copycat.CopycatBlockEntityMixin from mod copycats because it already exists in com.copycatsplus.copycats.content.copycat.fluid_pipe.CopycatFluidPipeBlockEntity
[04Apr2026 00:40:45.186] [modloading-worker-0/WARN] [mixin/]: Discarding @Unique public method onLoad in copycats-neoforge.mixins.json:foundation.copycat.CopycatBlockEntityMixin from mod copycats because it already exists in com.copycatsplus.copycats.content.copycat.fluid_pipe.CopycatStraightPipeBlockEntity
[04Apr2026 00:40:45.189] [modloading-worker-0/WARN] [mixin/]: Discarding @Unique public method onLoad in copycats-neoforge.mixins.json:foundation.copycat.CopycatBlockEntityMixin from mod copycats because it already exists in com.copycatsplus.copycats.content.copycat.sliding_door.CopycatSlidingDoorBlockEntity
[04Apr2026 00:40:45.219] [modloading-worker-0/INFO] [Puzzles Lib/]: Constructing common components for diagonalfences:main
[04Apr2026 00:40:45.234] [modloading-worker-0/INFO] [net.permutated.pylons.Pylons/]: Registering mod: pylons
[04Apr2026 00:40:45.241] [modloading-worker-0/INFO] [Mystical Agriculture/]: Registered plugin: com.blakebr0.mysticalagriculture.lib.ModCorePlugin
[04Apr2026 00:40:45.250] [modloading-worker-0/INFO] [Mystical Agriculture/]: Registered plugin: com.blakebr0.mysticalagradditions.lib.ModCorePlugin
[04Apr2026 00:40:45.254] [modloading-worker-0/INFO] [Puzzles Lib/]: Constructing common components for overflowingbars:main
[04Apr2026 00:40:45.264] [modloading-worker-0/INFO] [Mystical Agriculture/]: Loaded 2 plugins
[04Apr2026 00:40:45.289] [modloading-worker-0/INFO] [fr.samlegamer.mcwbyg.McwByg/]: Macaw's Oh the Biomes You'll Go Loading...
[04Apr2026 00:40:45.301] [modloading-worker-0/INFO] [Create Deco/]: Registering items for Create Deco
[04Apr2026 00:40:45.324] [modloading-worker-0/INFO] [fr.samlegamer.mcwbyg.McwByg/]: Converting Loading...
[04Apr2026 00:40:45.331] [modloading-worker-0/INFO] [Create Deco/]: Registering blocks for Create Deco
[04Apr2026 00:40:45.332] [modloading-worker-0/INFO] [fr.samlegamer.mcwbyg.McwByg/]: Converting Finish !
[04Apr2026 00:40:45.333] [modloading-worker-0/INFO] [fr.samlegamer.mcwbyg.McwByg/]: Macaw's Oh the Biomes You'll Go Is Charged !
[04Apr2026 00:40:45.338] [modloading-worker-0/INFO] [addonslib/]: AddonsLib Neoforge !
[04Apr2026 00:40:45.343] [modloading-worker-0/WARN] [mixin/]: Discarding @Unique public method useItemOn in copycats-common.mixins.json:copycat.step.CopycatStepBlockMixin from mod copycats because it already exists in com.simibubi.create.content.decoration.copycat.CopycatStepBlock
[04Apr2026 00:40:45.347] [modloading-worker-0/WARN] [mixin/]: Discarding @Unique public method onLoad in copycats-common.mixins.json:foundation.copycat.CopycatBlockEntityMixin from mod copycats because it already exists in com.simibubi.create.content.decoration.copycat.CopycatBlockEntity
[04Apr2026 00:40:45.350] [modloading-worker-0/WARN] [mixin/]: Discarding @Unique public method useItemOn in copycats-common.mixins.json:copycat.panel.CopycatPanelBlockMixin from mod copycats because it already exists in com.simibubi.create.content.decoration.copycat.CopycatPanelBlock
[04Apr2026 00:40:45.351] [modloading-worker-0/WARN] [mixin/]: Discarding @Unique public method mirror in copycats-common.mixins.json:copycat.panel.CopycatPanelBlockMixin from mod copycats because it already exists in com.simibubi.create.content.decoration.copycat.CopycatPanelBlock
[04Apr2026 00:40:45.351] [modloading-worker-0/WARN] [mixin/]: Discarding @Unique public method rotate in copycats-common.mixins.json:copycat.panel.CopycatPanelBlockMixin from mod copycats because it already exists in com.simibubi.create.content.decoration.copycat.CopycatPanelBlock
[04Apr2026 00:40:45.354] [modloading-worker-0/INFO] [Create Deco/]: Populating connected texture maps...
[04Apr2026 00:40:45.372] [modloading-worker-0/INFO] [fzzy_config/]: Loaded config :emi_loot_config in 573ms
[04Apr2026 00:40:45.402] [modloading-worker-0/INFO] [Torchmaster/]: Initializing Torchmaster for platform NeoForge
[04Apr2026 00:40:45.402] [modloading-worker-0/INFO] [Torchmaster/]: Debug Logging Enabled: false
[04Apr2026 00:40:45.486] [modloading-worker-0/INFO] [Create: Transmission/]: Loading creative tabs for Create: Transmission
[04Apr2026 00:40:45.494] [modloading-worker-0/INFO] [Create: Transmission/]: Registering blocks for Create: Transmission
[04Apr2026 00:40:45.499] [modloading-worker-0/INFO] [Create: Transmission/]: Registering blocks entities for Create: Transmission
[04Apr2026 00:40:45.530] [modloading-worker-0/INFO] [BrandonsCore/]: Knock Knock...
[04Apr2026 00:40:45.530] [modloading-worker-0/WARN] [draconicevolution/]: Reactor detonation initiated.
[04Apr2026 00:40:45.530] [modloading-worker-0/INFO] [BrandonsCore/]: Wait... NO! What?
[04Apr2026 00:40:45.530] [modloading-worker-0/INFO] [BrandonsCore/]: Stop That! That's not how this works!
[04Apr2026 00:40:45.530] [modloading-worker-0/WARN] [draconicevolution/]: Calculating explosion ETA
[04Apr2026 00:40:45.530] [modloading-worker-0/INFO] [BrandonsCore/]: Ahh... NO... NONONO! DONT DO THAT!!! STOP THIS NOW!
[04Apr2026 00:40:45.530] [modloading-worker-0/WARN] [draconicevolution/]: **Explosion Imminent!!!**
[04Apr2026 00:40:45.530] [modloading-worker-0/INFO] [BrandonsCore/]: Well...... fork...
[04Apr2026 00:40:45.615] [modloading-worker-0/INFO] [glitchcore/]: Registered synced config with path sereneseasons/fertility.toml
[04Apr2026 00:40:45.615] [modloading-worker-0/INFO] [glitchcore/]: Registered synced config with path sereneseasons/seasons.toml
[04Apr2026 00:40:45.641] [modloading-worker-0/INFO] [glitchcore/]: Registered synced config with path toughasnails/thirst.toml
[04Apr2026 00:40:45.641] [modloading-worker-0/INFO] [glitchcore/]: Registered synced config with path toughasnails/temperature.toml
[04Apr2026 00:40:45.665] [modloading-worker-0/INFO] [Railways/]: Registered bogey styles from railways
[04Apr2026 00:40:45.667] [modloading-worker-0/INFO] [toughasnails/]: Serene Seasons detected. Enabling season modifier.
[04Apr2026 00:40:45.709] [modloading-worker-0/WARN] [sleys.lazyutilities.core.LazyUtilitiesCore/]: [Lazy Utilities] Mod not present: nimble
[04Apr2026 00:40:45.709] [modloading-worker-0/WARN] [sleys.lazyutilities.core.LazyUtilitiesCore/]: [Lazy Utilities] Mod not present: betterthirdperson
[04Apr2026 00:40:45.709] [modloading-worker-0/WARN] [sleys.lazyutilities.core.LazyUtilitiesCore/]: [Lazy Utilities] Mod not present: customcameraview
[04Apr2026 00:40:45.709] [modloading-worker-0/WARN] [sleys.lazyutilities.core.LazyUtilitiesCore/]: [Lazy Utilities] Mod not present: shouldersurfing
[04Apr2026 00:40:45.731] [modloading-worker-0/WARN] [sleys.lazyutilities.core.LazyUtilitiesCore/]: [Damage Indicator & Status] Mod not present: epicfight
[04Apr2026 00:40:45.746] [modloading-worker-0/INFO] [sleys.lazyutilities.modules.runner.LZRunner/]: [Dependency Loader] Dependent scan completed... There are no dependents in your instance...
[04Apr2026 00:40:45.746] [modloading-worker-0/WARN] [sleys.lazyutilities.core.LazyUtilitiesCore/]: [LZM: Elements] Mod not present: epicfight
[04Apr2026 00:40:45.758] [modloading-worker-0/INFO] [net.minecraft.server.LoggedPrintStream/]: [STDOUT]: [Mouse Tweaks] Disabled because not running on the client.
[04Apr2026 00:40:45.780] [modloading-worker-0/WARN] [sleys.lazyutilities.core.LazyUtilitiesCore/]: [LZM: Epic Fight] Mod not present: epicfight
[04Apr2026 00:40:45.780] [modloading-worker-0/INFO] [sleys.lazyutilities.core.LazyUtilitiesCore/]: [LZM: Better Combat] Running compatibility with bettercombat [2.3.2+1.21.1]
[04Apr2026 00:40:45.783] [modloading-worker-0/INFO] [Railways/]: Registering data fixers
[04Apr2026 00:40:45.798] [modloading-worker-0/INFO] [Railways/]: Registering tracks for Hex Casting
[04Apr2026 00:40:45.803] [modloading-worker-0/INFO] [Railways/]: Registering tracks for Oh The Biomes You'll Go
[04Apr2026 00:40:45.804] [modloading-worker-0/INFO] [Railways/]: Registering tracks for Blue Skies
[04Apr2026 00:40:45.806] [modloading-worker-0/INFO] [Railways/]: Registering tracks for Twilight Forest
[04Apr2026 00:40:45.832] [modloading-worker-0/INFO] [Railways/]: Registering tracks for Biomes O' Plenty
[04Apr2026 00:40:45.832] [modloading-worker-0/INFO] [Railways/]: Registering tracks for Nature's Spirit
[04Apr2026 00:40:45.835] [modloading-worker-0/INFO] [Railways/]: Registering tracks for Dreams and Desires
[04Apr2026 00:40:45.835] [modloading-worker-0/INFO] [Railways/]: Registering tracks for Quark
[04Apr2026 00:40:45.835] [modloading-worker-0/INFO] [Railways/]: Registering tracks for TerraFirmaCraft
[04Apr2026 00:40:45.838] [modloading-worker-0/INFO] [thedarkcolour.kotlinforforge.neoforge.test.KotlinForForge/]: Kotlin For Forge Enabled!
[04Apr2026 00:40:45.942] [modloading-worker-0/INFO] [twilightforest.beanification.BeanContext/]: Starting Bean Context
[04Apr2026 00:40:45.957] [modloading-worker-0/INFO] [Puzzles Lib/]: Constructing common components for puzzleslib:main
[04Apr2026 00:40:46.029] [modloading-worker-0/INFO] [net.potionstudios.biomeswevegone.BiomesWeveGone/]: Registering Oh The Biomes We've Gone data components
[04Apr2026 00:40:46.051] [modloading-worker-0/INFO] [net.blay09.mods.balm.neoforge.config.NeoForgeBalmConfig/]: Registering config for kleeslabs:common (COMMON) with 3 properties.
[04Apr2026 00:40:46.068] [modloading-worker-0/INFO] [net.potionstudios.biomeswevegone.BiomesWeveGone/]: Registering Oh The Biomes We've Gone items
[04Apr2026 00:40:46.163] [modloading-worker-0/INFO] [net.potionstudios.biomeswevegone.BiomesWeveGone/]: Registering Oh The Biomes We've Gone Blocks
[04Apr2026 00:40:46.189] [modloading-worker-0/INFO] [net.potionstudios.biomeswevegone.BiomesWeveGone/]: Registering Oh The Biomes We've Gone Wood
[04Apr2026 00:40:46.190] [modloading-worker-0/INFO] [net.potionstudios.biomeswevegone.BiomesWeveGone/]: Registering Oh The Biomes We've Gone Block Entities
[04Apr2026 00:40:46.190] [modloading-worker-0/INFO] [net.potionstudios.biomeswevegone.BiomesWeveGone/]: Registering Oh The Biomes We've Gone Entities
[04Apr2026 00:40:46.192] [modloading-worker-0/INFO] [net.potionstudios.biomeswevegone.BiomesWeveGone/]: Registering Oh The Biomes We've Gone Creative Tabs
[04Apr2026 00:40:46.197] [modloading-worker-0/INFO] [net.potionstudios.biomeswevegone.BiomesWeveGone/]: Registering Oh The Biomes We've Gone Sounds
[04Apr2026 00:40:46.198] [modloading-worker-0/INFO] [net.potionstudios.biomeswevegone.BiomesWeveGone/]: Registering Oh The Biomes We've Gone Block Predicate
[04Apr2026 00:40:46.201] [modloading-worker-0/INFO] [net.potionstudios.biomeswevegone.BiomesWeveGone/]: Registering Oh The Biomes We've Gone State Providers
[04Apr2026 00:40:46.202] [modloading-worker-0/INFO] [net.potionstudios.biomeswevegone.BiomesWeveGone/]: Registering Oh The Biomes We've Gone Tree Decorators
[04Apr2026 00:40:46.208] [modloading-worker-0/INFO] [net.potionstudios.biomeswevegone.BiomesWeveGone/]: Registering Oh The Biomes We've Gone Custom Features
[04Apr2026 00:40:46.209] [modloading-worker-0/INFO] [net.potionstudios.biomeswevegone.BiomesWeveGone/]: Registering Oh The Biomes We've Gone Structure Pieces
[04Apr2026 00:40:46.210] [modloading-worker-0/INFO] [net.potionstudios.biomeswevegone.BiomesWeveGone/]: Registering Oh The Biomes We've Gone Custom Structure Types
[04Apr2026 00:40:46.212] [modloading-worker-0/INFO] [net.potionstudios.biomeswevegone.BiomesWeveGone/]: Registering Oh The Biomes We've Gone Configured Features
[04Apr2026 00:40:46.223] [modloading-worker-0/INFO] [net.potionstudios.biomeswevegone.BiomesWeveGone/]: Creating and Registering Overworld Vegetation Configured Features
[04Apr2026 00:40:46.256] [modloading-worker-0/INFO] [Create: Interiors/]: Create: Interiors v0.6.1 initializing! Create version: 6.0.9 on platform: NeoForge
[04Apr2026 00:40:46.267] [modloading-worker-0/INFO] [twilightforest.beanification.BeanContext/]: Bean Context loaded in 325 ms
[04Apr2026 00:40:46.272] [modloading-worker-0/INFO] [net.potionstudios.biomeswevegone.BiomesWeveGone/]: Registering Oh The Biomes We've Gone Tree Configured Features
[04Apr2026 00:40:46.273] [modloading-worker-0/INFO] [net.potionstudios.biomeswevegone.BiomesWeveGone/]: Creating and Registering Vanilla Configured Features
[04Apr2026 00:40:46.277] [modloading-worker-0/INFO] [net.potionstudios.biomeswevegone.BiomesWeveGone/]: Registering Oh The Biomes You'll Go Overworld Configured Features
[04Apr2026 00:40:46.279] [modloading-worker-0/INFO] [net.potionstudios.biomeswevegone.BiomesWeveGone/]: Registering Oh The Biomes We've Gone Placed Features
[04Apr2026 00:40:46.286] [modloading-worker-0/INFO] [net.potionstudios.biomeswevegone.BiomesWeveGone/]: Creating and Registering Overworld Tree Placed Features
[04Apr2026 00:40:46.295] [modloading-worker-0/INFO] [net.potionstudios.biomeswevegone.BiomesWeveGone/]: Creating and Registering Overworld Vegetation Placed Features
[04Apr2026 00:40:46.295] [modloading-worker-0/INFO] [net.potionstudios.biomeswevegone.BiomesWeveGone/]: Creating and Registering Vanilla Placed Features
[04Apr2026 00:40:46.297] [modloading-worker-0/INFO] [net.potionstudios.biomeswevegone.BiomesWeveGone/]: Registering Oh The Biomes We've Gone Custom Surface Rules
[04Apr2026 00:40:46.303] [modloading-worker-0/INFO] [net.potionstudios.biomeswevegone.BiomesWeveGone/]: Registering Oh The Biomes We've Gone Template Pools
[04Apr2026 00:40:46.314] [modloading-worker-0/INFO] [net.potionstudios.biomeswevegone.BiomesWeveGone/]: Registering Oh The Biome's We've Gone Village Template Pools
[04Apr2026 00:40:46.315] [modloading-worker-0/INFO] [net.potionstudios.biomeswevegone.BiomesWeveGone/]: Registering Oh The Biomes We've Gone Poi Types
[04Apr2026 00:40:46.316] [modloading-worker-0/INFO] [net.potionstudios.biomeswevegone.BiomesWeveGone/]: Registering Oh The Biomes We've Gone Villager Professions
[04Apr2026 00:40:46.318] [modloading-worker-0/INFO] [net.potionstudios.biomeswevegone.BiomesWeveGone/]: Registering Oh The Biomes We've Gone Custom Structure Processors
[04Apr2026 00:40:46.320] [modloading-worker-0/INFO] [net.potionstudios.biomeswevegone.BiomesWeveGone/]: Registering Oh The Biomes We've Gone villager types
[04Apr2026 00:40:46.322] [modloading-worker-0/INFO] [net.potionstudios.biomeswevegone.BiomesWeveGone/]: Registering Oh The Biomes We've Gone Schedules
[04Apr2026 00:40:46.322] [modloading-worker-0/INFO] [net.potionstudios.biomeswevegone.BiomesWeveGone/]: Registering Oh The Biomes We've Gone Memory Module Types
[04Apr2026 00:40:46.325] [modloading-worker-0/INFO] [net.potionstudios.biomeswevegone.BiomesWeveGone/]: Registering Oh The Biomes We've Gone Sensor Types
[04Apr2026 00:40:46.330] [modloading-worker-0/INFO] [net.potionstudios.biomeswevegone.BiomesWeveGone/]: Registering Oh The Biomes We've Gone Map Decoration Types
[04Apr2026 00:40:46.332] [modloading-worker-0/INFO] [net.potionstudios.biomeswevegone.BiomesWeveGone/]: Registering Oh The Biomes We've Gone Entity SubPredicates
[04Apr2026 00:40:46.416] [modloading-worker-0/INFO] [owo/]: Noaaan: It's surprising how much knowledge is lost by the simple fact that people don't know it
[04Apr2026 00:40:46.521] [modloading-worker-0/INFO] [KubeJS/]: Loading vanilla registries...
[04Apr2026 00:40:46.531] [modloading-worker-0/INFO] [KubeJS/]: Looking for KubeJS plugins...
[04Apr2026 00:40:46.545] [modloading-worker-0/INFO] [KubeJS/]: Found plugin source kubejs
[04Apr2026 00:40:46.559] [modloading-worker-0/WARN] [KubeJS/]: Plugin dev.latvian.mods.kubejs.plugin.builtin.BuiltinKubeJSClientPlugin does not load on server side, skipping
[04Apr2026 00:40:46.563] [modloading-worker-0/INFO] [KubeJS/]: Found plugin source extendedae
[04Apr2026 00:40:46.567] [modloading-worker-0/INFO] [KubeJS/]: Done in 35.26 ms
[04Apr2026 00:40:46.632] [modloading-worker-0/INFO] [oritech/]: Begin Oritech initialization
[04Apr2026 00:40:46.641] [modloading-worker-0/INFO] [net.blay09.mods.balm.neoforge.config.NeoForgeBalmConfig/]: Registering config for trashslot:common (COMMON) with 5 properties.
[04Apr2026 00:40:46.867] [modloading-worker-0/INFO] [oritech/]: Oritech initialization complete
[04Apr2026 00:40:46.867] [Dragon/INFO] [DragonLib/]:                              +++ 🐉 +++                             
[04Apr2026 00:40:46.868] [Dragon/INFO] [DragonLib/]: ---------------------------------------------------------------------
[04Apr2026 00:40:46.868] [Dragon/INFO] [DragonLib/]:             Loaded DragonLib v1.21.1-2.2.24 by MrJulsen!            
[04Apr2026 00:40:46.868] [Dragon/INFO] [DragonLib/]:                       Minecraft NeoForge 1.21.1                      
[04Apr2026 00:40:46.868] [Dragon/INFO] [DragonLib/]: 
[04Apr2026 00:40:46.868] [Dragon/INFO] [DragonLib/]:                Discord: https://discord.gg/AeSbNgvc7f               
[04Apr2026 00:40:46.868] [Dragon/INFO] [DragonLib/]:                            GitHub: unknown                           
[04Apr2026 00:40:46.868] [Dragon/INFO] [DragonLib/]:   Bug Reports: https://github.com/MisterJulsen/MC-DragonLib2/issues  
[04Apr2026 00:40:46.868] [Dragon/INFO] [DragonLib/]: ---------------------------------------------------------------------
[04Apr2026 00:40:46.868] [Dragon/INFO] [DragonLib/]:                              +++ 🐉 +++                             
[04Apr2026 00:40:46.880] [modloading-worker-0/INFO] [net.blay09.mods.balm.neoforge.config.NeoForgeBalmConfig/]: Registering config for waystones:common (COMMON) with 34 properties.
[04Apr2026 00:40:46.892] [modloading-worker-0/INFO] [Dungeon Crawl/]: Here we go! Launching Dungeon Crawl 2.3.15...
[04Apr2026 00:40:46.897] [modloading-worker-0/INFO] [particular/]: I am quite particular about the effects I choose to add :3
[04Apr2026 00:40:46.958] [modloading-worker-0/INFO] [Moonlight/]: Sending changed configs to client
[04Apr2026 00:40:46.977] [modloading-worker-0/INFO] [PluginManager/]: Scanning classes for titanium
[04Apr2026 00:40:47.061] [modloading-worker-0/INFO] [KubeJS Startup/]: startup_scripts:main.js#2: Hello, World! (Loaded startup example script)
[04Apr2026 00:40:47.062] [modloading-worker-0/INFO] [KubeJS Startup/]: Loaded script startup_scripts:main.js in 0.056 s
[04Apr2026 00:40:47.079] [modloading-worker-0/INFO] [KubeJS Startup/]: Loaded script startup_scripts:ores.js in 0.017 s
[04Apr2026 00:40:47.085] [modloading-worker-0/INFO] [KubeJS Startup/]: Loaded 2/2 KubeJS startup scripts in 0.503 s with 0 errors and 0 warnings
[04Apr2026 00:40:47.091] [modloading-worker-0/INFO] [coroutil/]: neo forge loader environment detected
[04Apr2026 00:40:47.092] [modloading-worker-0/INFO] [KubeJS Startup/]: Validated 1 files in kubejs/data/ in 1ms
[04Apr2026 00:40:47.098] [modloading-worker-0/INFO] [net.tobsend.xtonesreworked.XtonesReworkedMod/]: SETUP Xtones Reworked
[04Apr2026 00:40:47.160] [modloading-worker-0/INFO] [net.minecraft.server.LoggedPrintStream/]: [STDOUT]: TEST
[04Apr2026 00:40:47.160] [modloading-worker-0/INFO] [net.minecraft.server.LoggedPrintStream/]: [STDOUT]: TEST2
[04Apr2026 00:40:47.266] [modloading-worker-0/INFO] [JamLib/]: Initializing JamLib on NeoForge
[04Apr2026 00:40:47.288] [modloading-worker-0/INFO] [JamLib/]: Updated config file at /home/container/config/rightclickharvest.json5
[04Apr2026 00:40:47.289] [modloading-worker-0/INFO] [Right Click Harvest/]: Initializing Right Click Harvest on NEOFORGE
[04Apr2026 00:40:47.827] [modloading-sync-worker/INFO] [pneumaticcraft/]: Third party integration activated for [immersiveengineering,jei,fusion,mekanism,ftbteams,curios,patchouli,create]
[04Apr2026 00:40:47.881] [modloading-sync-worker/INFO] [com.mrbysco.angrymobs.AngryMobs/]: Registered Tweak registries
[04Apr2026 00:40:48.309] [modloading-sync-worker/INFO] [com.drmangotea.tfmg.TFMG/]: [TFMG Remapper] Remapped 0 fluids
[04Apr2026 00:40:48.392] [modloading-sync-worker/INFO] [Diagonal Blocks/]: Constructing shapes for DiagonalWallBlock[NodeWidth=0.0,ExtensionWidth=3.0,NodeTop=24.0,ExtensionBottom=0.0,ExtensionTop=24.0] took 17ms
[04Apr2026 00:40:48.429] [modloading-sync-worker/INFO] [Diagonal Blocks/]: Constructing shapes for DiagonalWallBlock[NodeWidth=0.0,ExtensionWidth=3.0,NodeTop=0.0,ExtensionBottom=0.0,ExtensionTop=14.0] took 35ms
[04Apr2026 00:40:48.509] [modloading-sync-worker/INFO] [Diagonal Blocks/]: Constructing shapes for DiagonalWallBlock[NodeWidth=4.0,ExtensionWidth=3.0,NodeTop=16.0,ExtensionBottom=0.0,ExtensionTop=14.0] took 75ms
[04Apr2026 00:40:48.522] [modloading-sync-worker/INFO] [Diagonal Blocks/]: Constructing shapes for DiagonalWallBlock[NodeWidth=4.0,ExtensionWidth=3.0,NodeTop=24.0,ExtensionBottom=0.0,ExtensionTop=24.0] took 12ms
[04Apr2026 00:40:48.902] [modloading-sync-worker/INFO] [Diagonal Blocks/]: Constructing shapes for DiagonalFenceBlock[NodeWidth=2.0,ExtensionWidth=2.0,NodeTop=24.0,ExtensionBottom=0.0,ExtensionTop=24.0] took 12ms
[04Apr2026 00:40:48.919] [modloading-sync-worker/INFO] [Diagonal Blocks/]: Constructing shapes for DiagonalFenceBlock[NodeWidth=2.0,ExtensionWidth=2.0,NodeTop=16.0,ExtensionBottom=0.0,ExtensionTop=16.0] took 17ms
[04Apr2026 00:40:48.965] [modloading-sync-worker/INFO] [Diagonal Blocks/]: Constructing shapes for DiagonalFenceBlock[NodeWidth=2.0,ExtensionWidth=1.0,NodeTop=16.0,ExtensionBottom=6.0,ExtensionTop=15.0] took 45ms
[04Apr2026 00:40:53.992] [modloading-sync-worker/INFO] [com.drmangotea.tfmg.TFMG/]: [TFMG Remapper] Remapped 5 blocks
[04Apr2026 00:40:55.140] [modloading-sync-worker/INFO] [com.drmangotea.tfmg.TFMG/]: [TFMG Remapper] Remapped 5 items
[04Apr2026 00:40:55.260] [modloading-sync-worker/INFO] [Moonlight/]: Initialized block sets in 44ms
[04Apr2026 00:41:26.998] [modloading-sync-worker/INFO] [PluginManager/]: Executing phase CONFIG_LOAD for plugin class FTBChunksPlugin
[04Apr2026 00:41:26.998] [modloading-sync-worker/INFO] [PluginManager/]: Executing phase CONFIG_LOAD for plugin class PatchouliPlugin
[04Apr2026 00:41:26.998] [modloading-sync-worker/INFO] [PluginManager/]: Executing phase CONFIG_LOAD for plugin class CuriosPlugin
[04Apr2026 00:41:26.998] [modloading-sync-worker/INFO] [PluginManager/]: Executing phase CONFIG_LOAD for plugin class FTBChunksPlugin
[04Apr2026 00:41:26.998] [modloading-sync-worker/INFO] [PluginManager/]: Executing phase CONFIG_LOAD for plugin class PatchouliPlugin
[04Apr2026 00:41:26.998] [modloading-sync-worker/INFO] [PluginManager/]: Executing phase CONFIG_LOAD for plugin class CuriosPlugin
[04Apr2026 00:41:26.999] [modloading-sync-worker/INFO] [PluginManager/]: Executing phase CONFIG_LOAD for plugin class FTBChunksPlugin
[04Apr2026 00:41:26.999] [modloading-sync-worker/INFO] [PluginManager/]: Executing phase CONFIG_LOAD for plugin class PatchouliPlugin
[04Apr2026 00:41:26.999] [modloading-sync-worker/INFO] [PluginManager/]: Executing phase CONFIG_LOAD for plugin class CuriosPlugin
[04Apr2026 00:41:27.000] [modloading-sync-worker/INFO] [PluginManager/]: Executing phase CONFIG_LOAD for plugin class FTBChunksPlugin
[04Apr2026 00:41:27.000] [modloading-sync-worker/INFO] [PluginManager/]: Executing phase CONFIG_LOAD for plugin class PatchouliPlugin
[04Apr2026 00:41:27.000] [modloading-sync-worker/INFO] [PluginManager/]: Executing phase CONFIG_LOAD for plugin class CuriosPlugin
[04Apr2026 00:41:27.016] [modloading-sync-worker/INFO] [PluginManager/]: Executing phase CONFIG_LOAD for plugin class FTBChunksPlugin
[04Apr2026 00:41:27.016] [modloading-sync-worker/INFO] [PluginManager/]: Executing phase CONFIG_LOAD for plugin class PatchouliPlugin
[04Apr2026 00:41:27.016] [modloading-sync-worker/INFO] [PluginManager/]: Executing phase CONFIG_LOAD for plugin class CuriosPlugin
[04Apr2026 00:41:27.016] [modloading-sync-worker/INFO] [PluginManager/]: Executing phase CONFIG_LOAD for plugin class FTBChunksPlugin
[04Apr2026 00:41:27.016] [modloading-sync-worker/INFO] [PluginManager/]: Executing phase CONFIG_LOAD for plugin class PatchouliPlugin
[04Apr2026 00:41:27.016] [modloading-sync-worker/INFO] [PluginManager/]: Executing phase CONFIG_LOAD for plugin class CuriosPlugin
[04Apr2026 00:41:27.062] [modloading-sync-worker/INFO] [Moonlight/]: Sending changed configs to client
[04Apr2026 00:41:27.068] [modloading-worker-0/INFO] [PluginManager/]: Executing phase COMMON_SETUP for plugin class FTBChunksPlugin
[04Apr2026 00:41:27.068] [modloading-worker-0/INFO] [PluginManager/]: Executing phase COMMON_SETUP for plugin class PatchouliPlugin
[04Apr2026 00:41:27.068] [modloading-worker-0/INFO] [PluginManager/]: Executing phase COMMON_SETUP for plugin class CuriosPlugin
[04Apr2026 00:41:27.069] [modloading-worker-0/INFO] [voicechat/]: [voicechat] Compatibility version 20
[04Apr2026 00:41:27.071] [modloading-worker-0/INFO] [net.veroxuniverse.crystal_chronicles.CrystalChronicles/]: HELLO FROM COMMON SETUP
[04Apr2026 00:41:27.071] [modloading-worker-0/INFO] [com.structureessentials.StructureEssentials/]: structureessentials mod initialized
[04Apr2026 00:41:27.073] [modloading-worker-0/INFO] [colorwheel_patcher/]: No user config.json found
[04Apr2026 00:41:27.073] [modloading-worker-0/INFO] [net.minecraft.server.LoggedPrintStream/]: [STDOUT]: TxniLib onInitialize!
[04Apr2026 00:41:27.074] [modloading-worker-0/INFO] [colorwheel_patcher/]: Available patches: 6
[04Apr2026 00:41:27.075] [modloading-worker-0/INFO] [terrablender/]: Registered region minecraft:overworld to index 0 for type OVERWORLD
[04Apr2026 00:41:27.075] [modloading-worker-0/INFO] [terrablender/]: Registered region minecraft:nether to index 0 for type NETHER
[04Apr2026 00:41:27.075] [modloading-worker-0/INFO] [terrablender/]: Registered region natures_spirit:terra_ferax to index 1 for type OVERWORLD
[04Apr2026 00:41:27.075] [modloading-worker-0/INFO] [colorwheel_patcher/]:  - EuphoriaPatches [1.6.3, 1.6.4, 1.6.5, 1.6.6, 1.6.7, 1.6.8] (jar)
[04Apr2026 00:41:27.076] [modloading-worker-0/INFO] [terrablender/]: Registered region natures_spirit:terra_solaris to index 2 for type OVERWORLD
[04Apr2026 00:41:27.076] [modloading-worker-0/INFO] [colorwheel_patcher/]:  - Complementary [5.6, 5.6.1] (jar)
[04Apr2026 00:41:27.076] [modloading-worker-0/INFO] [terrablender/]: Registered region natures_spirit:terra_flava to index 3 for type OVERWORLD
[04Apr2026 00:41:27.076] [modloading-worker-0/INFO] [colorwheel_patcher/]:  - rethinking-voxels [0.1-beta9] (jar)
[04Apr2026 00:41:27.076] [modloading-worker-0/INFO] [terrablender/]: Registered region natures_spirit:terra_mater to index 4 for type OVERWORLD
[04Apr2026 00:41:27.076] [modloading-worker-0/INFO] [terrablender/]: Registered region natures_spirit:terra_laeta to index 5 for type OVERWORLD
[04Apr2026 00:41:27.076] [modloading-worker-0/INFO] [colorwheel_patcher/]:  - BSL [10.1] (jar)
[04Apr2026 00:41:27.076] [modloading-worker-0/INFO] [colorwheel_patcher/]:  - Bliss [2.1.1, 2.1.2] (jar)
[04Apr2026 00:41:27.076] [modloading-worker-0/INFO] [colorwheel_patcher/]:  - photon [1.2a] (jar)
[04Apr2026 00:41:27.076] [modloading-worker-0/INFO] [colorwheel_patcher/]: No shaderpacks folder
[04Apr2026 00:41:27.077] [modloading-worker-0/INFO] [colorwheel_patcher/]: Existing base shaders: 0
[04Apr2026 00:41:27.080] [modloading-worker-0/INFO] [com.jaquadro.minecraft.storagedrawers.ModServices/]: New compacting rule 4 minecraft:clay_ball = 1 minecraft:clay
[04Apr2026 00:41:27.080] [modloading-worker-0/INFO] [com.jaquadro.minecraft.storagedrawers.ModServices/]: New compacting rule 4 minecraft:snowball = 1 minecraft:snow_block
[04Apr2026 00:41:27.080] [modloading-worker-0/INFO] [com.jaquadro.minecraft.storagedrawers.ModServices/]: New compacting rule 4 minecraft:glowstone_dust = 1 minecraft:glowstone
[04Apr2026 00:41:27.080] [modloading-worker-0/INFO] [com.jaquadro.minecraft.storagedrawers.ModServices/]: New compacting rule 4 minecraft:brick = 1 minecraft:bricks
[04Apr2026 00:41:27.080] [modloading-worker-0/INFO] [com.jaquadro.minecraft.storagedrawers.ModServices/]: New compacting rule 4 minecraft:nether_brick = 1 minecraft:nether_bricks
[04Apr2026 00:41:27.081] [modloading-worker-0/INFO] [com.jaquadro.minecraft.storagedrawers.ModServices/]: New compacting rule 9 minecraft:nether_wart = 1 minecraft:nether_wart_block
[04Apr2026 00:41:27.081] [modloading-worker-0/INFO] [com.jaquadro.minecraft.storagedrawers.ModServices/]: New compacting rule 4 minecraft:quartz = 1 minecraft:quartz_block
[04Apr2026 00:41:27.081] [modloading-worker-0/INFO] [com.jaquadro.minecraft.storagedrawers.ModServices/]: New compacting rule 9 minecraft:melon_slice = 1 minecraft:melon
[04Apr2026 00:41:27.081] [modloading-worker-0/INFO] [com.jaquadro.minecraft.storagedrawers.ModServices/]: New compacting rule 9 minecraft:bamboo = 1 minecraft:bamboo_block
[04Apr2026 00:41:27.081] [modloading-worker-0/INFO] [com.jaquadro.minecraft.storagedrawers.ModServices/]: New compacting rule 4 minecraft:clay_ball = 1 minecraft:clay
[04Apr2026 00:41:27.082] [modloading-worker-0/INFO] [com.jaquadro.minecraft.storagedrawers.ModServices/]: New denied storage item storagedrawers:creative_vending_upgrade
[04Apr2026 00:41:27.082] [modloading-worker-0/INFO] [Modular Routers/]: Modular Routers is loading!
[04Apr2026 00:41:27.084] [modloading-worker-0/INFO] [com.jaquadro.minecraft.storagedrawers.ModServices/]: Adding ore conversions for types: c:storage_blocks, c:ingots, c:nuggets
[04Apr2026 00:41:27.084] [modloading-worker-0/INFO] [com.jaquadro.minecraft.storagedrawers.ModServices/]: Adding ore conversions for materials: aluminum, constantan, steel, uranium, invar, tin, lead, silver, platinum, nickel, osmium, bronze, electrum
[04Apr2026 00:41:27.085] [modloading-worker-0/INFO] [net.minecraft.server.LoggedPrintStream/]: [STDOUT]: Registered Resource Key for biome: sugi_forest
[04Apr2026 00:41:27.085] [modloading-worker-0/INFO] [net.minecraft.server.LoggedPrintStream/]: [STDOUT]: Registered Resource Key for biome: windswept_sugi_forest
[04Apr2026 00:41:27.085] [modloading-worker-0/INFO] [net.minecraft.server.LoggedPrintStream/]: [STDOUT]: Registered Resource Key for biome: blooming_sugi_forest
[04Apr2026 00:41:27.085] [modloading-worker-0/INFO] [net.minecraft.server.LoggedPrintStream/]: [STDOUT]: Registered Resource Key for biome: lavender_fields
[04Apr2026 00:41:27.085] [modloading-worker-0/INFO] [net.minecraft.server.LoggedPrintStream/]: [STDOUT]: Registered Resource Key for biome: marsh
[04Apr2026 00:41:27.085] [modloading-worker-0/INFO] [net.minecraft.server.LoggedPrintStream/]: [STDOUT]: Registered Resource Key for biome: bamboo_wetlands
[04Apr2026 00:41:27.085] [modloading-worker-0/INFO] [net.minecraft.server.LoggedPrintStream/]: [STDOUT]: Registered Resource Key for biome: wisteria_forest
[04Apr2026 00:41:27.085] [modloading-worker-0/INFO] [net.minecraft.server.LoggedPrintStream/]: [STDOUT]: Registered Resource Key for biome: redwood_forest
[04Apr2026 00:41:27.085] [modloading-worker-0/INFO] [net.minecraft.server.LoggedPrintStream/]: [STDOUT]: Registered Resource Key for biome: snowy_redwood_forest
[04Apr2026 00:41:27.085] [modloading-worker-0/INFO] [net.minecraft.server.LoggedPrintStream/]: [STDOUT]: Registered Resource Key for biome: aspen_forest
[04Apr2026 00:41:27.085] [modloading-worker-0/INFO] [net.minecraft.server.LoggedPrintStream/]: [STDOUT]: Registered Resource Key for biome: maple_woodlands
[04Apr2026 00:41:27.085] [modloading-worker-0/INFO] [net.minecraft.server.LoggedPrintStream/]: [STDOUT]: Registered Resource Key for biome: golden_wilds
[04Apr2026 00:41:27.085] [modloading-worker-0/INFO] [net.minecraft.server.LoggedPrintStream/]: [STDOUT]: Registered Resource Key for biome: marigold_meadows
[04Apr2026 00:41:27.085] [modloading-worker-0/INFO] [net.minecraft.server.LoggedPrintStream/]: [STDOUT]: Registered Resource Key for biome: fir_forest
[04Apr2026 00:41:27.086] [modloading-worker-0/INFO] [net.minecraft.server.LoggedPrintStream/]: [STDOUT]: Registered Resource Key for biome: snowy_fir_forest
[04Apr2026 00:41:27.086] [modloading-worker-0/INFO] [net.minecraft.server.LoggedPrintStream/]: [STDOUT]: Registered Resource Key for biome: cypress_fields
[04Apr2026 00:41:27.086] [modloading-worker-0/INFO] [net.minecraft.server.LoggedPrintStream/]: [STDOUT]: Registered Resource Key for biome: carnation_fields
[04Apr2026 00:41:27.086] [modloading-worker-0/INFO] [net.minecraft.server.LoggedPrintStream/]: [STDOUT]: Registered Resource Key for biome: stratified_desert
[04Apr2026 00:41:27.086] [modloading-worker-0/INFO] [net.minecraft.server.LoggedPrintStream/]: [STDOUT]: Registered Resource Key for biome: blooming_dunes
[04Apr2026 00:41:27.086] [modloading-worker-0/INFO] [net.minecraft.server.LoggedPrintStream/]: [STDOUT]: Registered Resource Key for biome: lively_dunes
[04Apr2026 00:41:27.086] [modloading-worker-0/INFO] [net.minecraft.server.LoggedPrintStream/]: [STDOUT]: Registered Resource Key for biome: drylands
[04Apr2026 00:41:27.086] [modloading-worker-0/INFO] [net.minecraft.server.LoggedPrintStream/]: [STDOUT]: Registered Resource Key for biome: wooded_drylands
[04Apr2026 00:41:27.086] [modloading-worker-0/INFO] [net.minecraft.server.LoggedPrintStream/]: [STDOUT]: Registered Resource Key for biome: xeric_plains
[04Apr2026 00:41:27.086] [modloading-worker-0/INFO] [net.minecraft.server.LoggedPrintStream/]: [STDOUT]: Registered Resource Key for biome: cedar_thicket
[04Apr2026 00:41:27.086] [modloading-worker-0/INFO] [net.minecraft.server.LoggedPrintStream/]: [STDOUT]: Registered Resource Key for biome: white_cliffs
[04Apr2026 00:41:27.086] [modloading-worker-0/INFO] [net.minecraft.server.LoggedPrintStream/]: [STDOUT]: Registered Resource Key for biome: prairie
[04Apr2026 00:41:27.087] [modloading-worker-0/INFO] [net.minecraft.server.LoggedPrintStream/]: [STDOUT]: Registered Resource Key for biome: oak_savanna
[04Apr2026 00:41:27.087] [modloading-worker-0/INFO] [net.minecraft.server.LoggedPrintStream/]: [STDOUT]: Registered Resource Key for biome: heather_fields
[04Apr2026 00:41:27.087] [modloading-worker-0/INFO] [net.minecraft.server.LoggedPrintStream/]: [STDOUT]: Registered Resource Key for biome: tundra
[04Apr2026 00:41:27.087] [modloading-worker-0/INFO] [net.minecraft.server.LoggedPrintStream/]: [STDOUT]: Registered Resource Key for biome: alpine_clearings
[04Apr2026 00:41:27.087] [modloading-worker-0/INFO] [net.minecraft.server.LoggedPrintStream/]: [STDOUT]: Registered Resource Key for biome: alpine_highlands
[04Apr2026 00:41:27.087] [modloading-worker-0/INFO] [net.minecraft.server.LoggedPrintStream/]: [STDOUT]: Registered Resource Key for biome: coniferous_covert
[04Apr2026 00:41:27.087] [modloading-worker-0/INFO] [net.minecraft.server.LoggedPrintStream/]: [STDOUT]: Registered Resource Key for biome: boreal_taiga
[04Apr2026 00:41:27.087] [modloading-worker-0/INFO] [Mystical Agriculture/]: Loaded 142 crops
[04Apr2026 00:41:27.087] [modloading-worker-0/INFO] [net.minecraft.server.LoggedPrintStream/]: [STDOUT]: Registered Resource Key for biome: tropical_shores
[04Apr2026 00:41:27.088] [modloading-worker-0/INFO] [net.minecraft.server.LoggedPrintStream/]: [STDOUT]: Registered Resource Key for biome: tropical_woods
[04Apr2026 00:41:27.088] [modloading-worker-0/INFO] [net.minecraft.server.LoggedPrintStream/]: [STDOUT]: Registered Resource Key for biome: sparse_tropical_woods
[04Apr2026 00:41:27.088] [modloading-worker-0/INFO] [net.minecraft.server.LoggedPrintStream/]: [STDOUT]: Registered Resource Key for biome: tropical_basin
[04Apr2026 00:41:27.088] [modloading-worker-0/INFO] [net.minecraft.server.LoggedPrintStream/]: [STDOUT]: Registered Resource Key for biome: arid_savanna
[04Apr2026 00:41:27.088] [modloading-worker-0/INFO] [net.minecraft.server.LoggedPrintStream/]: [STDOUT]: Registered Resource Key for biome: scorched_dunes
[04Apr2026 00:41:27.088] [modloading-worker-0/INFO] [net.minecraft.server.LoggedPrintStream/]: [STDOUT]: Registered Resource Key for biome: flowering_shrubland
[04Apr2026 00:41:27.088] [modloading-worker-0/INFO] [net.minecraft.server.LoggedPrintStream/]: [STDOUT]: Registered Resource Key for biome: shrubland
[04Apr2026 00:41:27.088] [modloading-worker-0/INFO] [net.minecraft.server.LoggedPrintStream/]: [STDOUT]: Registered Resource Key for biome: arid_highlands
[04Apr2026 00:41:27.089] [modloading-worker-0/INFO] [net.minecraft.server.LoggedPrintStream/]: [STDOUT]: Registered Resource Key for biome: shrubby_highlands
[04Apr2026 00:41:27.089] [modloading-worker-0/INFO] [net.minecraft.server.LoggedPrintStream/]: [STDOUT]: Registered Resource Key for biome: woody_highlands
[04Apr2026 00:41:27.087] [modloading-worker-0/INFO] [Mystical Agriculture/]: Loaded 7 crop tiers
[04Apr2026 00:41:27.089] [modloading-worker-0/INFO] [net.minecraft.server.LoggedPrintStream/]: [STDOUT]: Registered Resource Key for biome: red_peaks
[04Apr2026 00:41:27.089] [modloading-worker-0/INFO] [Mystical Agriculture/]: Loaded 2 crop types
[04Apr2026 00:41:27.089] [modloading-worker-0/INFO] [Mystical Agriculture/]: Loaded 55 augments
[04Apr2026 00:41:27.089] [modloading-worker-0/INFO] [net.minecraft.server.LoggedPrintStream/]: [STDOUT]: Registered Resource Key for biome: dusty_slopes
[04Apr2026 00:41:27.089] [modloading-worker-0/INFO] [Mystical Agriculture/]: Loaded 23 mob soul types
[04Apr2026 00:41:27.089] [modloading-worker-0/INFO] [net.minecraft.server.LoggedPrintStream/]: [STDOUT]: Registered Resource Key for biome: snowcapped_red_peaks
[04Apr2026 00:41:27.089] [modloading-worker-0/INFO] [net.minecraft.server.LoggedPrintStream/]: [STDOUT]: Registered Resource Key for biome: sleeted_slopes
[04Apr2026 00:41:27.089] [modloading-worker-0/INFO] [net.minecraft.server.LoggedPrintStream/]: [STDOUT]: Registered Resource Key for biome: blooming_highlands
[04Apr2026 00:41:27.089] [modloading-worker-0/INFO] [net.minecraft.server.LoggedPrintStream/]: [STDOUT]: Registered Resource Key for biome: chaparral
[04Apr2026 00:41:27.089] [modloading-worker-0/INFO] [net.minecraft.server.LoggedPrintStream/]: [STDOUT]: Registered Resource Key for biome: floral_ridges
[04Apr2026 00:41:27.091] [modloading-worker-0/INFO] [mekanism.common.Mekanism/]: Version 10.7.18 initializing...
[04Apr2026 00:41:27.093] [modloading-worker-0/INFO] [pneumaticcraft/]: PneumaticCraft: Repressurized is loading!
[04Apr2026 00:41:27.094] [NeoForge Version Check/INFO] [net.neoforged.fml.VersionChecker/]: [mcwstairs] Starting version check at https://raw.githubusercontent.com/sketchmacaw/macawsmods/master/stairs.json
[04Apr2026 00:41:27.103] [Immersive Engineering Contributors Thread/INFO] [immersiveengineering/]: Attempting to download special revolvers from GitHub
[04Apr2026 00:41:27.106] [modloading-worker-0/INFO] [mekanism.common.Mekanism/]: Initialized HolidayManager.
[04Apr2026 00:41:27.117] [modloading-worker-0/INFO] [com.chunksending.ChunkSending/]: chunksending mod initialized
[04Apr2026 00:41:27.119] [modloading-worker-0/INFO] [voicechat/]: [voicechat] Loading plugins
[04Apr2026 00:41:27.117] [modloading-worker-0/INFO] [mekanism.common.Mekanism/]: Fake player readout: UUID = 46e82cd0-d480-3d48-800a-77431ede078e, name = [Mekanism]
[04Apr2026 00:41:27.120] [modloading-worker-0/INFO] [mekanism.common.Mekanism/]: Mod loaded.
[04Apr2026 00:41:27.134] [modloading-worker-0/INFO] [mekanism.common.Mekanism/]: Loaded 'Mekanism: Generators' module.
[04Apr2026 00:41:27.134] [modloading-worker-0/INFO] [mekanism.common.Mekanism/]: Loaded 'Mekanism: BFR' module.
[04Apr2026 00:41:27.136] [modloading-worker-0/INFO] [voicechat/]: [voicechat] Loaded 0 plugin(s)
[04Apr2026 00:41:27.136] [modloading-worker-0/INFO] [voicechat/]: [voicechat] Initializing plugins
[04Apr2026 00:41:27.136] [modloading-worker-0/INFO] [voicechat/]: [voicechat] Initialized 0 plugin(s)
[04Apr2026 00:41:27.149] [modloading-worker-0/INFO] [de.mrjulsen.crn.CreateRailwaysNavigator/]: Welcome to the CREATE RAILWAYS NAVIGATOR mod by MRJULSEN.
[04Apr2026 00:41:27.203] [modloading-worker-0/INFO] [integrateddynamics/]: Registered packet handler.
[04Apr2026 00:41:27.205] [modloading-worker-0/INFO] [integrateddynamicscompat/]: Registered packet handler.
[04Apr2026 00:41:27.252] [NeoForge Version Check/INFO] [net.neoforged.fml.VersionChecker/]: [mcwstairs] Found status: UP_TO_DATE Current: 1.0.2 Target: null
[04Apr2026 00:41:27.253] [NeoForge Version Check/INFO] [net.neoforged.fml.VersionChecker/]: [darkutils] Starting version check at https://updates.blamejared.com/get?n=darkutils&gv=1.21.1&ml=neoforge
[04Apr2026 00:41:27.385] [NeoForge Version Check/INFO] [net.neoforged.fml.VersionChecker/]: [darkutils] Found status: BETA Current: 21.1.1 Target: 21.1.1
[04Apr2026 00:41:27.385] [NeoForge Version Check/INFO] [net.neoforged.fml.VersionChecker/]: [mr_dungeons_andtaverns] Starting version check at https://api.modrinth.com/updates/tpehi7ww/forge_updates.json?neoforge=only
[04Apr2026 00:41:27.520] [modloading-sync-worker/INFO] [com.finderfeed.fdlib.FDLib/]: Loading FD animations...
[04Apr2026 00:41:27.520] [modloading-sync-worker/INFO] [com.finderfeed.fdlib.FDLib/]: Loading animation: fdbosses:malkuth_crystal_summon
[04Apr2026 00:41:27.525] [modloading-sync-worker/INFO] [com.finderfeed.fdlib.FDLib/]: Loading animation: fdbosses:divine_gear_idle
[04Apr2026 00:41:27.526] [modloading-sync-worker/INFO] [com.finderfeed.fdlib.FDLib/]: Loading animation: fdbosses:geburah_tilt_left
[04Apr2026 00:41:27.526] [modloading-sync-worker/INFO] [com.finderfeed.fdlib.FDLib/]: Loading animation: fdbosses:malkuth_idle
[04Apr2026 00:41:27.529] [modloading-sync-worker/INFO] [com.finderfeed.fdlib.FDLib/]: Loading animation: fdbosses:malkuth_single_earthquake_ice
[04Apr2026 00:41:27.532] [modloading-sync-worker/INFO] [com.finderfeed.fdlib.FDLib/]: Loading animation: fdbosses:malkuth_jump_crush_attack_midair
[04Apr2026 00:41:27.534] [modloading-sync-worker/INFO] [com.finderfeed.fdlib.FDLib/]: Loading animation: fdbosses:malkuth_death
[04Apr2026 00:41:27.537] [modloading-sync-worker/INFO] [com.finderfeed.fdlib.FDLib/]: Loading animation: fdbosses:electric_orb_idle
[04Apr2026 00:41:27.539] [modloading-sync-worker/INFO] [com.finderfeed.fdlib.FDLib/]: Loading animation: fdbosses:chesed_second_phase_prepare
[04Apr2026 00:41:27.540] [modloading-sync-worker/INFO] [com.finderfeed.fdlib.FDLib/]: Loading animation: fdbosses:chesed_monolith_idle
[04Apr2026 00:41:27.541] [modloading-sync-worker/INFO] [com.finderfeed.fdlib.FDLib/]: Loading animation: fdbosses:malkuth_sword_forward
[04Apr2026 00:41:27.543] [modloading-sync-worker/INFO] [com.finderfeed.fdlib.FDLib/]: Loading animation: fdbosses:test_malkuth
[04Apr2026 00:41:27.545] [modloading-sync-worker/INFO] [com.finderfeed.fdlib.FDLib/]: Loading animation: fdbosses:chesed_monolith_turn_off
[04Apr2026 00:41:27.545] [modloading-sync-worker/INFO] [com.finderfeed.fdlib.FDLib/]: Loading animation: fdbosses:geburah_fire_all_cannons
[04Apr2026 00:41:27.546] [modloading-sync-worker/INFO] [com.finderfeed.fdlib.FDLib/]: Loading animation: fdbosses:malkuth_float
[04Apr2026 00:41:27.548] [modloading-sync-worker/INFO] [com.finderfeed.fdlib.FDLib/]: Loading animation: fdbosses:chesed_death
[04Apr2026 00:41:27.550] [modloading-sync-worker/INFO] [com.finderfeed.fdlib.FDLib/]: Loading animation: fdbosses:judgement_bird_cast
[04Apr2026 00:41:27.551] [modloading-sync-worker/INFO] [com.finderfeed.fdlib.FDLib/]: Loading animation: fdbosses:chesed_roll
[04Apr2026 00:41:27.553] [modloading-sync-worker/INFO] [com.finderfeed.fdlib.FDLib/]: Loading animation: fdbosses:geburah_appear
[04Apr2026 00:41:27.553] [modloading-sync-worker/INFO] [com.finderfeed.fdlib.FDLib/]: Loading animation: fdbosses:malkuth_cannon_repair
[04Apr2026 00:41:27.553] [modloading-sync-worker/INFO] [com.finderfeed.fdlib.FDLib/]: Loading animation: fdbosses:chesed_cast
[04Apr2026 00:41:27.554] [modloading-sync-worker/INFO] [com.finderfeed.fdlib.FDLib/]: Loading animation: fdbosses:malkuth_pull_and_punch
[04Apr2026 00:41:27.557] [modloading-sync-worker/INFO] [com.finderfeed.fdlib.FDLib/]: Loading animation: fdbosses:malkuth_summon_throw_side_stones
[04Apr2026 00:41:27.559] [modloading-sync-worker/INFO] [com.finderfeed.fdlib.FDLib/]: Loading animation: fdbosses:malkuth_screen_appear
[04Apr2026 00:41:27.561] [modloading-sync-worker/INFO] [com.finderfeed.fdlib.FDLib/]: Loading animation: fdbosses:malkuth_slash_ice
[04Apr2026 00:41:27.563] [modloading-sync-worker/INFO] [com.finderfeed.fdlib.FDLib/]: Loading animation: fdbosses:malkuth_fist_grab
[04Apr2026 00:41:27.563] [modloading-sync-worker/INFO] [com.finderfeed.fdlib.FDLib/]: Loading animation: fdbosses:malkuth_screen_idle
[04Apr2026 00:41:27.565] [modloading-sync-worker/INFO] [com.finderfeed.fdlib.FDLib/]: Loading animation: fdbosses:chesed_roll_up_just_end
[04Apr2026 00:41:27.566] [modloading-sync-worker/INFO] [com.finderfeed.fdlib.FDLib/]: Loading animation: fdbosses:malkuth_jump_to_float
[04Apr2026 00:41:27.568] [modloading-sync-worker/INFO] [com.finderfeed.fdlib.FDLib/]: Loading animation: fdbosses:malkuth_slash_fire
[04Apr2026 00:41:27.570] [modloading-sync-worker/INFO] [com.finderfeed.fdlib.FDLib/]: Loading animation: fdbosses:divine_gear_death
[04Apr2026 00:41:27.570] [modloading-sync-worker/INFO] [com.finderfeed.fdlib.FDLib/]: Loading animation: fdbosses:geburah_stomp
[04Apr2026 00:41:27.571] [modloading-sync-worker/INFO] [com.finderfeed.fdlib.FDLib/]: Loading animation: fdbosses:malkuth_carousel_slash_1
[04Apr2026 00:41:27.573] [modloading-sync-worker/INFO] [com.finderfeed.fdlib.FDLib/]: Loading animation: fdbosses:malkuth_jump_crush_attack_end
[04Apr2026 00:41:27.575] [modloading-sync-worker/INFO] [com.finderfeed.fdlib.FDLib/]: Loading animation: fdbosses:malkuth_warrior_die
[04Apr2026 00:41:27.575] [modloading-sync-worker/INFO] [com.finderfeed.fdlib.FDLib/]: Loading animation: fdbosses:chesed_crystal_spawn
[04Apr2026 00:41:27.575] [modloading-sync-worker/INFO] [com.finderfeed.fdlib.FDLib/]: Loading animation: fdbosses:chesed_item_use
[04Apr2026 00:41:27.575] [modloading-sync-worker/INFO] [com.finderfeed.fdlib.FDLib/]: Loading animation: fdbosses:malkuth_cannon_shoot
[04Apr2026 00:41:27.576] [modloading-sync-worker/INFO] [com.finderfeed.fdlib.FDLib/]: Loading animation: fdbosses:malkuth_summon_anim
[04Apr2026 00:41:27.577] [modloading-sync-worker/INFO] [com.finderfeed.fdlib.FDLib/]: Loading animation: fdlib:testanim
[04Apr2026 00:41:27.578] [modloading-sync-worker/INFO] [com.finderfeed.fdlib.FDLib/]: Loading animation: fdbosses:judgement_bird_fly
[04Apr2026 00:41:27.578] [modloading-sync-worker/INFO] [com.finderfeed.fdlib.FDLib/]: Loading animation: fdbosses:malkuth_summon_fireballs
[04Apr2026 00:41:27.580] [modloading-sync-worker/INFO] [com.finderfeed.fdlib.FDLib/]: Loading animation: fdbosses:malkuth_jump_crush_attack_start
[04Apr2026 00:41:27.581] [modloading-sync-worker/INFO] [com.finderfeed.fdlib.FDLib/]: Loading animation: fdbosses:malkuth_jump_forward_prepare
[04Apr2026 00:41:27.583] [modloading-sync-worker/INFO] [com.finderfeed.fdlib.FDLib/]: Loading animation: fdbosses:malkuth_warrior_attack
[04Apr2026 00:41:27.583] [modloading-sync-worker/INFO] [com.finderfeed.fdlib.FDLib/]: Loading animation: fdbosses:chesed_idle
[04Apr2026 00:41:27.584] [modloading-sync-worker/INFO] [com.finderfeed.fdlib.FDLib/]: Loading animation: fdbosses:chesed_appear
[04Apr2026 00:41:27.585] [modloading-sync-worker/INFO] [com.finderfeed.fdlib.FDLib/]: Loading animation: fdbosses:justice_hammer_smack
[04Apr2026 00:41:27.586] [modloading-sync-worker/INFO] [com.finderfeed.fdlib.FDLib/]: Loading animation: fdbosses:chesed_roll_up
[04Apr2026 00:41:27.586] [modloading-sync-worker/INFO] [com.finderfeed.fdlib.FDLib/]: Loading animation: fdbosses:chesed_second_phase_strike_walls
[04Apr2026 00:41:27.587] [modloading-sync-worker/INFO] [com.finderfeed.fdlib.FDLib/]: Loading animation: fdbosses:divine_gear_item_idle
[04Apr2026 00:41:27.587] [modloading-sync-worker/INFO] [com.finderfeed.fdlib.FDLib/]: Loading animation: fdbosses:chesed_roll_roll
[04Apr2026 00:41:27.588] [modloading-sync-worker/INFO] [com.finderfeed.fdlib.FDLib/]: Loading animation: fdbosses:chesed_roll_up_end
[04Apr2026 00:41:27.589] [modloading-sync-worker/INFO] [com.finderfeed.fdlib.FDLib/]: Loading animation: fdbosses:malkuth_cannon_summon
[04Apr2026 00:41:27.589] [modloading-sync-worker/INFO] [com.finderfeed.fdlib.FDLib/]: Loading animation: fdbosses:geburah_bell_ring
[04Apr2026 00:41:27.590] [modloading-sync-worker/INFO] [com.finderfeed.fdlib.FDLib/]: Loading animation: fdbosses:malkuth_single_earthquake_fire
[04Apr2026 00:41:27.591] [modloading-sync-worker/INFO] [com.finderfeed.fdlib.FDLib/]: Loading animation: fdbosses:malkuth_warrior_idle
[04Apr2026 00:41:27.591] [modloading-sync-worker/INFO] [com.finderfeed.fdlib.FDLib/]: Loading animation: fdbosses:chesed_rockfall_cast
[04Apr2026 00:41:27.592] [modloading-sync-worker/INFO] [com.finderfeed.fdlib.FDLib/]: Loading animation: fdbosses:malkuth_warrior_walk
[04Apr2026 00:41:27.593] [modloading-sync-worker/INFO] [com.finderfeed.fdlib.FDLib/]: Loading animation: fdbosses:chesed_attack
[04Apr2026 00:41:27.594] [modloading-sync-worker/INFO] [com.finderfeed.fdlib.FDLib/]: Loading animation: fdbosses:malkuth_cannon_break
[04Apr2026 00:41:27.594] [modloading-sync-worker/INFO] [com.finderfeed.fdlib.FDLib/]: Loading animation: fdbosses:chesed_item_idle
[04Apr2026 00:41:27.594] [modloading-sync-worker/INFO] [com.finderfeed.fdlib.FDLib/]: Loading animation: fdbosses:malkuth_jump_with_crush
[04Apr2026 00:41:27.596] [modloading-sync-worker/INFO] [com.finderfeed.fdlib.FDLib/]: Loading animation: fdbosses:chesed_screen_appear
[04Apr2026 00:41:27.597] [modloading-sync-worker/INFO] [com.finderfeed.fdlib.FDLib/]: Loading animation: fdbosses:malkuth_warrior_slam_earth
[04Apr2026 00:41:27.598] [modloading-sync-worker/INFO] [com.finderfeed.fdlib.FDLib/]: Loading animation: fdbosses:kinetic_field_spawn
[04Apr2026 00:41:27.598] [modloading-sync-worker/INFO] [com.finderfeed.fdlib.FDLib/]: Loading animation: fdbosses:chesed_earthquake_cast
[04Apr2026 00:41:27.599] [modloading-sync-worker/INFO] [com.finderfeed.fdlib.FDLib/]: Loading animation: fdbosses:malkuth_jump_and_land
[04Apr2026 00:41:27.601] [modloading-sync-worker/INFO] [com.finderfeed.fdlib.FDLib/]: Loading animation: fdbosses:divine_gear_summon
[04Apr2026 00:41:27.601] [modloading-sync-worker/INFO] [com.finderfeed.fdlib.FDLib/]: Loading animation: fdbosses:malkuth_crush_attack_attack
[04Apr2026 00:41:27.602] [modloading-sync-worker/INFO] [com.finderfeed.fdlib.FDLib/]: Loading animation: fdbosses:malkuth_jump_crush_attack_full
[04Apr2026 00:41:27.604] [modloading-sync-worker/INFO] [com.finderfeed.fdlib.FDLib/]: Loading animation: fdbosses:malkuth_giant_sword_attack
[04Apr2026 00:41:27.605] [modloading-sync-worker/INFO] [com.finderfeed.fdlib.FDLib/]: Loading animation: fdbosses:ray_reflector_activate
[04Apr2026 00:41:27.605] [modloading-sync-worker/INFO] [com.finderfeed.fdlib.FDLib/]: Loading animation: fdbosses:chesed_boom_attack
[04Apr2026 00:41:27.606] [modloading-sync-worker/INFO] [com.finderfeed.fdlib.FDLib/]: Loading animation: fdbosses:malkuth_fist_flying
[04Apr2026 00:41:27.606] [modloading-sync-worker/INFO] [com.finderfeed.fdlib.FDLib/]: Loading animation: fdbosses:geburah_tilt_right
[04Apr2026 00:41:27.607] [modloading-sync-worker/INFO] [com.finderfeed.fdlib.FDLib/]: FD Animations loaded!
[04Apr2026 00:41:27.607] [modloading-sync-worker/INFO] [com.finderfeed.fdlib.FDLib/]: Loading FD models...
[04Apr2026 00:41:27.607] [modloading-sync-worker/INFO] [com.finderfeed.fdlib.FDLib/]: Loading model: fdbosses:geburah_no_core
[04Apr2026 00:41:27.614] [modloading-sync-worker/INFO] [com.finderfeed.fdlib.FDLib/]: Loading model: fdbosses:malkuth_boulder_fire
[04Apr2026 00:41:27.614] [modloading-sync-worker/INFO] [com.finderfeed.fdlib.FDLib/]: Loading model: fdbosses:malkuth_cannon
[04Apr2026 00:41:27.615] [modloading-sync-worker/INFO] [com.finderfeed.fdlib.FDLib/]: Loading model: fdbosses:justitia
[04Apr2026 00:41:27.615] [modloading-sync-worker/INFO] [com.finderfeed.fdlib.FDLib/]: Loading model: fdbosses:justice_hammer
[04Apr2026 00:41:27.615] [modloading-sync-worker/INFO] [com.finderfeed.fdlib.FDLib/]: Loading model: fdbosses:malkuth
[04Apr2026 00:41:27.617] [modloading-sync-worker/INFO] [com.finderfeed.fdlib.FDLib/]: Loading model: fdbosses:chesed_item
[04Apr2026 00:41:27.617] [modloading-sync-worker/INFO] [com.finderfeed.fdlib.FDLib/]: Loading model: fdbosses:judgement_bird
[04Apr2026 00:41:27.617] [modloading-sync-worker/INFO] [com.finderfeed.fdlib.FDLib/]: Loading model: fdbosses:malkuth_cannon_projectile
[04Apr2026 00:41:27.617] [modloading-sync-worker/INFO] [com.finderfeed.fdlib.FDLib/]: Loading model: fdbosses:boss_spawner
[04Apr2026 00:41:27.618] [modloading-sync-worker/INFO] [com.finderfeed.fdlib.FDLib/]: Loading model: fdbosses:judgement_bird
[04Apr2026 00:41:27.618] [modloading-sync-worker/INFO] [com.finderfeed.fdlib.FDLib/]: Loading model: fdbosses:chesed
[04Apr2026 00:41:27.619] [modloading-sync-worker/INFO] [com.finderfeed.fdlib.FDLib/]: Loading model: fdbosses:geburah
[04Apr2026 00:41:27.620] [modloading-sync-worker/INFO] [com.finderfeed.fdlib.FDLib/]: Loading model: fdlib:test
[04Apr2026 00:41:27.620] [modloading-sync-worker/INFO] [com.finderfeed.fdlib.FDLib/]: Loading model: fdbosses:malkuth_crush_attack
[04Apr2026 00:41:27.621] [modloading-sync-worker/INFO] [com.finderfeed.fdlib.FDLib/]: Loading model: fdbosses:chesed_monolith
[04Apr2026 00:41:27.622] [modloading-sync-worker/INFO] [com.finderfeed.fdlib.FDLib/]: Loading model: fdbosses:divine_gear
[04Apr2026 00:41:27.622] [modloading-sync-worker/INFO] [com.finderfeed.fdlib.FDLib/]: Loading model: fdbosses:malkuth_warrior
[04Apr2026 00:41:27.622] [modloading-sync-worker/INFO] [com.finderfeed.fdlib.FDLib/]: Loading model: fdbosses:malkuth_boss_spawner
[04Apr2026 00:41:27.622] [modloading-sync-worker/INFO] [com.finderfeed.fdlib.FDLib/]: Loading model: fdbosses:malkuth_platform
[04Apr2026 00:41:27.623] [modloading-sync-worker/INFO] [com.finderfeed.fdlib.FDLib/]: Loading model: fdbosses:malkuth_sword
[04Apr2026 00:41:27.623] [modloading-sync-worker/INFO] [com.finderfeed.fdlib.FDLib/]: Loading model: fdbosses:malkuth_fist_flying
[04Apr2026 00:41:27.623] [modloading-sync-worker/INFO] [com.finderfeed.fdlib.FDLib/]: Loading model: fdbosses:chesed_kinetic_field
[04Apr2026 00:41:27.623] [modloading-sync-worker/INFO] [com.finderfeed.fdlib.FDLib/]: Loading model: fdbosses:malkuth_fist
[04Apr2026 00:41:27.623] [modloading-sync-worker/INFO] [com.finderfeed.fdlib.FDLib/]: Loading model: fdbosses:chesed
[04Apr2026 00:41:27.624] [modloading-sync-worker/INFO] [com.finderfeed.fdlib.FDLib/]: Loading model: fdbosses:geburah_bell
[04Apr2026 00:41:27.624] [modloading-sync-worker/INFO] [com.finderfeed.fdlib.FDLib/]: Loading model: fdbosses:malkuth_screen
[04Apr2026 00:41:27.624] [modloading-sync-worker/INFO] [com.finderfeed.fdlib.FDLib/]: Loading model: fdbosses:malkuth_boulder_ice
[04Apr2026 00:41:27.624] [modloading-sync-worker/INFO] [com.finderfeed.fdlib.FDLib/]: Loading model: fdbosses:chesed_ray_reflector
[04Apr2026 00:41:27.625] [modloading-sync-worker/INFO] [com.finderfeed.fdlib.FDLib/]: Loading model: fdbosses:judgement_ball
[04Apr2026 00:41:27.625] [modloading-sync-worker/INFO] [com.finderfeed.fdlib.FDLib/]: Loading model: fdlib:test
[04Apr2026 00:41:27.625] [modloading-sync-worker/INFO] [com.finderfeed.fdlib.FDLib/]: Loading model: fdbosses:malkuth_earthquake_part
[04Apr2026 00:41:27.625] [modloading-sync-worker/INFO] [com.finderfeed.fdlib.FDLib/]: Loading model: fdbosses:malkuth_repair_crystal
[04Apr2026 00:41:27.625] [modloading-sync-worker/INFO] [com.finderfeed.fdlib.FDLib/]: Loading model: fdbosses:electric_orb
[04Apr2026 00:41:27.625] [modloading-sync-worker/INFO] [com.finderfeed.fdlib.FDLib/]: Loading model: fdbosses:boss_spawner
[04Apr2026 00:41:27.625] [modloading-sync-worker/INFO] [com.finderfeed.fdlib.FDLib/]: Loading model: fdbosses:chesed_crystal
[04Apr2026 00:41:27.625] [modloading-sync-worker/INFO] [com.finderfeed.fdlib.FDLib/]: Loading model: fdbosses:malkuth_fist
[04Apr2026 00:41:27.625] [modloading-sync-worker/INFO] [com.finderfeed.fdlib.FDLib/]: Loading model: fdbosses:judgement_ball
[04Apr2026 00:41:27.626] [modloading-sync-worker/INFO] [com.finderfeed.fdlib.FDLib/]: Loading model: fdbosses:wip
[04Apr2026 00:41:27.626] [modloading-sync-worker/INFO] [com.finderfeed.fdlib.FDLib/]: Loading model: fdbosses:chesed
[04Apr2026 00:41:27.626] [modloading-sync-worker/INFO] [com.finderfeed.fdlib.FDLib/]: FD Models loaded!
[04Apr2026 00:41:27.660] [modloading-sync-worker/INFO] [net.neoforged.coremod.CoreMod.apothic_enchanting/COREMODLOG]: Replaced 1 calls to Enchantment#getMaxLevel() in net/minecraft/world/entity/npc/VillagerTrades$EnchantBookForEmeralds
[04Apr2026 00:41:27.720] [NeoForge Version Check/INFO] [net.neoforged.fml.VersionChecker/]: [mr_dungeons_andtaverns] Found status: AHEAD Current: 1-v4.4.4 Target: null
[04Apr2026 00:41:27.720] [NeoForge Version Check/INFO] [net.neoforged.fml.VersionChecker/]: [tombstone] Starting version check at https://raw.githubusercontent.com/Corail31/tombstone_lite/master/neoforge-update.json
[04Apr2026 00:41:27.739] [NeoForge Version Check/INFO] [net.neoforged.fml.VersionChecker/]: [tombstone] Found status: UP_TO_DATE Current: 9.4.8 Target: null
[04Apr2026 00:41:27.741] [NeoForge Version Check/INFO] [net.neoforged.fml.VersionChecker/]: [mcwroofs] Starting version check at https://raw.githubusercontent.com/sketchmacaw/macawsmods/master/roofs.json
[04Apr2026 00:41:27.761] [NeoForge Version Check/INFO] [net.neoforged.fml.VersionChecker/]: [mcwroofs] Found status: UP_TO_DATE Current: 2.3.2 Target: null
[04Apr2026 00:41:27.761] [NeoForge Version Check/INFO] [net.neoforged.fml.VersionChecker/]: [mcwlights] Starting version check at https://raw.githubusercontent.com/sketchmacaw/macawsmods/master/lights.json
[04Apr2026 00:41:27.765] [modloading-sync-worker/INFO] [terrablender/]: Registered region biomeswevegone:region_0 to index 6 for type OVERWORLD
[04Apr2026 00:41:27.765] [modloading-sync-worker/INFO] [terrablender/]: Registered region biomeswevegone:region_1 to index 7 for type OVERWORLD
[04Apr2026 00:41:27.765] [modloading-sync-worker/INFO] [terrablender/]: Registered region biomeswevegone:region_2 to index 8 for type OVERWORLD
[04Apr2026 00:41:27.783] [NeoForge Version Check/INFO] [net.neoforged.fml.VersionChecker/]: [mcwlights] Found status: UP_TO_DATE Current: 1.1.5 Target: null
[04Apr2026 00:41:27.783] [NeoForge Version Check/INFO] [net.neoforged.fml.VersionChecker/]: [goblintraders] Starting version check at https://mrcrayfish.com/api/mod_update/neoforge/goblintraders
[04Apr2026 00:41:27.894] [NeoForge Version Check/WARN] [net.neoforged.fml.VersionChecker/]: Failed to process update information
com.google.gson.JsonSyntaxException: java.lang.IllegalStateException: Expected BEGIN_OBJECT but was STRING at line 1 column 1 path $
	at MC-BOOTSTRAP/com.google.gson@2.10.1/com.google.gson.Gson.fromJson(Gson.java:1238) ~[gson-2.10.1.jar%2394!/:?]
	at MC-BOOTSTRAP/com.google.gson@2.10.1/com.google.gson.Gson.fromJson(Gson.java:1137) ~[gson-2.10.1.jar%2394!/:?]
	at MC-BOOTSTRAP/com.google.gson@2.10.1/com.google.gson.Gson.fromJson(Gson.java:1047) ~[gson-2.10.1.jar%2394!/:?]
	at MC-BOOTSTRAP/com.google.gson@2.10.1/com.google.gson.Gson.fromJson(Gson.java:982) ~[gson-2.10.1.jar%2394!/:?]
	at MC-BOOTSTRAP/fml_loader@4.0.42/net.neoforged.fml.VersionChecker$1.process(VersionChecker.java:167) ~[loader-4.0.42.jar%2359!/:4.0]
	at java.base/java.lang.Iterable.forEach(Iterable.java:75) [?:?]
	at MC-BOOTSTRAP/fml_loader@4.0.42/net.neoforged.fml.VersionChecker$1.run(VersionChecker.java:105) [loader-4.0.42.jar%2359!/:4.0]
Caused by: java.lang.IllegalStateException: Expected BEGIN_OBJECT but was STRING at line 1 column 1 path $
	at MC-BOOTSTRAP/com.google.gson@2.10.1/com.google.gson.stream.JsonReader.beginObject(JsonReader.java:393) ~[gson-2.10.1.jar%2394!/:?]
	at MC-BOOTSTRAP/com.google.gson@2.10.1/com.google.gson.internal.bind.MapTypeAdapterFactory$Adapter.read(MapTypeAdapterFactory.java:182) ~[gson-2.10.1.jar%2394!/:?]
	at MC-BOOTSTRAP/com.google.gson@2.10.1/com.google.gson.internal.bind.MapTypeAdapterFactory$Adapter.read(MapTypeAdapterFactory.java:144) ~[gson-2.10.1.jar%2394!/:?]
	at MC-BOOTSTRAP/com.google.gson@2.10.1/com.google.gson.Gson.fromJson(Gson.java:1227) ~[gson-2.10.1.jar%2394!/:?]
	... 6 more
[04Apr2026 00:41:27.895] [NeoForge Version Check/INFO] [net.neoforged.fml.VersionChecker/]: [nyctography] Starting version check at https://updates.blamejared.com/get?n=nyctography&gv=1.21.1&ml=neoforge
[04Apr2026 00:41:27.923] [modloading-sync-worker/INFO] [Moonlight/]: Initialized color sets in 129ms
[04Apr2026 00:41:27.923] [NeoForge Version Check/INFO] [net.neoforged.fml.VersionChecker/]: [nyctography] Found status: BETA_OUTDATED Current: 21.1.6 Target: 21.1.8
[04Apr2026 00:41:27.924] [NeoForge Version Check/INFO] [net.neoforged.fml.VersionChecker/]: [voicechat] Starting version check at https://update.maxhenkel.de/neoforge/voicechat
[04Apr2026 00:41:27.924] [modloading-sync-worker/ERROR] [Moonlight/]: Fabric API detected! This is not a Fabric mod, so please don't report related issues to MoonlightLib or its dependent(s). This can usually happen when using Connector, or when using a mod that does NOT have a native Neoforge implementation. This can easily lead to poor compatibility and other bizarre issues. Proceed at your own risk. 
 Mods that bundle Fabric API: [forgified-fabric-api-0.116.7+2.2.4+1.21.1.jar]
[04Apr2026 00:41:27.935] [modloading-sync-worker/INFO] [terrablender/]: Registered region integrateddynamics:overworld to index 9 for type OVERWORLD
[04Apr2026 00:41:27.938] [modloading-worker-0/INFO] [DistantHorizons-DistantHorizons-loaderCommon.neoforge.com.seibel.distanthorizons.common.AbstractModInitializer/]: Initializing Distant Horizons server, firing DhApiBeforeDhInitEvent event...
[04Apr2026 00:41:27.945] [modloading-worker-0/INFO] [DistantHorizons-DistantHorizons-com.seibel.distanthorizons.core.Initializer/]: Running library validation...
[04Apr2026 00:41:28.003] [modloading-worker-0/INFO] [DistantHorizons-DistantHorizons-com.seibel.distanthorizons.core.Initializer/]: Garbage collectors: [G1 Young Generation, G1 Concurrent GC, G1 Old Generation]
[04Apr2026 00:41:28.003] [modloading-worker-0/WARN] [DistantHorizons-DistantHorizons-com.seibel.distanthorizons.core.Initializer/]: Distant Horizons: G1 Garbage collector detected. 
This garbage collector can cause FPS stuttering. 
It's recommended to use a concurrent garbage collector 
like ZGC (Java 21+) or Shenandoah (Java 8 through 17) for a smoother experience. 

[04Apr2026 00:41:28.006] [modloading-worker-0/INFO] [DistantHorizons-DistantHorizons-loaderCommon.neoforge.com.seibel.distanthorizons.common.AbstractModInitializer/]: Distant Horizons, Version: 2.4.5-b
[04Apr2026 00:41:28.013] [modloading-worker-0/INFO] [DistantHorizons-DistantHorizons-loaderCommon.neoforge.com.seibel.distanthorizons.common.AbstractModInitializer/]: Skipping mod compatibility accessor for: [optifine]
[04Apr2026 00:41:28.013] [modloading-worker-0/INFO] [DistantHorizons-DistantHorizons-com.seibel.distanthorizons.core.dependencyInjection.ModAccessorInjector/]: Registered mod compatibility accessor for: [c2me].
[04Apr2026 00:41:28.013] [modloading-worker-0/INFO] [DistantHorizons-DistantHorizons-loaderCommon.neoforge.com.seibel.distanthorizons.common.AbstractModInitializer/]: Skipping mod compatibility accessor for: [iris]
[04Apr2026 00:41:28.013] [modloading-worker-0/INFO] [DistantHorizons-DistantHorizons-loaderCommon.neoforge.com.seibel.distanthorizons.common.AbstractModInitializer/]: Distant Horizons server Initialized, adding event subscribers...
[04Apr2026 00:41:28.039] [NeoForge Version Check/INFO] [net.neoforged.fml.VersionChecker/]: [voicechat] Found status: BETA_OUTDATED Current: 1.21.1-2.6.12 Target: 1.21.1-2.6.14
[04Apr2026 00:41:28.040] [NeoForge Version Check/INFO] [net.neoforged.fml.VersionChecker/]: [trade_cycling] Starting version check at https://update.maxhenkel.de/neoforge/trade_cycling
[04Apr2026 00:41:28.065] [NeoForge Version Check/INFO] [net.neoforged.fml.VersionChecker/]: [trade_cycling] Found status: BETA Current: 1.21.1-1.0.18 Target: 1.21.1-1.0.18
[04Apr2026 00:41:28.065] [NeoForge Version Check/INFO] [net.neoforged.fml.VersionChecker/]: [forgeconfigapiport] Starting version check at https://raw.githubusercontent.com/Fuzss/modresources/main/update/forgeconfigapiport.json
[04Apr2026 00:41:28.089] [NeoForge Version Check/INFO] [net.neoforged.fml.VersionChecker/]: [forgeconfigapiport] Found status: OUTDATED Current: 21.1.1 Target: 21.1.6
[04Apr2026 00:41:28.089] [NeoForge Version Check/INFO] [net.neoforged.fml.VersionChecker/]: [bookshelf] Starting version check at https://updates.blamejared.com/get?n=bookshelf&gv=1.21.1&ml=neoforge
[04Apr2026 00:41:28.115] [NeoForge Version Check/INFO] [net.neoforged.fml.VersionChecker/]: [bookshelf] Found status: BETA Current: 21.1.81 Target: 21.1.81
[04Apr2026 00:41:28.115] [NeoForge Version Check/INFO] [net.neoforged.fml.VersionChecker/]: [mcwdoors] Starting version check at https://raw.githubusercontent.com/sketchmacaw/macawsmods/master/doors.json
[04Apr2026 00:41:28.135] [NeoForge Version Check/INFO] [net.neoforged.fml.VersionChecker/]: [mcwdoors] Found status: AHEAD Current: 1.1.5 Target: null
[04Apr2026 00:41:28.136] [NeoForge Version Check/INFO] [net.neoforged.fml.VersionChecker/]: [diagonalwalls] Starting version check at https://raw.githubusercontent.com/Fuzss/modresources/main/update/diagonalwalls.json
[04Apr2026 00:41:28.156] [NeoForge Version Check/INFO] [net.neoforged.fml.VersionChecker/]: [diagonalwalls] Found status: UP_TO_DATE Current: 21.1.2 Target: null
[04Apr2026 00:41:28.156] [NeoForge Version Check/INFO] [net.neoforged.fml.VersionChecker/]: [diagonalblocks] Starting version check at https://raw.githubusercontent.com/Fuzss/modresources/main/update/diagonalblocks.json
[04Apr2026 00:41:28.174] [NeoForge Version Check/INFO] [net.neoforged.fml.VersionChecker/]: [diagonalblocks] Found status: BETA Current: 21.1.2 Target: null
[04Apr2026 00:41:28.174] [NeoForge Version Check/INFO] [net.neoforged.fml.VersionChecker/]: [chipped] Starting version check at https://api.modrinth.com/updates/BAscRYKm/forge_updates.json
[04Apr2026 00:41:28.194] [modloading-sync-worker/INFO] [net.creeperhost.polylib.PolyLib/]: =====Registering Capabilities=====
[04Apr2026 00:41:28.226] [modloading-sync-worker/WARN] [mixin/]: Static binding violation: PRIVATE @Overwrite method readChunk in c2me-rewrites-chunk-system.mixins.json:async_serialization.MixinThreadedAnvilChunkStorage from mod c2me_rewrites_chunk_system cannot reduce visibiliy of PUBLIC target method, visibility will be upgraded.
[04Apr2026 00:41:28.237] [modloading-sync-worker/WARN] [mixin/]: @Redirect conflict. Skipping smoothchunk.mixins.json:ChunkMapSlowUnload from mod smoothchunk->@Redirect::getSize(Ljava/util/Queue;)I with priority 1000, already redirected by c2me-opts-scheduling.mixins.json:general_overheads.MixinThreadedAnvilChunkStorage from mod c2me_opts_scheduling->@Redirect::redirectUnloadSize(Ljava/util/Queue;)I with priority 1100
[04Apr2026 00:41:28.327] [NeoForge Version Check/INFO] [net.neoforged.fml.VersionChecker/]: [chipped] Found status: BETA Current: 4.0.2 Target: null
[04Apr2026 00:41:28.327] [NeoForge Version Check/INFO] [net.neoforged.fml.VersionChecker/]: [natures_spirit] Starting version check at https://api.modrinth.com/updates/WBvnqHfV/forge_updates.json
[04Apr2026 00:41:28.328] [modloading-worker-0/INFO] [pneumaticcraft/]: Sending IMC messages.
[04Apr2026 00:41:28.329] [modloading-worker-0/INFO] [io.redspace.ironsspellbooks.IronsSpellbooks/]: Got IMC []
[04Apr2026 00:41:28.341] [modloading-worker-0/INFO] [com.mrh0.createaddition.CreateAddition/]: Create Crafts & Additions Initialized!
[04Apr2026 00:41:28.372] [modloading-worker-0/INFO] [snownee.jade.Jade/]: Start loading plugin from com.devdyna.mekajadeupgrade.client.JadePlugin
[04Apr2026 00:41:28.377] [modloading-worker-0/INFO] [snownee.jade.Jade/]: Start loading plugin from ovh.corail.tombstone.compatibility.IntegrationJade
[04Apr2026 00:41:28.377] [modloading-worker-0/INFO] [snownee.jade.Jade/]: Start loading plugin from dev.compactmods.machines.compat.jade.CMJadePlugin
[04Apr2026 00:41:28.378] [modloading-worker-0/INFO] [snownee.jade.Jade/]: Start loading plugin from noobanidus.mods.lootr.common.integration.jade.LootrWailaPlugin
[04Apr2026 00:41:28.378] [modloading-worker-0/INFO] [snownee.jade.Jade/]: Start loading plugin from com.blakebr0.mysticalagriculture.compat.JadeCompat
[04Apr2026 00:41:28.378] [modloading-worker-0/INFO] [snownee.jade.Jade/]: Start loading plugin from dev.shadowsoffire.apothic_spawners.compat.SpawnerHwylaPlugin
[04Apr2026 00:41:28.378] [modloading-worker-0/INFO] [snownee.jade.Jade/]: Start loading plugin from com.enderio.enderio.compat.jade.EIOConduitsJadePlugin
[04Apr2026 00:41:28.379] [modloading-worker-0/INFO] [snownee.jade.Jade/]: Start loading plugin from de.maxhenkel.easyvillagers.integration.waila.PluginEasyVillagers
[04Apr2026 00:41:28.379] [modloading-worker-0/INFO] [snownee.jade.Jade/]: Start loading plugin from com.jaquadro.minecraft.storagedrawers.integration.Waila
[04Apr2026 00:41:28.379] [modloading-worker-0/INFO] [snownee.jade.Jade/]: Start loading plugin from me.desht.modularrouters.integration.jade.JadeIntegration
[04Apr2026 00:41:28.379] [modloading-worker-0/INFO] [snownee.jade.Jade/]: Start loading plugin from net.blay09.mods.balm.neoforge.compat.hudinfo.NeoForgeJadeModCompat
[04Apr2026 00:41:28.380] [modloading-worker-0/INFO] [snownee.jade.Jade/]: Start loading plugin from com.blakebr0.mysticalagradditions.compat.JadeCompat
[04Apr2026 00:41:28.380] [modloading-worker-0/INFO] [snownee.jade.Jade/]: Start loading plugin from dev.shadowsoffire.apothic_enchanting.compat.EnchJadePlugin
[04Apr2026 00:41:28.380] [modloading-worker-0/INFO] [snownee.jade.Jade/]: Start loading plugin from dev.shadowsoffire.apotheosis.compat.AdventureHwylaPlugin
[04Apr2026 00:41:28.381] [modloading-worker-0/INFO] [snownee.jade.Jade/]: Start loading plugin from dev.lucaargolo.mekanismcovers.jade.JadePlugin
[04Apr2026 00:41:28.381] [modloading-worker-0/INFO] [snownee.jade.Jade/]: Start loading plugin from mekanism.common.integration.lookingat.jade.MekanismJadePlugin
[04Apr2026 00:41:28.382] [modloading-worker-0/INFO] [snownee.jade.Jade/]: Start loading plugin from me.desht.pneumaticcraft.common.thirdparty.waila.WailaRegistration
[04Apr2026 00:41:28.383] [modloading-worker-0/INFO] [snownee.jade.Jade/]: Start loading plugin from com.iafenvoy.iceandfire.compat.jade.IceAndFireJadePlugin
[04Apr2026 00:41:28.383] [modloading-worker-0/INFO] [snownee.jade.Jade/]: Start loading plugin from blusunrize.immersiveengineering.common.util.compat.jade.IEWailaPlugin
[04Apr2026 00:41:28.384] [modloading-worker-0/INFO] [snownee.jade.Jade/]: Start loading plugin from de.maxhenkel.pipez.integration.waila.PluginPipes
[04Apr2026 00:41:28.385] [modloading-worker-0/INFO] [snownee.jade.Jade/]: Start loading plugin from org.cyclops.integrateddynamicscompat.modcompat.jade.JadeIntegratedDynamicsConfig
[04Apr2026 00:41:28.386] [modloading-worker-0/INFO] [snownee.jade.Jade/]: Start loading plugin from twilightforest.compat.jade.JadeCompat
[04Apr2026 00:41:28.387] [modloading-worker-0/INFO] [snownee.jade.Jade/]: Start loading plugin from com.supermartijn642.entangled.integration.EntangledWailaPlugin
[04Apr2026 00:41:28.387] [modloading-worker-0/INFO] [snownee.jade.Jade/]: Start loading plugin from rearth.oritech.init.compat.jade.OritechJadePlugin
[04Apr2026 00:41:28.387] [modloading-worker-0/INFO] [oritech/]: Registering Jade providers
[04Apr2026 00:41:28.387] [modloading-worker-0/INFO] [snownee.jade.Jade/]: Start loading plugin from net.p3pp3rf1y.sophisticatedstorage.compat.jade.StorageJadePlugin
[04Apr2026 00:41:28.387] [modloading-worker-0/INFO] [snownee.jade.Jade/]: Start loading plugin from xfacthd.framedblocks.common.compat.jade.FramedJadePlugin
[04Apr2026 00:41:28.388] [modloading-worker-0/INFO] [snownee.jade.Jade/]: Start loading plugin from net.blay09.mods.waystones.compat.JadeIntegration
[04Apr2026 00:41:28.388] [modloading-worker-0/INFO] [snownee.jade.Jade/]: Start loading plugin from snownee.jade.addon.vanilla.VanillaPlugin
[04Apr2026 00:41:28.395] [modloading-worker-0/INFO] [snownee.jade.Jade/]: Start loading plugin from snownee.jade.addon.universal.UniversalPlugin
[04Apr2026 00:41:28.397] [modloading-worker-0/INFO] [snownee.jade.Jade/]: Start loading plugin from snownee.jade.addon.debug.DebugPlugin
[04Apr2026 00:41:28.398] [modloading-worker-0/INFO] [snownee.jade.Jade/]: Start loading plugin from snownee.jade.addon.core.CorePlugin
[04Apr2026 00:41:28.398] [modloading-worker-0/INFO] [snownee.jade.Jade/]: Start loading plugin from snownee.jade.addon.access.AccessibilityPlugin
[04Apr2026 00:41:28.398] [modloading-worker-0/INFO] [snownee.jade.Jade/]: Start loading plugin from appeng.integration.modules.jade.JadeModule
[04Apr2026 00:41:28.405] [modloading-worker-0/INFO] [snownee.jade.Jade/]: Start loading plugin from com.glodblock.github.extendedae.xmod.jade.JadePlugin
[04Apr2026 00:41:28.406] [modloading-worker-0/INFO] [snownee.jade.Jade/]: Start loading plugin from me.ramidzkh.mekae2.integration.jade.AMJadePlugin
[04Apr2026 00:41:28.487] [NeoForge Version Check/INFO] [net.neoforged.fml.VersionChecker/]: [natures_spirit] Found status: BETA Current: 2.2.5-1.21.1 Target: null
[04Apr2026 00:41:28.487] [NeoForge Version Check/INFO] [net.neoforged.fml.VersionChecker/]: [mcwbridges] Starting version check at https://raw.githubusercontent.com/sketchmacaw/macawsmods/master/bridges.json
[04Apr2026 00:41:28.490] [modloading-sync-worker/INFO] [CorgiLib/]: Initializing network...
[04Apr2026 00:41:28.492] [modloading-sync-worker/INFO] [CorgiLib/]: Initialized network!
[04Apr2026 00:41:28.505] [NeoForge Version Check/INFO] [net.neoforged.fml.VersionChecker/]: [mcwbridges] Found status: AHEAD Current: 3.1.2 Target: null
[04Apr2026 00:41:28.505] [NeoForge Version Check/INFO] [net.neoforged.fml.VersionChecker/]: [runelic] Starting version check at https://updates.blamejared.com/get?n=runelic&gv=1.21.1&ml=neoforge
[04Apr2026 00:41:28.532] [NeoForge Version Check/INFO] [net.neoforged.fml.VersionChecker/]: [runelic] Found status: BETA Current: 21.1.5 Target: 21.1.5
[04Apr2026 00:41:28.532] [NeoForge Version Check/INFO] [net.neoforged.fml.VersionChecker/]: [copycats] Starting version check at https://raw.githubusercontent.com/copycats-plus/copycats/multiloader/update.json
[04Apr2026 00:41:28.552] [NeoForge Version Check/INFO] [net.neoforged.fml.VersionChecker/]: [copycats] Found status: AHEAD Current: 3.0.4+mc.1.21.1-neoforge Target: null
[04Apr2026 00:41:28.552] [NeoForge Version Check/INFO] [net.neoforged.fml.VersionChecker/]: [clumps] Starting version check at https://updates.blamejared.com/get?n=clumps&gv=1.21.1&ml=neoforge
[04Apr2026 00:41:28.580] [NeoForge Version Check/INFO] [net.neoforged.fml.VersionChecker/]: [clumps] Found status: BETA Current: 19.0.0.1 Target: 19.0.0.1
[04Apr2026 00:41:28.580] [NeoForge Version Check/INFO] [net.neoforged.fml.VersionChecker/]: [mysticalagriculture] Starting version check at https://api.blakesmods.com/v2/mods/mysticalagriculture/1.21/updates
[04Apr2026 00:41:28.738] [modloading-sync-worker/INFO] [Railways/]: Registering Railways network payloads...
[04Apr2026 00:41:28.738] [modloading-sync-worker/INFO] [Railways/]: Railways network payloads registered successfully
[04Apr2026 00:41:28.790] [NeoForge Version Check/INFO] [net.neoforged.fml.VersionChecker/]: [mysticalagriculture] Found status: UP_TO_DATE Current: 8.0.24 Target: null
[04Apr2026 00:41:28.790] [NeoForge Version Check/INFO] [net.neoforged.fml.VersionChecker/]: [easy_villagers] Starting version check at https://update.maxhenkel.de/neoforge/easy_villagers
[04Apr2026 00:41:28.817] [NeoForge Version Check/INFO] [net.neoforged.fml.VersionChecker/]: [easy_villagers] Found status: BETA_OUTDATED Current: 1.21.1-1.1.23 Target: 1.21.1-1.1.41
[04Apr2026 00:41:28.817] [NeoForge Version Check/INFO] [net.neoforged.fml.VersionChecker/]: [pigpen] Starting version check at https://updates.blamejared.com/get?n=pigpen&gv=1.21.1&ml=neoforge
[04Apr2026 00:41:28.907] [NeoForge Version Check/INFO] [net.neoforged.fml.VersionChecker/]: [pigpen] Found status: BETA_OUTDATED Current: 21.1.4 Target: 21.1.5
[04Apr2026 00:41:28.907] [NeoForge Version Check/INFO] [net.neoforged.fml.VersionChecker/]: [diagonalfences] Starting version check at https://raw.githubusercontent.com/Fuzss/modresources/main/update/diagonalfences.json
[04Apr2026 00:41:28.926] [NeoForge Version Check/INFO] [net.neoforged.fml.VersionChecker/]: [diagonalfences] Found status: UP_TO_DATE Current: 21.1.1 Target: null
[04Apr2026 00:41:28.926] [NeoForge Version Check/INFO] [net.neoforged.fml.VersionChecker/]: [modularrouters] Starting version check at https://raw.githubusercontent.com/desht/ModularRouters/MC1.21-master/release_info.json
[04Apr2026 00:41:28.948] [NeoForge Version Check/INFO] [net.neoforged.fml.VersionChecker/]: [modularrouters] Found status: AHEAD Current: 13.2.4 Target: null
[04Apr2026 00:41:28.948] [NeoForge Version Check/INFO] [net.neoforged.fml.VersionChecker/]: [overflowingbars] Starting version check at https://raw.githubusercontent.com/Fuzss/modresources/main/update/overflowingbars.json
[04Apr2026 00:41:28.965] [main/INFO] [com.mojang.authlib.yggdrasil.YggdrasilAuthenticationService/]: Environment: Environment[sessionHost=https://sessionserver.mojang.com, servicesHost=https://api.minecraftservices.com, name=PROD]
[04Apr2026 00:41:28.970] [NeoForge Version Check/INFO] [net.neoforged.fml.VersionChecker/]: [overflowingbars] Found status: UP_TO_DATE Current: 21.1.1 Target: null
[04Apr2026 00:41:28.970] [NeoForge Version Check/INFO] [net.neoforged.fml.VersionChecker/]: [mcwwindows] Starting version check at https://raw.githubusercontent.com/sketchmacaw/macawsmods/master/window.json
[04Apr2026 00:41:28.990] [NeoForge Version Check/INFO] [net.neoforged.fml.VersionChecker/]: [mcwwindows] Found status: UP_TO_DATE Current: 2.4.2 Target: null
[04Apr2026 00:41:28.991] [NeoForge Version Check/INFO] [net.neoforged.fml.VersionChecker/]: [prickle] Starting version check at https://updates.blamejared.com/get?n=prickle&gv=1.21.1&ml=neoforge
[04Apr2026 00:41:28.999] [main/INFO] [rechiseled/]: 1 chiseling plugins were registered: [rechiseled:datapacks]
[04Apr2026 00:41:29.015] [NeoForge Version Check/INFO] [net.neoforged.fml.VersionChecker/]: [prickle] Found status: BETA Current: 21.1.11 Target: 21.1.11
[04Apr2026 00:41:29.015] [NeoForge Version Check/INFO] [net.neoforged.fml.VersionChecker/]: [mysticalagradditions] Starting version check at https://api.blakesmods.com/v2/mods/mysticalagradditions/1.21/updates
[04Apr2026 00:41:29.073] [main/WARN] [net.minecraft.server.packs.VanillaPackResourcesBuilder/]: Assets URL 'union:/home/container/libraries/net/minecraft/server/1.21.1-20240808.144430/server-1.21.1-20240808.144430-srg.jar%23444!/assets/.mcassetsroot' uses unexpected schema
[04Apr2026 00:41:29.073] [main/WARN] [net.minecraft.server.packs.VanillaPackResourcesBuilder/]: Assets URL 'union:/home/container/libraries/net/minecraft/server/1.21.1-20240808.144430/server-1.21.1-20240808.144430-srg.jar%23444!/data/.mcassetsroot' uses unexpected schema
[04Apr2026 00:41:29.091] [main/ERROR] [net.minecraft.server.packs.AbstractPackResources/]: Couldn't load fabric:overlays metadata
com.google.gson.JsonParseException: Unknown resource condition key: tectonic:config; Unknown resource condition key: tectonic:config
	at MC-BOOTSTRAP/datafixerupper@8.0.16/com.mojang.serialization.DataResult$Error.getOrThrow(DataResult.java:287) ~[datafixerupper-8.0.16.jar%23100!/:?]
	at TRANSFORMER/minecraft@1.21.1/net.minecraft.server.packs.metadata.MetadataSectionType$1.fromJson(MetadataSectionType.java:20) ~[server-1.21.1-20240808.144430-srg.jar%23444!/:?]
	at TRANSFORMER/minecraft@1.21.1/net.minecraft.server.packs.AbstractPackResources.getMetadataFromStream(AbstractPackResources.java:54) ~[server-1.21.1-20240808.144430-srg.jar%23444!/:?]
	at TRANSFORMER/minecraft@1.21.1/net.minecraft.server.packs.AbstractPackResources.getMetadataSection(AbstractPackResources.java:33) ~[server-1.21.1-20240808.144430-srg.jar%23444!/:?]
	at TRANSFORMER/minecraft@1.21.1/net.minecraft.server.packs.repository.Pack.localvar$bdk000$fabric_resource_conditions_api_v1$applyOverlayConditions(Pack.java:536) ~[server-1.21.1-20240808.144430-srg.jar%23444!/:?]
	at TRANSFORMER/minecraft@1.21.1/net.minecraft.server.packs.repository.Pack.readPackMetadata(Pack.java:95) ~[server-1.21.1-20240808.144430-srg.jar%23444!/:?]
	at TRANSFORMER/minecraft@1.21.1/net.minecraft.server.packs.repository.Pack.readMetaAndCreate(Pack.java:40) ~[server-1.21.1-20240808.144430-srg.jar%23444!/:?]
	at TRANSFORMER/tectonic@3.0.21/dev.worldgen.tectonic.TectonicNeoforge.registerEnabledPacks(TectonicNeoforge.java:67) ~[tectonic-3.0.21-neoforge-21.1.jar%23743!/:?]
	at MC-BOOTSTRAP/net.neoforged.bus/net.neoforged.bus.ConsumerEventHandler.invoke(ConsumerEventHandler.java:27) ~[bus-8.0.5.jar%2362!/:?]
	at MC-BOOTSTRAP/net.neoforged.bus/net.neoforged.bus.EventBus.post(EventBus.java:360) ~[bus-8.0.5.jar%2362!/:?]
	at MC-BOOTSTRAP/net.neoforged.bus/net.neoforged.bus.EventBus.post(EventBus.java:342) ~[bus-8.0.5.jar%2362!/:?]
	at MC-BOOTSTRAP/fml_loader@4.0.42/net.neoforged.fml.ModContainer.acceptEvent(ModContainer.java:177) ~[loader-4.0.42.jar%2359!/:4.0]
	at MC-BOOTSTRAP/fml_loader@4.0.42/net.neoforged.fml.ModLoader.lambda$postEvent$13(ModLoader.java:358) ~[loader-4.0.42.jar%2359!/:4.0]
	at java.base/java.lang.Iterable.forEach(Iterable.java:75) ~[?:?]
	at MC-BOOTSTRAP/fml_loader@4.0.42/net.neoforged.fml.ModList.forEachModInOrder(ModList.java:174) ~[loader-4.0.42.jar%2359!/:4.0]
	at MC-BOOTSTRAP/fml_loader@4.0.42/net.neoforged.fml.ModLoader.postEvent(ModLoader.java:358) ~[loader-4.0.42.jar%2359!/:4.0]
	at TRANSFORMER/neoforge@21.1.220/net.neoforged.neoforge.resource.ResourcePackLoader.populatePackRepository(ResourcePackLoader.java:74) ~[neoforge-21.1.220-universal.jar%23445!/:?]
	at TRANSFORMER/minecraft@1.21.1/net.minecraft.server.packs.repository.ServerPacksSource.createPackRepository(ServerPacksSource.java:76) ~[server-1.21.1-20240808.144430-srg.jar%23444!/:?]
	at TRANSFORMER/minecraft@1.21.1/net.minecraft.server.packs.repository.ServerPacksSource.createPackRepository(ServerPacksSource.java:87) ~[server-1.21.1-20240808.144430-srg.jar%23444!/:?]
	at TRANSFORMER/minecraft@1.21.1/net.minecraft.server.Main.main(Main.java:190) ~[server-1.21.1-20240808.144430-srg.jar%23444!/:?]
	at java.base/jdk.internal.reflect.DirectMethodHandleAccessor.invoke(DirectMethodHandleAccessor.java:103) ~[?:?]
	at java.base/java.lang.reflect.Method.invoke(Method.java:580) ~[?:?]
	at MC-BOOTSTRAP/fml_loader@4.0.42/net.neoforged.fml.loading.targets.CommonLaunchHandler.runTarget(CommonLaunchHandler.java:136) ~[loader-4.0.42.jar%2359!/:4.0]
	at MC-BOOTSTRAP/fml_loader@4.0.42/net.neoforged.fml.loading.targets.CommonLaunchHandler.serverService(CommonLaunchHandler.java:128) ~[loader-4.0.42.jar%2359!/:4.0]
	at MC-BOOTSTRAP/fml_loader@4.0.42/net.neoforged.fml.loading.targets.CommonServerLaunchHandler.runService(CommonServerLaunchHandler.java:32) ~[loader-4.0.42.jar%2359!/:4.0]
	at MC-BOOTSTRAP/fml_loader@4.0.42/net.neoforged.fml.loading.targets.CommonLaunchHandler.lambda$launchService$4(CommonLaunchHandler.java:118) ~[loader-4.0.42.jar%2359!/:4.0]
	at MC-BOOTSTRAP/cpw.mods.modlauncher@11.0.5/cpw.mods.modlauncher.LaunchServiceHandlerDecorator.launch(LaunchServiceHandlerDecorator.java:30) [modlauncher-11.0.5.jar%2364!/:?]
	at MC-BOOTSTRAP/cpw.mods.modlauncher@11.0.5/cpw.mods.modlauncher.LaunchServiceHandler.launch(LaunchServiceHandler.java:53) [modlauncher-11.0.5.jar%2364!/:?]
	at MC-BOOTSTRAP/cpw.mods.modlauncher@11.0.5/cpw.mods.modlauncher.LaunchServiceHandler.launch(LaunchServiceHandler.java:71) [modlauncher-11.0.5.jar%2364!/:?]
	at MC-BOOTSTRAP/cpw.mods.modlauncher@11.0.5/cpw.mods.modlauncher.Launcher.run(Launcher.java:103) [modlauncher-11.0.5.jar%2364!/:?]
	at MC-BOOTSTRAP/cpw.mods.modlauncher@11.0.5/cpw.mods.modlauncher.Launcher.main(Launcher.java:74) [modlauncher-11.0.5.jar%2364!/:?]
	at MC-BOOTSTRAP/cpw.mods.modlauncher@11.0.5/cpw.mods.modlauncher.BootstrapLaunchConsumer.accept(BootstrapLaunchConsumer.java:26) [modlauncher-11.0.5.jar%2364!/:?]
	at MC-BOOTSTRAP/cpw.mods.modlauncher@11.0.5/cpw.mods.modlauncher.BootstrapLaunchConsumer.accept(BootstrapLaunchConsumer.java:23) [modlauncher-11.0.5.jar%2364!/:?]
	at cpw.mods.bootstraplauncher@2.0.2/cpw.mods.bootstraplauncher.BootstrapLauncher.run(BootstrapLauncher.java:210) [bootstraplauncher-2.0.2.jar:?]
	at cpw.mods.bootstraplauncher@2.0.2/cpw.mods.bootstraplauncher.BootstrapLauncher.main(BootstrapLauncher.java:69) [bootstraplauncher-2.0.2.jar:?]
[04Apr2026 00:41:29.147] [NeoForge Version Check/INFO] [net.neoforged.fml.VersionChecker/]: [mysticalagradditions] Found status: UP_TO_DATE Current: 8.0.13 Target: null
[04Apr2026 00:41:29.147] [NeoForge Version Check/INFO] [net.neoforged.fml.VersionChecker/]: [cataclysm_compat] Starting version check at https://modrinth.com/user/rymusov/updates.json?neoforge=only
[04Apr2026 00:41:29.706] [main/INFO] [com.simibubi.create.Create/]: Created 913 recipes which will be injected into the game
[04Apr2026 00:41:29.712] [main/INFO] [com.simibubi.create.Create/]: Created 23 tags which will be injected into the game
[04Apr2026 00:41:29.717] [main/INFO] [plus.dragons.createdragonsplus.data.runtime.RuntimePackResources/]: Starting provider [plus.dragons.createdragonsplus.data.internal.CDPRuntimeRecipeProvider@cf818fe] for runtime resource [create_dragons_plus:runtime]
[04Apr2026 00:41:29.738] [main/INFO] [plus.dragons.createdragonsplus.data.runtime.RuntimePackResources/]: plus.dragons.createdragonsplus.data.internal.CDPRuntimeRecipeProvider@cf818fe finished after 20 ms
[04Apr2026 00:41:29.747] [main/INFO] [plus.dragons.createdragonsplus.data.runtime.RuntimePackResources/]: Starting provider [plus.dragons.createcentralkitchen.data.CCKBlockTags@2b601288] for runtime resource [create_central_kitchen:runtime]
[04Apr2026 00:41:29.749] [main/INFO] [plus.dragons.createdragonsplus.data.runtime.RuntimePackResources/]: plus.dragons.createcentralkitchen.data.CCKBlockTags@2b601288 finished after 2 ms
[04Apr2026 00:41:29.749] [main/INFO] [plus.dragons.createdragonsplus.data.runtime.RuntimePackResources/]: Starting provider [plus.dragons.createcentralkitchen.data.CCKItemTags@7a8a2118] for runtime resource [create_central_kitchen:runtime]
[04Apr2026 00:41:29.750] [main/INFO] [plus.dragons.createdragonsplus.data.runtime.RuntimePackResources/]: plus.dragons.createcentralkitchen.data.CCKItemTags@7a8a2118 finished after 0 ms
[04Apr2026 00:41:29.815] [main/INFO] [KubeJS Server/]: Loaded script server_scripts:144_ores_commands.js in 0.001 s
[04Apr2026 00:41:29.815] [main/INFO] [KubeJS Server/]: server_scripts:main.js#2: Hello, World! (Loaded server example script)
[04Apr2026 00:41:29.815] [main/INFO] [KubeJS Server/]: Loaded script server_scripts:main.js in 0.0 s
[04Apr2026 00:41:29.824] [main/INFO] [KubeJS Server/]: Loaded 2/2 KubeJS server scripts in 0.017 s with 0 errors and 0 warnings
[04Apr2026 00:41:30.700] [NeoForge Version Check/WARN] [net.neoforged.fml.VersionChecker/]: Failed to process update information
com.google.gson.JsonSyntaxException: java.lang.IllegalStateException: Expected BEGIN_OBJECT but was STRING at line 1 column 1 path $
	at MC-BOOTSTRAP/com.google.gson@2.10.1/com.google.gson.Gson.fromJson(Gson.java:1238) ~[gson-2.10.1.jar%2394!/:?]
	at MC-BOOTSTRAP/com.google.gson@2.10.1/com.google.gson.Gson.fromJson(Gson.java:1137) ~[gson-2.10.1.jar%2394!/:?]
	at MC-BOOTSTRAP/com.google.gson@2.10.1/com.google.gson.Gson.fromJson(Gson.java:1047) ~[gson-2.10.1.jar%2394!/:?]
	at MC-BOOTSTRAP/com.google.gson@2.10.1/com.google.gson.Gson.fromJson(Gson.java:982) ~[gson-2.10.1.jar%2394!/:?]
	at MC-BOOTSTRAP/fml_loader@4.0.42/net.neoforged.fml.VersionChecker$1.process(VersionChecker.java:167) ~[loader-4.0.42.jar%2359!/:4.0]
	at java.base/java.lang.Iterable.forEach(Iterable.java:75) [?:?]
	at MC-BOOTSTRAP/fml_loader@4.0.42/net.neoforged.fml.VersionChecker$1.run(VersionChecker.java:105) [loader-4.0.42.jar%2359!/:4.0]
Caused by: java.lang.IllegalStateException: Expected BEGIN_OBJECT but was STRING at line 1 column 1 path $
	at MC-BOOTSTRAP/com.google.gson@2.10.1/com.google.gson.stream.JsonReader.beginObject(JsonReader.java:393) ~[gson-2.10.1.jar%2394!/:?]
	at MC-BOOTSTRAP/com.google.gson@2.10.1/com.google.gson.internal.bind.MapTypeAdapterFactory$Adapter.read(MapTypeAdapterFactory.java:182) ~[gson-2.10.1.jar%2394!/:?]
	at MC-BOOTSTRAP/com.google.gson@2.10.1/com.google.gson.internal.bind.MapTypeAdapterFactory$Adapter.read(MapTypeAdapterFactory.java:144) ~[gson-2.10.1.jar%2394!/:?]
	at MC-BOOTSTRAP/com.google.gson@2.10.1/com.google.gson.Gson.fromJson(Gson.java:1227) ~[gson-2.10.1.jar%2394!/:?]
	... 6 more
[04Apr2026 00:41:30.701] [NeoForge Version Check/INFO] [net.neoforged.fml.VersionChecker/]: [mcwtrpdoors] Starting version check at https://raw.githubusercontent.com/sketchmacaw/macawsmods/master/trapdoors.json
[04Apr2026 00:41:30.721] [NeoForge Version Check/INFO] [net.neoforged.fml.VersionChecker/]: [mcwtrpdoors] Found status: UP_TO_DATE Current: 1.1.5 Target: null
[04Apr2026 00:41:30.721] [NeoForge Version Check/INFO] [net.neoforged.fml.VersionChecker/]: [searchables] Starting version check at https://updates.blamejared.com/get?n=searchables&gv=1.21.1&ml=neoforge
[04Apr2026 00:41:30.745] [NeoForge Version Check/INFO] [net.neoforged.fml.VersionChecker/]: [searchables] Found status: BETA Current: 1.0.2 Target: 1.0.2
[04Apr2026 00:41:30.745] [NeoForge Version Check/INFO] [net.neoforged.fml.VersionChecker/]: [mcwfurnitures] Starting version check at https://raw.githubusercontent.com/sketchmacaw/macawsmods/master/furniture.json
[04Apr2026 00:41:30.761] [NeoForge Version Check/INFO] [net.neoforged.fml.VersionChecker/]: [mcwfurnitures] Found status: UP_TO_DATE Current: 3.4.1 Target: null
[04Apr2026 00:41:30.761] [NeoForge Version Check/INFO] [net.neoforged.fml.VersionChecker/]: [codechickenlib] Starting version check at https://version-check.covers1624.net/check/?mod=CodeChickenLib&mc=1.21.1
[04Apr2026 00:41:31.224] [Worker-Main-6/ERROR] [net.minecraft.world.level.storage.loot.LootDataType/]: Couldn't parse element ResourceKey[minecraft:root / minecraft:loot_table]:railways:blocks/track_byg_jacaranda_wide - Unknown registry key in ResourceKey[minecraft:root / minecraft:item]: railways:track_byg_jacaranda_wide
[04Apr2026 00:41:31.229] [Worker-Main-6/ERROR] [net.minecraft.world.level.storage.loot.LootDataType/]: Couldn't parse element ResourceKey[minecraft:root / minecraft:loot_table]:railways:blocks/track_byg_rainbow_eucalyptus_narrow - Unknown registry key in ResourceKey[minecraft:root / minecraft:item]: railways:track_byg_rainbow_eucalyptus_narrow
[04Apr2026 00:41:31.235] [Worker-Main-6/ERROR] [net.minecraft.world.level.storage.loot.LootDataType/]: Couldn't parse element ResourceKey[minecraft:root / minecraft:loot_table]:railways:blocks/track_biomesoplenty_palm - Unknown registry key in ResourceKey[minecraft:root / minecraft:item]: railways:track_biomesoplenty_palm
[04Apr2026 00:41:31.236] [Worker-Main-6/ERROR] [net.minecraft.world.level.storage.loot.LootDataType/]: Couldn't parse element ResourceKey[minecraft:root / minecraft:loot_table]:railways:blocks/track_tfc_white_cedar - Unknown registry key in ResourceKey[minecraft:root / minecraft:item]: railways:track_tfc_white_cedar
[04Apr2026 00:41:31.255] [Worker-Main-6/ERROR] [net.minecraft.world.level.storage.loot.LootDataType/]: Couldn't parse element ResourceKey[minecraft:root / minecraft:loot_table]:railways:blocks/track_tfc_mangrove_narrow - Unknown registry key in ResourceKey[minecraft:root / minecraft:item]: railways:track_tfc_mangrove_narrow
[04Apr2026 00:41:31.268] [Worker-Main-6/ERROR] [net.minecraft.world.level.storage.loot.LootDataType/]: Couldn't parse element ResourceKey[minecraft:root / minecraft:loot_table]:railways:blocks/track_tfc_hickory - Unknown registry key in ResourceKey[minecraft:root / minecraft:item]: railways:track_tfc_hickory
[04Apr2026 00:41:31.272] [Worker-Main-6/ERROR] [net.minecraft.world.level.storage.loot.LootDataType/]: Couldn't parse element ResourceKey[minecraft:root / minecraft:loot_table]:railways:blocks/track_tfc_hickory_wide - Unknown registry key in ResourceKey[minecraft:root / minecraft:item]: railways:track_tfc_hickory_wide
[04Apr2026 00:41:31.274] [Worker-Main-6/ERROR] [net.minecraft.world.level.storage.loot.LootDataType/]: Couldn't parse element ResourceKey[minecraft:root / minecraft:loot_table]:railways:blocks/track_hexcasting_edified - Unknown registry key in ResourceKey[minecraft:root / minecraft:item]: railways:track_hexcasting_edified
[04Apr2026 00:41:31.281] [Worker-Main-6/ERROR] [net.minecraft.world.level.storage.loot.LootDataType/]: Couldn't parse element ResourceKey[minecraft:root / minecraft:loot_table]:railways:blocks/track_tfc_maple_narrow - Unknown registry key in ResourceKey[minecraft:root / minecraft:item]: railways:track_tfc_maple_narrow
[04Apr2026 00:41:31.293] [Worker-Main-6/ERROR] [net.minecraft.world.level.storage.loot.LootDataType/]: Couldn't parse element ResourceKey[minecraft:root / minecraft:loot_table]:railways:blocks/track_byg_lament - Unknown registry key in ResourceKey[minecraft:root / minecraft:item]: railways:track_byg_lament
[04Apr2026 00:41:31.296] [Worker-Main-6/ERROR] [net.minecraft.world.level.storage.loot.LootDataType/]: Couldn't parse element ResourceKey[minecraft:root / minecraft:loot_table]:railways:blocks/track_biomesoplenty_willow_wide - Unknown registry key in ResourceKey[minecraft:root / minecraft:item]: railways:track_biomesoplenty_willow_wide
[04Apr2026 00:41:31.302] [Worker-Main-6/ERROR] [net.minecraft.world.level.storage.loot.LootDataType/]: Couldn't parse element ResourceKey[minecraft:root / minecraft:loot_table]:railways:blocks/track_tfc_birch - Unknown registry key in ResourceKey[minecraft:root / minecraft:item]: railways:track_tfc_birch
[04Apr2026 00:41:31.305] [Worker-Main-6/ERROR] [net.minecraft.world.level.storage.loot.LootDataType/]: Couldn't parse element ResourceKey[minecraft:root / minecraft:loot_table]:railways:blocks/track_biomesoplenty_mahogany_narrow - Unknown registry key in ResourceKey[minecraft:root / minecraft:item]: railways:track_biomesoplenty_mahogany_narrow
[04Apr2026 00:41:31.309] [Worker-Main-6/ERROR] [net.minecraft.world.level.storage.loot.LootDataType/]: Couldn't parse element ResourceKey[minecraft:root / minecraft:loot_table]:railways:blocks/track_byg_ether_wide - Unknown registry key in ResourceKey[minecraft:root / minecraft:item]: railways:track_byg_ether_wide
[04Apr2026 00:41:31.309] [Worker-Main-6/ERROR] [net.minecraft.world.level.storage.loot.LootDataType/]: Couldn't parse element ResourceKey[minecraft:root / minecraft:loot_table]:railways:blocks/track_tfc_rosewood - Unknown registry key in ResourceKey[minecraft:root / minecraft:item]: railways:track_tfc_rosewood
[04Apr2026 00:41:31.310] [Worker-Main-6/ERROR] [net.minecraft.world.level.storage.loot.LootDataType/]: Couldn't parse element ResourceKey[minecraft:root / minecraft:loot_table]:railways:blocks/track_byg_nightshade - Unknown registry key in ResourceKey[minecraft:root / minecraft:item]: railways:track_byg_nightshade
[04Apr2026 00:41:31.311] [Worker-Main-6/ERROR] [net.minecraft.world.level.storage.loot.LootDataType/]: Couldn't parse element ResourceKey[minecraft:root / minecraft:loot_table]:railways:blocks/track_byg_cika_narrow - Unknown registry key in ResourceKey[minecraft:root / minecraft:item]: railways:track_byg_cika_narrow
[04Apr2026 00:41:31.312] [Worker-Main-6/ERROR] [net.minecraft.world.level.storage.loot.LootDataType/]: Couldn't parse element ResourceKey[minecraft:root / minecraft:loot_table]:railways:blocks/track_byg_nightshade_wide - Unknown registry key in ResourceKey[minecraft:root / minecraft:item]: railways:track_byg_nightshade_wide
[04Apr2026 00:41:31.319] [Worker-Main-6/ERROR] [net.minecraft.world.level.storage.loot.LootDataType/]: Couldn't parse element ResourceKey[minecraft:root / minecraft:loot_table]:railways:blocks/track_tfc_douglas_fir - Unknown registry key in ResourceKey[minecraft:root / minecraft:item]: railways:track_tfc_douglas_fir
[04Apr2026 00:41:31.322] [Worker-Main-6/ERROR] [net.minecraft.world.level.storage.loot.LootDataType/]: Couldn't parse element ResourceKey[minecraft:root / minecraft:loot_table]:railways:blocks/track_byg_white_mangrove - Unknown registry key in ResourceKey[minecraft:root / minecraft:item]: railways:track_byg_white_mangrove
[04Apr2026 00:41:31.323] [Worker-Main-6/ERROR] [net.minecraft.world.level.storage.loot.LootDataType/]: Couldn't parse element ResourceKey[minecraft:root / minecraft:loot_table]:railways:blocks/track_tfc_oak_wide - Unknown registry key in ResourceKey[minecraft:root / minecraft:item]: railways:track_tfc_oak_wide
[04Apr2026 00:41:31.324] [Worker-Main-6/ERROR] [net.minecraft.world.level.storage.loot.LootDataType/]: Couldn't parse element ResourceKey[minecraft:root / minecraft:loot_table]:railways:blocks/track_biomesoplenty_umbran_narrow - Unknown registry key in ResourceKey[minecraft:root / minecraft:item]: railways:track_biomesoplenty_umbran_narrow
[04Apr2026 00:41:31.325] [Worker-Main-6/ERROR] [net.minecraft.world.level.storage.loot.LootDataType/]: Couldn't parse element ResourceKey[minecraft:root / minecraft:loot_table]:railways:blocks/track_biomesoplenty_mahogany - Unknown registry key in ResourceKey[minecraft:root / minecraft:item]: railways:track_biomesoplenty_mahogany
[04Apr2026 00:41:31.333] [Worker-Main-6/ERROR] [net.minecraft.world.level.storage.loot.LootDataType/]: Couldn't parse element ResourceKey[minecraft:root / minecraft:loot_table]:railways:blocks/track_tfc_kapok_narrow - Unknown registry key in ResourceKey[minecraft:root / minecraft:item]: railways:track_tfc_kapok_narrow
[04Apr2026 00:41:31.339] [Worker-Main-6/ERROR] [net.minecraft.world.level.storage.loot.LootDataType/]: Couldn't parse element ResourceKey[minecraft:root / minecraft:loot_table]:railways:blocks/track_byg_witch_hazel_wide - Unknown registry key in ResourceKey[minecraft:root / minecraft:item]: railways:track_byg_witch_hazel_wide
[04Apr2026 00:41:31.350] [Worker-Main-6/ERROR] [net.minecraft.world.level.storage.loot.LootDataType/]: Couldn't parse element ResourceKey[minecraft:root / minecraft:loot_table]:railways:blocks/track_byg_redwood - Unknown registry key in ResourceKey[minecraft:root / minecraft:item]: railways:track_byg_redwood
[04Apr2026 00:41:31.350] [Worker-Main-6/ERROR] [net.minecraft.world.level.storage.loot.LootDataType/]: Couldn't parse element ResourceKey[minecraft:root / minecraft:loot_table]:railways:blocks/track_create_dd_rubber_wide - Unknown registry key in ResourceKey[minecraft:root / minecraft:item]: railways:track_create_dd_rubber_wide
[04Apr2026 00:41:31.353] [Worker-Main-6/ERROR] [net.minecraft.world.level.storage.loot.LootDataType/]: Couldn't parse element ResourceKey[minecraft:root / minecraft:loot_table]:railways:blocks/track_blue_skies_lunar_narrow - Unknown registry key in ResourceKey[minecraft:root / minecraft:item]: railways:track_blue_skies_lunar_narrow
[04Apr2026 00:41:31.355] [Worker-Main-6/ERROR] [net.minecraft.world.level.storage.loot.LootDataType/]: Couldn't parse element ResourceKey[minecraft:root / minecraft:loot_table]:railways:blocks/track_blue_skies_starlit_wide - Unknown registry key in ResourceKey[minecraft:root / minecraft:item]: railways:track_blue_skies_starlit_wide
[04Apr2026 00:41:31.356] [Worker-Main-6/ERROR] [net.minecraft.world.level.storage.loot.LootDataType/]: Couldn't parse element ResourceKey[minecraft:root / minecraft:loot_table]:railways:blocks/track_biomesoplenty_palm_narrow - Unknown registry key in ResourceKey[minecraft:root / minecraft:item]: railways:track_biomesoplenty_palm_narrow
[04Apr2026 00:41:31.357] [Worker-Main-6/ERROR] [net.minecraft.world.level.storage.loot.LootDataType/]: Couldn't parse element ResourceKey[minecraft:root / minecraft:loot_table]:railways:blocks/track_quark_azalea_wide - Unknown registry key in ResourceKey[minecraft:root / minecraft:item]: railways:track_quark_azalea_wide
[04Apr2026 00:41:31.365] [Worker-Main-6/ERROR] [net.minecraft.world.level.storage.loot.LootDataType/]: Couldn't parse element ResourceKey[minecraft:root / minecraft:loot_table]:railways:blocks/track_quark_azalea_narrow - Unknown registry key in ResourceKey[minecraft:root / minecraft:item]: railways:track_quark_azalea_narrow
[04Apr2026 00:41:31.367] [Worker-Main-6/ERROR] [net.minecraft.world.level.storage.loot.LootDataType/]: Couldn't parse element ResourceKey[minecraft:root / minecraft:loot_table]:railways:blocks/track_tfc_sycamore_wide - Unknown registry key in ResourceKey[minecraft:root / minecraft:item]: railways:track_tfc_sycamore_wide
[04Apr2026 00:41:31.369] [Worker-Main-6/ERROR] [net.minecraft.world.level.storage.loot.LootDataType/]: Couldn't parse element ResourceKey[minecraft:root / minecraft:loot_table]:railways:blocks/track_blue_skies_lunar_wide - Unknown registry key in ResourceKey[minecraft:root / minecraft:item]: railways:track_blue_skies_lunar_wide
[04Apr2026 00:41:31.371] [Worker-Main-6/ERROR] [net.minecraft.world.level.storage.loot.LootDataType/]: Couldn't parse element ResourceKey[minecraft:root / minecraft:loot_table]:railways:blocks/track_byg_maple_narrow - Unknown registry key in ResourceKey[minecraft:root / minecraft:item]: railways:track_byg_maple_narrow
[04Apr2026 00:41:31.371] [Worker-Main-6/ERROR] [net.minecraft.world.level.storage.loot.LootDataType/]: Couldn't parse element ResourceKey[minecraft:root / minecraft:loot_table]:railways:blocks/track_byg_embur_wide - Unknown registry key in ResourceKey[minecraft:root / minecraft:item]: railways:track_byg_embur_wide
[04Apr2026 00:41:31.373] [Worker-Main-6/ERROR] [net.minecraft.world.level.storage.loot.LootDataType/]: Couldn't parse element ResourceKey[minecraft:root / minecraft:loot_table]:railways:blocks/track_byg_redwood_wide - Unknown registry key in ResourceKey[minecraft:root / minecraft:item]: railways:track_byg_redwood_wide
[04Apr2026 00:41:31.375] [Worker-Main-6/ERROR] [net.minecraft.world.level.storage.loot.LootDataType/]: Couldn't parse element ResourceKey[minecraft:root / minecraft:loot_table]:railways:blocks/track_tfc_aspen_wide - Unknown registry key in ResourceKey[minecraft:root / minecraft:item]: railways:track_tfc_aspen_wide
[04Apr2026 00:41:31.378] [Worker-Main-6/ERROR] [net.minecraft.world.level.storage.loot.LootDataType/]: Couldn't parse element ResourceKey[minecraft:root / minecraft:loot_table]:railways:blocks/track_byg_zelkova_narrow - Unknown registry key in ResourceKey[minecraft:root / minecraft:item]: railways:track_byg_zelkova_narrow
[04Apr2026 00:41:31.379] [Worker-Main-6/ERROR] [net.minecraft.world.level.storage.loot.LootDataType/]: Couldn't parse element ResourceKey[minecraft:root / minecraft:loot_table]:railways:blocks/track_byg_holly_narrow - Unknown registry key in ResourceKey[minecraft:root / minecraft:item]: railways:track_byg_holly_narrow
[04Apr2026 00:41:31.385] [Worker-Main-6/ERROR] [net.minecraft.world.level.storage.loot.LootDataType/]: Couldn't parse element ResourceKey[minecraft:root / minecraft:loot_table]:railways:blocks/track_quark_ancient - Unknown registry key in ResourceKey[minecraft:root / minecraft:item]: railways:track_quark_ancient
[04Apr2026 00:41:31.388] [Worker-Main-6/ERROR] [net.minecraft.world.level.storage.loot.LootDataType/]: Couldn't parse element ResourceKey[minecraft:root / minecraft:loot_table]:railways:blocks/track_byg_mahogany - Unknown registry key in ResourceKey[minecraft:root / minecraft:item]: railways:track_byg_mahogany
[04Apr2026 00:41:31.389] [Worker-Main-6/ERROR] [net.minecraft.world.level.storage.loot.LootDataType/]: Couldn't parse element ResourceKey[minecraft:root / minecraft:loot_table]:railways:blocks/track_byg_baobab_wide - Unknown registry key in ResourceKey[minecraft:root / minecraft:item]: railways:track_byg_baobab_wide
[04Apr2026 00:41:31.394] [Worker-Main-6/ERROR] [net.minecraft.world.level.storage.loot.LootDataType/]: Couldn't parse element ResourceKey[minecraft:root / minecraft:loot_table]:railways:blocks/track_biomesoplenty_umbran - Unknown registry key in ResourceKey[minecraft:root / minecraft:item]: railways:track_biomesoplenty_umbran
[04Apr2026 00:41:31.401] [Worker-Main-6/ERROR] [net.minecraft.world.level.storage.loot.LootDataType/]: Couldn't parse element ResourceKey[minecraft:root / minecraft:loot_table]:railways:blocks/track_byg_ebony_narrow - Unknown registry key in ResourceKey[minecraft:root / minecraft:item]: railways:track_byg_ebony_narrow
[04Apr2026 00:41:31.407] [Worker-Main-6/ERROR] [net.minecraft.world.level.storage.loot.LootDataType/]: Couldn't parse element ResourceKey[minecraft:root / minecraft:loot_table]:irons_spellbooks:test/ring_gen_break_me - Unknown registry key in ResourceKey[minecraft:root / irons_spellbooks:spells]: minecraft:none
[04Apr2026 00:41:31.408] [Worker-Main-6/ERROR] [net.minecraft.world.level.storage.loot.LootDataType/]: Couldn't parse element ResourceKey[minecraft:root / minecraft:loot_table]:railways:blocks/track_biomesoplenty_jacaranda - Unknown registry key in ResourceKey[minecraft:root / minecraft:item]: railways:track_biomesoplenty_jacaranda
[04Apr2026 00:41:31.410] [Worker-Main-6/ERROR] [net.minecraft.world.level.storage.loot.LootDataType/]: Couldn't parse element ResourceKey[minecraft:root / minecraft:loot_table]:railways:blocks/track_byg_bulbis_narrow - Unknown registry key in ResourceKey[minecraft:root / minecraft:item]: railways:track_byg_bulbis_narrow
[04Apr2026 00:41:31.411] [Worker-Main-6/ERROR] [net.minecraft.world.level.storage.loot.LootDataType/]: Couldn't parse element ResourceKey[minecraft:root / minecraft:loot_table]:railways:blocks/track_byg_skyris_narrow - Unknown registry key in ResourceKey[minecraft:root / minecraft:item]: railways:track_byg_skyris_narrow
[04Apr2026 00:41:31.411] [Worker-Main-6/ERROR] [net.minecraft.world.level.storage.loot.LootDataType/]: Couldn't parse element ResourceKey[minecraft:root / minecraft:loot_table]:railways:blocks/track_tfc_willow_wide - Unknown registry key in ResourceKey[minecraft:root / minecraft:item]: railways:track_tfc_willow_wide
[04Apr2026 00:41:31.414] [Worker-Main-6/ERROR] [net.minecraft.world.level.storage.loot.LootDataType/]: Couldn't parse element ResourceKey[minecraft:root / minecraft:loot_table]:railways:blocks/track_byg_imparius - Unknown registry key in ResourceKey[minecraft:root / minecraft:item]: railways:track_byg_imparius
[04Apr2026 00:41:31.414] [Worker-Main-6/ERROR] [net.minecraft.world.level.storage.loot.LootDataType/]: Couldn't parse element ResourceKey[minecraft:root / minecraft:loot_table]:railways:blocks/track_byg_aspen - Unknown registry key in ResourceKey[minecraft:root / minecraft:item]: railways:track_byg_aspen
[04Apr2026 00:41:31.421] [Worker-Main-6/ERROR] [net.minecraft.world.level.storage.loot.LootDataType/]: Couldn't parse element ResourceKey[minecraft:root / minecraft:loot_table]:railways:blocks/track_tfc_blackwood - Unknown registry key in ResourceKey[minecraft:root / minecraft:item]: railways:track_tfc_blackwood
[04Apr2026 00:41:31.421] [Worker-Main-6/ERROR] [net.minecraft.world.level.storage.loot.LootDataType/]: Couldn't parse element ResourceKey[minecraft:root / minecraft:loot_table]:railways:blocks/track_quark_blossom_narrow - Unknown registry key in ResourceKey[minecraft:root / minecraft:item]: railways:track_quark_blossom_narrow
[04Apr2026 00:41:31.422] [Worker-Main-6/ERROR] [net.minecraft.world.level.storage.loot.LootDataType/]: Couldn't parse element ResourceKey[minecraft:root / minecraft:loot_table]:railways:blocks/track_tfc_ash_wide - Unknown registry key in ResourceKey[minecraft:root / minecraft:item]: railways:track_tfc_ash_wide
[04Apr2026 00:41:31.426] [Worker-Main-6/ERROR] [net.minecraft.world.level.storage.loot.LootDataType/]: Couldn't parse element ResourceKey[minecraft:root / minecraft:loot_table]:railways:blocks/track_biomesoplenty_redwood - Unknown registry key in ResourceKey[minecraft:root / minecraft:item]: railways:track_biomesoplenty_redwood
[04Apr2026 00:41:31.430] [Worker-Main-6/ERROR] [net.minecraft.world.level.storage.loot.LootDataType/]: Couldn't parse element ResourceKey[minecraft:root / minecraft:loot_table]:railways:blocks/track_byg_zelkova_wide - Unknown registry key in ResourceKey[minecraft:root / minecraft:item]: railways:track_byg_zelkova_wide
[04Apr2026 00:41:31.432] [Worker-Main-6/ERROR] [net.minecraft.world.level.storage.loot.LootDataType/]: Couldn't parse element ResourceKey[minecraft:root / minecraft:loot_table]:railways:blocks/track_biomesoplenty_fir_wide - Unknown registry key in ResourceKey[minecraft:root / minecraft:item]: railways:track_biomesoplenty_fir_wide
[04Apr2026 00:41:31.436] [Worker-Main-6/ERROR] [net.minecraft.world.level.storage.loot.LootDataType/]: Couldn't parse element ResourceKey[minecraft:root / minecraft:loot_table]:railways:blocks/track_byg_aspen_narrow - Unknown registry key in ResourceKey[minecraft:root / minecraft:item]: railways:track_byg_aspen_narrow
[04Apr2026 00:41:31.437] [Worker-Main-6/ERROR] [net.minecraft.world.level.storage.loot.LootDataType/]: Couldn't parse element ResourceKey[minecraft:root / minecraft:loot_table]:railways:blocks/track_biomesoplenty_hellbark_narrow - Unknown registry key in ResourceKey[minecraft:root / minecraft:item]: railways:track_biomesoplenty_hellbark_narrow
[04Apr2026 00:41:31.441] [Worker-Main-6/ERROR] [net.minecraft.world.level.storage.loot.LootDataType/]: Couldn't parse element ResourceKey[minecraft:root / minecraft:loot_table]:railways:blocks/track_quark_blossom - Unknown registry key in ResourceKey[minecraft:root / minecraft:item]: railways:track_quark_blossom
[04Apr2026 00:41:31.442] [Worker-Main-6/ERROR] [net.minecraft.world.level.storage.loot.LootDataType/]: Couldn't parse element ResourceKey[minecraft:root / minecraft:loot_table]:railways:blocks/track_blue_skies_maple_wide - Unknown registry key in ResourceKey[minecraft:root / minecraft:item]: railways:track_blue_skies_maple_wide
[04Apr2026 00:41:31.445] [Worker-Main-6/ERROR] [net.minecraft.world.level.storage.loot.LootDataType/]: Couldn't parse element ResourceKey[minecraft:root / minecraft:loot_table]:railways:blocks/track_biomesoplenty_redwood_narrow - Unknown registry key in ResourceKey[minecraft:root / minecraft:item]: railways:track_biomesoplenty_redwood_narrow
[04Apr2026 00:41:31.445] [Worker-Main-6/ERROR] [net.minecraft.world.level.storage.loot.LootDataType/]: Couldn't parse element ResourceKey[minecraft:root / minecraft:loot_table]:railways:blocks/track_create_dd_smoked_narrow - Unknown registry key in ResourceKey[minecraft:root / minecraft:item]: railways:track_create_dd_smoked_narrow
[04Apr2026 00:41:31.447] [Worker-Main-6/ERROR] [net.minecraft.world.level.storage.loot.LootDataType/]: Couldn't parse element ResourceKey[minecraft:root / minecraft:loot_table]:railways:blocks/track_byg_embur - Unknown registry key in ResourceKey[minecraft:root / minecraft:item]: railways:track_byg_embur
[04Apr2026 00:41:31.449] [Worker-Main-6/ERROR] [net.minecraft.world.level.storage.loot.LootDataType/]: Couldn't parse element ResourceKey[minecraft:root / minecraft:loot_table]:railways:blocks/track_create_dd_smoked - Unknown registry key in ResourceKey[minecraft:root / minecraft:item]: railways:track_create_dd_smoked
[04Apr2026 00:41:31.450] [Worker-Main-6/ERROR] [net.minecraft.world.level.storage.loot.LootDataType/]: Couldn't parse element ResourceKey[minecraft:root / minecraft:loot_table]:railways:blocks/track_hexcasting_edified_narrow - Unknown registry key in ResourceKey[minecraft:root / minecraft:item]: railways:track_hexcasting_edified_narrow
[04Apr2026 00:41:31.451] [Worker-Main-6/ERROR] [net.minecraft.world.level.storage.loot.LootDataType/]: Couldn't parse element ResourceKey[minecraft:root / minecraft:loot_table]:railways:blocks/track_tfc_sycamore - Unknown registry key in ResourceKey[minecraft:root / minecraft:item]: railways:track_tfc_sycamore
[04Apr2026 00:41:31.457] [Worker-Main-6/ERROR] [net.minecraft.world.level.storage.loot.LootDataType/]: Couldn't parse element ResourceKey[minecraft:root / minecraft:loot_table]:railways:blocks/track_biomesoplenty_hellbark_wide - Unknown registry key in ResourceKey[minecraft:root / minecraft:item]: railways:track_biomesoplenty_hellbark_wide
[04Apr2026 00:41:31.457] [Worker-Main-6/ERROR] [net.minecraft.world.level.storage.loot.LootDataType/]: Couldn't parse element ResourceKey[minecraft:root / minecraft:loot_table]:railways:blocks/track_tfc_birch_narrow - Unknown registry key in ResourceKey[minecraft:root / minecraft:item]: railways:track_tfc_birch_narrow
[04Apr2026 00:41:31.457] [Worker-Main-6/ERROR] [net.minecraft.world.level.storage.loot.LootDataType/]: Couldn't parse element ResourceKey[minecraft:root / minecraft:loot_table]:railways:blocks/track_byg_sythian_wide - Unknown registry key in ResourceKey[minecraft:root / minecraft:item]: railways:track_byg_sythian_wide
[04Apr2026 00:41:31.460] [Worker-Main-6/ERROR] [net.minecraft.world.level.storage.loot.LootDataType/]: Couldn't parse element ResourceKey[minecraft:root / minecraft:loot_table]:railways:blocks/track_biomesoplenty_fir_narrow - Unknown registry key in ResourceKey[minecraft:root / minecraft:item]: railways:track_biomesoplenty_fir_narrow
[04Apr2026 00:41:31.462] [Worker-Main-6/ERROR] [net.minecraft.world.level.storage.loot.LootDataType/]: Couldn't parse element ResourceKey[minecraft:root / minecraft:loot_table]:railways:blocks/track_byg_fir_wide - Unknown registry key in ResourceKey[minecraft:root / minecraft:item]: railways:track_byg_fir_wide
[04Apr2026 00:41:31.468] [Worker-Main-6/ERROR] [net.minecraft.world.level.storage.loot.LootDataType/]: Couldn't parse element ResourceKey[minecraft:root / minecraft:loot_table]:railways:blocks/track_blue_skies_frostbright_wide - Unknown registry key in ResourceKey[minecraft:root / minecraft:item]: railways:track_blue_skies_frostbright_wide
[04Apr2026 00:41:31.471] [Worker-Main-6/ERROR] [net.minecraft.world.level.storage.loot.LootDataType/]: Couldn't parse element ResourceKey[minecraft:root / minecraft:loot_table]:railways:blocks/track_tfc_maple_wide - Unknown registry key in ResourceKey[minecraft:root / minecraft:item]: railways:track_tfc_maple_wide
[04Apr2026 00:41:31.473] [Worker-Main-6/ERROR] [net.minecraft.world.level.storage.loot.LootDataType/]: Couldn't parse element ResourceKey[minecraft:root / minecraft:loot_table]:railways:blocks/track_byg_witch_hazel - Unknown registry key in ResourceKey[minecraft:root / minecraft:item]: railways:track_byg_witch_hazel
[04Apr2026 00:41:31.477] [Worker-Main-6/ERROR] [net.minecraft.world.level.storage.loot.LootDataType/]: Couldn't parse element ResourceKey[minecraft:root / minecraft:loot_table]:railways:blocks/track_byg_green_enchanted_wide - Unknown registry key in ResourceKey[minecraft:root / minecraft:item]: railways:track_byg_green_enchanted_wide
[04Apr2026 00:41:31.479] [Worker-Main-6/ERROR] [net.minecraft.world.level.storage.loot.LootDataType/]: Couldn't parse element ResourceKey[minecraft:root / minecraft:loot_table]:railways:blocks/track_byg_mahogany_narrow - Unknown registry key in ResourceKey[minecraft:root / minecraft:item]: railways:track_byg_mahogany_narrow
[04Apr2026 00:41:31.480] [Worker-Main-6/ERROR] [net.minecraft.world.level.storage.loot.LootDataType/]: Couldn't parse element ResourceKey[minecraft:root / minecraft:loot_table]:railways:blocks/track_create_dd_rubber_narrow - Unknown registry key in ResourceKey[minecraft:root / minecraft:item]: railways:track_create_dd_rubber_narrow
[04Apr2026 00:41:31.481] [Worker-Main-6/ERROR] [net.minecraft.world.level.storage.loot.LootDataType/]: Couldn't parse element ResourceKey[minecraft:root / minecraft:loot_table]:railways:blocks/track_biomesoplenty_willow - Unknown registry key in ResourceKey[minecraft:root / minecraft:item]: railways:track_biomesoplenty_willow
[04Apr2026 00:41:31.484] [Worker-Main-6/ERROR] [net.minecraft.world.level.storage.loot.LootDataType/]: Couldn't parse element ResourceKey[minecraft:root / minecraft:loot_table]:railways:blocks/track_byg_ebony_wide - Unknown registry key in ResourceKey[minecraft:root / minecraft:item]: railways:track_byg_ebony_wide
[04Apr2026 00:41:31.486] [Worker-Main-6/ERROR] [net.minecraft.world.level.storage.loot.LootDataType/]: Couldn't parse element ResourceKey[minecraft:root / minecraft:loot_table]:railways:blocks/track_tfc_chestnut_wide - Unknown registry key in ResourceKey[minecraft:root / minecraft:item]: railways:track_tfc_chestnut_wide
[04Apr2026 00:41:31.489] [Worker-Main-6/ERROR] [net.minecraft.world.level.storage.loot.LootDataType/]: Couldn't parse element ResourceKey[minecraft:root / minecraft:loot_table]:railways:blocks/track_tfc_palm_wide - Unknown registry key in ResourceKey[minecraft:root / minecraft:item]: railways:track_tfc_palm_wide
[04Apr2026 00:41:31.493] [Worker-Main-6/ERROR] [net.minecraft.world.level.storage.loot.LootDataType/]: Couldn't parse element ResourceKey[minecraft:root / minecraft:loot_table]:railways:blocks/track_tfc_spruce_wide - Unknown registry key in ResourceKey[minecraft:root / minecraft:item]: railways:track_tfc_spruce_wide
[04Apr2026 00:41:31.494] [Worker-Main-6/ERROR] [net.minecraft.world.level.storage.loot.LootDataType/]: Couldn't parse element ResourceKey[minecraft:root / minecraft:loot_table]:railways:blocks/track_biomesoplenty_umbran_wide - Unknown registry key in ResourceKey[minecraft:root / minecraft:item]: railways:track_biomesoplenty_umbran_wide
[04Apr2026 00:41:31.494] [Worker-Main-6/ERROR] [net.minecraft.world.level.storage.loot.LootDataType/]: Couldn't parse element ResourceKey[minecraft:root / minecraft:loot_table]:railways:blocks/track_tfc_spruce_narrow - Unknown registry key in ResourceKey[minecraft:root / minecraft:item]: railways:track_tfc_spruce_narrow
[04Apr2026 00:41:31.495] [Worker-Main-6/ERROR] [net.minecraft.world.level.storage.loot.LootDataType/]: Couldn't parse element ResourceKey[minecraft:root / minecraft:loot_table]:railways:blocks/track_byg_palm_wide - Unknown registry key in ResourceKey[minecraft:root / minecraft:item]: railways:track_byg_palm_wide
[04Apr2026 00:41:31.496] [Worker-Main-6/ERROR] [net.minecraft.world.level.storage.loot.LootDataType/]: Couldn't parse element ResourceKey[minecraft:root / minecraft:loot_table]:railways:blocks/track_byg_maple_wide - Unknown registry key in ResourceKey[minecraft:root / minecraft:item]: railways:track_byg_maple_wide
[04Apr2026 00:41:31.497] [Worker-Main-6/ERROR] [net.minecraft.world.level.storage.loot.LootDataType/]: Couldn't parse element ResourceKey[minecraft:root / minecraft:loot_table]:railways:blocks/track_tfc_white_cedar_wide - Unknown registry key in ResourceKey[minecraft:root / minecraft:item]: railways:track_tfc_white_cedar_wide
[04Apr2026 00:41:31.499] [Worker-Main-6/ERROR] [net.minecraft.world.level.storage.loot.LootDataType/]: Couldn't parse element ResourceKey[minecraft:root / minecraft:loot_table]:railways:blocks/track_byg_pine_narrow - Unknown registry key in ResourceKey[minecraft:root / minecraft:item]: railways:track_byg_pine_narrow
[04Apr2026 00:41:31.500] [Worker-Main-6/ERROR] [net.minecraft.world.level.storage.loot.LootDataType/]: Couldn't parse element ResourceKey[minecraft:root / minecraft:loot_table]:railways:blocks/track_tfc_pine_wide - Unknown registry key in ResourceKey[minecraft:root / minecraft:item]: railways:track_tfc_pine_wide
[04Apr2026 00:41:31.505] [Worker-Main-6/ERROR] [net.minecraft.world.level.storage.loot.LootDataType/]: Couldn't parse element ResourceKey[minecraft:root / minecraft:loot_table]:railways:blocks/track_biomesoplenty_willow_narrow - Unknown registry key in ResourceKey[minecraft:root / minecraft:item]: railways:track_biomesoplenty_willow_narrow
[04Apr2026 00:41:31.506] [Worker-Main-6/ERROR] [net.minecraft.world.level.storage.loot.LootDataType/]: Couldn't parse element ResourceKey[minecraft:root / minecraft:loot_table]:railways:blocks/track_tfc_pine_narrow - Unknown registry key in ResourceKey[minecraft:root / minecraft:item]: railways:track_tfc_pine_narrow
[04Apr2026 00:41:31.507] [Worker-Main-6/ERROR] [net.minecraft.world.level.storage.loot.LootDataType/]: Couldn't parse element ResourceKey[minecraft:root / minecraft:loot_table]:railways:blocks/track_tfc_acacia - Unknown registry key in ResourceKey[minecraft:root / minecraft:item]: railways:track_tfc_acacia
[04Apr2026 00:41:31.507] [Worker-Main-6/ERROR] [net.minecraft.world.level.storage.loot.LootDataType/]: Couldn't parse element ResourceKey[minecraft:root / minecraft:loot_table]:railways:blocks/track_blue_skies_starlit - Unknown registry key in ResourceKey[minecraft:root / minecraft:item]: railways:track_blue_skies_starlit
[04Apr2026 00:41:31.508] [Worker-Main-6/ERROR] [net.minecraft.world.level.storage.loot.LootDataType/]: Couldn't parse element ResourceKey[minecraft:root / minecraft:loot_table]:railways:blocks/track_byg_white_mangrove_narrow - Unknown registry key in ResourceKey[minecraft:root / minecraft:item]: railways:track_byg_white_mangrove_narrow
[04Apr2026 00:41:31.508] [Worker-Main-6/ERROR] [net.minecraft.world.level.storage.loot.LootDataType/]: Couldn't parse element ResourceKey[minecraft:root / minecraft:loot_table]:railways:blocks/track_byg_green_enchanted_narrow - Unknown registry key in ResourceKey[minecraft:root / minecraft:item]: railways:track_byg_green_enchanted_narrow
[04Apr2026 00:41:31.508] [Worker-Main-6/ERROR] [net.minecraft.world.level.storage.loot.LootDataType/]: Couldn't parse element ResourceKey[minecraft:root / minecraft:loot_table]:railways:blocks/track_quark_ancient_narrow - Unknown registry key in ResourceKey[minecraft:root / minecraft:item]: railways:track_quark_ancient_narrow
[04Apr2026 00:41:31.509] [Worker-Main-6/ERROR] [net.minecraft.world.level.storage.loot.LootDataType/]: Couldn't parse element ResourceKey[minecraft:root / minecraft:loot_table]:railways:blocks/track_biomesoplenty_jacaranda_wide - Unknown registry key in ResourceKey[minecraft:root / minecraft:item]: railways:track_biomesoplenty_jacaranda_wide
[04Apr2026 00:41:31.513] [Worker-Main-6/ERROR] [net.minecraft.world.level.storage.loot.LootDataType/]: Couldn't parse element ResourceKey[minecraft:root / minecraft:loot_table]:railways:blocks/track_blue_skies_dusk_narrow - Unknown registry key in ResourceKey[minecraft:root / minecraft:item]: railways:track_blue_skies_dusk_narrow
[04Apr2026 00:41:31.515] [Worker-Main-6/ERROR] [net.minecraft.world.level.storage.loot.LootDataType/]: Couldn't parse element ResourceKey[minecraft:root / minecraft:loot_table]:railways:blocks/track_tfc_oak_narrow - Unknown registry key in ResourceKey[minecraft:root / minecraft:item]: railways:track_tfc_oak_narrow
[04Apr2026 00:41:31.517] [Worker-Main-6/ERROR] [net.minecraft.world.level.storage.loot.LootDataType/]: Couldn't parse element ResourceKey[minecraft:root / minecraft:loot_table]:railways:blocks/track_tfc_ash_narrow - Unknown registry key in ResourceKey[minecraft:root / minecraft:item]: railways:track_tfc_ash_narrow
[04Apr2026 00:41:31.523] [Worker-Main-6/ERROR] [net.minecraft.world.level.storage.loot.LootDataType/]: Couldn't parse element ResourceKey[minecraft:root / minecraft:loot_table]:railways:blocks/track_tfc_blackwood_narrow - Unknown registry key in ResourceKey[minecraft:root / minecraft:item]: railways:track_tfc_blackwood_narrow
[04Apr2026 00:41:31.524] [Worker-Main-6/ERROR] [net.minecraft.world.level.storage.loot.LootDataType/]: Couldn't parse element ResourceKey[minecraft:root / minecraft:loot_table]:railways:blocks/track_byg_imparius_narrow - Unknown registry key in ResourceKey[minecraft:root / minecraft:item]: railways:track_byg_imparius_narrow
[04Apr2026 00:41:31.525] [Worker-Main-6/ERROR] [net.minecraft.world.level.storage.loot.LootDataType/]: Couldn't parse element ResourceKey[minecraft:root / minecraft:loot_table]:railways:blocks/track_tfc_mangrove - Unknown registry key in ResourceKey[minecraft:root / minecraft:item]: railways:track_tfc_mangrove
[04Apr2026 00:41:31.525] [Worker-Main-6/ERROR] [net.minecraft.world.level.storage.loot.LootDataType/]: Couldn't parse element ResourceKey[minecraft:root / minecraft:loot_table]:railways:blocks/track_byg_blue_enchanted_narrow - Unknown registry key in ResourceKey[minecraft:root / minecraft:item]: railways:track_byg_blue_enchanted_narrow
[04Apr2026 00:41:31.530] [Worker-Main-6/ERROR] [net.minecraft.world.level.storage.loot.LootDataType/]: Couldn't parse element ResourceKey[minecraft:root / minecraft:loot_table]:railways:blocks/track_tfc_mangrove_wide - Unknown registry key in ResourceKey[minecraft:root / minecraft:item]: railways:track_tfc_mangrove_wide
[04Apr2026 00:41:31.536] [Worker-Main-6/ERROR] [net.minecraft.world.level.storage.loot.LootDataType/]: Couldn't parse element ResourceKey[minecraft:root / minecraft:loot_table]:railways:blocks/track_biomesoplenty_hellbark - Unknown registry key in ResourceKey[minecraft:root / minecraft:item]: railways:track_biomesoplenty_hellbark
[04Apr2026 00:41:31.538] [Worker-Main-6/ERROR] [net.minecraft.world.level.storage.loot.LootDataType/]: Couldn't parse element ResourceKey[minecraft:root / minecraft:loot_table]:railways:blocks/track_tfc_chestnut_narrow - Unknown registry key in ResourceKey[minecraft:root / minecraft:item]: railways:track_tfc_chestnut_narrow
[04Apr2026 00:41:31.540] [Worker-Main-6/ERROR] [net.minecraft.world.level.storage.loot.LootDataType/]: Couldn't parse element ResourceKey[minecraft:root / minecraft:loot_table]:railways:blocks/track_tfc_acacia_narrow - Unknown registry key in ResourceKey[minecraft:root / minecraft:item]: railways:track_tfc_acacia_narrow
[04Apr2026 00:41:31.540] [Worker-Main-6/ERROR] [net.minecraft.world.level.storage.loot.LootDataType/]: Couldn't parse element ResourceKey[minecraft:root / minecraft:loot_table]:railways:blocks/track_byg_aspen_wide - Unknown registry key in ResourceKey[minecraft:root / minecraft:item]: railways:track_byg_aspen_wide
[04Apr2026 00:41:31.540] [Worker-Main-6/ERROR] [net.minecraft.world.level.storage.loot.LootDataType/]: Couldn't parse element ResourceKey[minecraft:root / minecraft:loot_table]:railways:blocks/track_byg_willow - Unknown registry key in ResourceKey[minecraft:root / minecraft:item]: railways:track_byg_willow
[04Apr2026 00:41:31.543] [Worker-Main-6/ERROR] [net.minecraft.world.level.storage.loot.LootDataType/]: Couldn't parse element ResourceKey[minecraft:root / minecraft:loot_table]:railways:blocks/track_tfc_rosewood_wide - Unknown registry key in ResourceKey[minecraft:root / minecraft:item]: railways:track_tfc_rosewood_wide
[04Apr2026 00:41:31.545] [Worker-Main-6/ERROR] [net.minecraft.world.level.storage.loot.LootDataType/]: Couldn't parse element ResourceKey[minecraft:root / minecraft:loot_table]:railways:blocks/track_tfc_kapok - Unknown registry key in ResourceKey[minecraft:root / minecraft:item]: railways:track_tfc_kapok
[04Apr2026 00:41:31.549] [Worker-Main-6/ERROR] [net.minecraft.world.level.storage.loot.LootDataType/]: Couldn't parse element ResourceKey[minecraft:root / minecraft:loot_table]:railways:blocks/track_tfc_rosewood_narrow - Unknown registry key in ResourceKey[minecraft:root / minecraft:item]: railways:track_tfc_rosewood_narrow
[04Apr2026 00:41:31.558] [Worker-Main-6/ERROR] [net.minecraft.world.level.storage.loot.LootDataType/]: Couldn't parse element ResourceKey[minecraft:root / minecraft:loot_table]:railways:blocks/track_tfc_douglas_fir_narrow - Unknown registry key in ResourceKey[minecraft:root / minecraft:item]: railways:track_tfc_douglas_fir_narrow
[04Apr2026 00:41:31.561] [Worker-Main-6/ERROR] [net.minecraft.world.level.storage.loot.LootDataType/]: Couldn't parse element ResourceKey[minecraft:root / minecraft:loot_table]:railways:blocks/track_tfc_aspen_narrow - Unknown registry key in ResourceKey[minecraft:root / minecraft:item]: railways:track_tfc_aspen_narrow
[04Apr2026 00:41:31.561] [Worker-Main-6/ERROR] [net.minecraft.world.level.storage.loot.LootDataType/]: Couldn't parse element ResourceKey[minecraft:root / minecraft:loot_table]:railways:blocks/track_create_dd_spirit_wide - Unknown registry key in ResourceKey[minecraft:root / minecraft:item]: railways:track_create_dd_spirit_wide
[04Apr2026 00:41:31.561] [Worker-Main-6/ERROR] [net.minecraft.world.level.storage.loot.LootDataType/]: Couldn't parse element ResourceKey[minecraft:root / minecraft:loot_table]:railways:blocks/track_quark_blossom_wide - Unknown registry key in ResourceKey[minecraft:root / minecraft:item]: railways:track_quark_blossom_wide
[04Apr2026 00:41:31.565] [Worker-Main-6/ERROR] [net.minecraft.world.level.storage.loot.LootDataType/]: Couldn't parse element ResourceKey[minecraft:root / minecraft:loot_table]:railways:blocks/track_byg_bulbis - Unknown registry key in ResourceKey[minecraft:root / minecraft:item]: railways:track_byg_bulbis
[04Apr2026 00:41:31.569] [Worker-Main-6/ERROR] [net.minecraft.world.level.storage.loot.LootDataType/]: Couldn't parse element ResourceKey[minecraft:root / minecraft:loot_table]:railways:blocks/track_tfc_chestnut - Unknown registry key in ResourceKey[minecraft:root / minecraft:item]: railways:track_tfc_chestnut
[04Apr2026 00:41:31.571] [Worker-Main-6/ERROR] [net.minecraft.world.level.storage.loot.LootDataType/]: Couldn't parse element ResourceKey[minecraft:root / minecraft:loot_table]:railways:blocks/track_tfc_oak - Unknown registry key in ResourceKey[minecraft:root / minecraft:item]: railways:track_tfc_oak
[04Apr2026 00:41:31.573] [Worker-Main-6/ERROR] [net.minecraft.world.level.storage.loot.LootDataType/]: Couldn't parse element ResourceKey[minecraft:root / minecraft:loot_table]:railways:blocks/track_tfc_birch_wide - Unknown registry key in ResourceKey[minecraft:root / minecraft:item]: railways:track_tfc_birch_wide
[04Apr2026 00:41:31.576] [Worker-Main-6/ERROR] [net.minecraft.world.level.storage.loot.LootDataType/]: Couldn't parse element ResourceKey[minecraft:root / minecraft:loot_table]:railways:blocks/track_byg_pine - Unknown registry key in ResourceKey[minecraft:root / minecraft:item]: railways:track_byg_pine
[04Apr2026 00:41:31.580] [Worker-Main-6/ERROR] [net.minecraft.world.level.storage.loot.LootDataType/]: Couldn't parse element ResourceKey[minecraft:root / minecraft:loot_table]:railways:blocks/track_byg_ether_narrow - Unknown registry key in ResourceKey[minecraft:root / minecraft:item]: railways:track_byg_ether_narrow
[04Apr2026 00:41:31.583] [Worker-Main-6/ERROR] [net.minecraft.world.level.storage.loot.LootDataType/]: Couldn't parse element ResourceKey[minecraft:root / minecraft:loot_table]:railways:blocks/track_byg_zelkova - Unknown registry key in ResourceKey[minecraft:root / minecraft:item]: railways:track_byg_zelkova
[04Apr2026 00:41:31.586] [Worker-Main-6/ERROR] [net.minecraft.world.level.storage.loot.LootDataType/]: Couldn't parse element ResourceKey[minecraft:root / minecraft:loot_table]:railways:blocks/track_byg_cypress_wide - Unknown registry key in ResourceKey[minecraft:root / minecraft:item]: railways:track_byg_cypress_wide
[04Apr2026 00:41:31.587] [Worker-Main-6/ERROR] [net.minecraft.world.level.storage.loot.LootDataType/]: Couldn't parse element ResourceKey[minecraft:root / minecraft:loot_table]:railways:blocks/track_biomesoplenty_dead_wide - Unknown registry key in ResourceKey[minecraft:root / minecraft:item]: railways:track_biomesoplenty_dead_wide
[04Apr2026 00:41:31.592] [Worker-Main-6/ERROR] [net.minecraft.world.level.storage.loot.LootDataType/]: Couldn't parse element ResourceKey[minecraft:root / minecraft:loot_table]:railways:blocks/track_create_dd_smoked_wide - Unknown registry key in ResourceKey[minecraft:root / minecraft:item]: railways:track_create_dd_smoked_wide
[04Apr2026 00:41:31.595] [Worker-Main-6/ERROR] [net.minecraft.world.level.storage.loot.LootDataType/]: Couldn't parse element ResourceKey[minecraft:root / minecraft:loot_table]:railways:blocks/track_byg_witch_hazel_narrow - Unknown registry key in ResourceKey[minecraft:root / minecraft:item]: railways:track_byg_witch_hazel_narrow
[04Apr2026 00:41:31.598] [Worker-Main-6/ERROR] [net.minecraft.world.level.storage.loot.LootDataType/]: Couldn't parse element ResourceKey[minecraft:root / minecraft:loot_table]:railways:blocks/track_byg_ebony - Unknown registry key in ResourceKey[minecraft:root / minecraft:item]: railways:track_byg_ebony
[04Apr2026 00:41:31.599] [Worker-Main-6/ERROR] [net.minecraft.world.level.storage.loot.LootDataType/]: Couldn't parse element ResourceKey[minecraft:root / minecraft:loot_table]:railways:blocks/track_byg_lament_narrow - Unknown registry key in ResourceKey[minecraft:root / minecraft:item]: railways:track_byg_lament_narrow
[04Apr2026 00:41:31.601] [Worker-Main-6/ERROR] [net.minecraft.world.level.storage.loot.LootDataType/]: Couldn't parse element ResourceKey[minecraft:root / minecraft:loot_table]:railways:blocks/track_byg_redwood_narrow - Unknown registry key in ResourceKey[minecraft:root / minecraft:item]: railways:track_byg_redwood_narrow
[04Apr2026 00:41:31.602] [Worker-Main-6/ERROR] [net.minecraft.world.level.storage.loot.LootDataType/]: Couldn't parse element ResourceKey[minecraft:root / minecraft:loot_table]:railways:blocks/track_byg_jacaranda_narrow - Unknown registry key in ResourceKey[minecraft:root / minecraft:item]: railways:track_byg_jacaranda_narrow
[04Apr2026 00:41:31.610] [Worker-Main-6/ERROR] [net.minecraft.world.level.storage.loot.LootDataType/]: Couldn't parse element ResourceKey[minecraft:root / minecraft:loot_table]:railways:blocks/track_tfc_douglas_fir_wide - Unknown registry key in ResourceKey[minecraft:root / minecraft:item]: railways:track_tfc_douglas_fir_wide
[04Apr2026 00:41:31.611] [Worker-Main-6/ERROR] [net.minecraft.world.level.storage.loot.LootDataType/]: Couldn't parse element ResourceKey[minecraft:root / minecraft:loot_table]:railways:blocks/track_tfc_palm - Unknown registry key in ResourceKey[minecraft:root / minecraft:item]: railways:track_tfc_palm
[04Apr2026 00:41:31.614] [Worker-Main-6/ERROR] [net.minecraft.world.level.storage.loot.LootDataType/]: Couldn't parse element ResourceKey[minecraft:root / minecraft:loot_table]:railways:blocks/track_biomesoplenty_palm_wide - Unknown registry key in ResourceKey[minecraft:root / minecraft:item]: railways:track_biomesoplenty_palm_wide
[04Apr2026 00:41:31.616] [Worker-Main-6/ERROR] [net.minecraft.world.level.storage.loot.LootDataType/]: Couldn't parse element ResourceKey[minecraft:root / minecraft:loot_table]:railways:blocks/track_byg_cika - Unknown registry key in ResourceKey[minecraft:root / minecraft:item]: railways:track_byg_cika
[04Apr2026 00:41:31.616] [Worker-Main-6/ERROR] [net.minecraft.world.level.storage.loot.LootDataType/]: Couldn't parse element ResourceKey[minecraft:root / minecraft:loot_table]:railways:blocks/track_biomesoplenty_jacaranda_narrow - Unknown registry key in ResourceKey[minecraft:root / minecraft:item]: railways:track_biomesoplenty_jacaranda_narrow
[04Apr2026 00:41:31.617] [Worker-Main-6/ERROR] [net.minecraft.world.level.storage.loot.LootDataType/]: Couldn't parse element ResourceKey[minecraft:root / minecraft:loot_table]:railways:blocks/track_biomesoplenty_redwood_wide - Unknown registry key in ResourceKey[minecraft:root / minecraft:item]: railways:track_biomesoplenty_redwood_wide
[04Apr2026 00:41:31.620] [Worker-Main-6/ERROR] [net.minecraft.world.level.storage.loot.LootDataType/]: Couldn't parse element ResourceKey[minecraft:root / minecraft:loot_table]:railways:blocks/track_blue_skies_frostbright - Unknown registry key in ResourceKey[minecraft:root / minecraft:item]: railways:track_blue_skies_frostbright
[04Apr2026 00:41:31.622] [Worker-Main-6/ERROR] [net.minecraft.world.level.storage.loot.LootDataType/]: Couldn't parse element ResourceKey[minecraft:root / minecraft:loot_table]:railways:blocks/track_tfc_blackwood_wide - Unknown registry key in ResourceKey[minecraft:root / minecraft:item]: railways:track_tfc_blackwood_wide
[04Apr2026 00:41:31.625] [Worker-Main-6/ERROR] [net.minecraft.world.level.storage.loot.LootDataType/]: Couldn't parse element ResourceKey[minecraft:root / minecraft:loot_table]:railways:blocks/track_create_dd_spirit - Unknown registry key in ResourceKey[minecraft:root / minecraft:item]: railways:track_create_dd_spirit
[04Apr2026 00:41:31.625] [Worker-Main-6/ERROR] [net.minecraft.world.level.storage.loot.LootDataType/]: Couldn't parse element ResourceKey[minecraft:root / minecraft:loot_table]:railways:blocks/track_tfc_maple - Unknown registry key in ResourceKey[minecraft:root / minecraft:item]: railways:track_tfc_maple
[04Apr2026 00:41:31.626] [Worker-Main-6/ERROR] [net.minecraft.world.level.storage.loot.LootDataType/]: Couldn't parse element ResourceKey[minecraft:root / minecraft:loot_table]:railways:blocks/track_byg_cika_wide - Unknown registry key in ResourceKey[minecraft:root / minecraft:item]: railways:track_byg_cika_wide
[04Apr2026 00:41:31.627] [Worker-Main-6/ERROR] [net.minecraft.world.level.storage.loot.LootDataType/]: Couldn't parse element ResourceKey[minecraft:root / minecraft:loot_table]:railways:blocks/track_byg_skyris - Unknown registry key in ResourceKey[minecraft:root / minecraft:item]: railways:track_byg_skyris
[04Apr2026 00:41:31.630] [Worker-Main-6/ERROR] [net.minecraft.world.level.storage.loot.LootDataType/]: Couldn't parse element ResourceKey[minecraft:root / minecraft:loot_table]:railways:blocks/track_create_dd_spirit_narrow - Unknown registry key in ResourceKey[minecraft:root / minecraft:item]: railways:track_create_dd_spirit_narrow
[04Apr2026 00:41:31.630] [Worker-Main-6/ERROR] [net.minecraft.world.level.storage.loot.LootDataType/]: Couldn't parse element ResourceKey[minecraft:root / minecraft:loot_table]:railways:blocks/track_create_dd_rubber - Unknown registry key in ResourceKey[minecraft:root / minecraft:item]: railways:track_create_dd_rubber
[04Apr2026 00:41:31.631] [Worker-Main-6/ERROR] [net.minecraft.world.level.storage.loot.LootDataType/]: Couldn't parse element ResourceKey[minecraft:root / minecraft:loot_table]:railways:blocks/track_tfc_sequoia_wide - Unknown registry key in ResourceKey[minecraft:root / minecraft:item]: railways:track_tfc_sequoia_wide
[04Apr2026 00:41:31.633] [Worker-Main-6/ERROR] [net.minecraft.world.level.storage.loot.LootDataType/]: Couldn't parse element ResourceKey[minecraft:root / minecraft:loot_table]:railways:blocks/track_biomesoplenty_dead - Unknown registry key in ResourceKey[minecraft:root / minecraft:item]: railways:track_biomesoplenty_dead
[04Apr2026 00:41:31.633] [Worker-Main-6/ERROR] [net.minecraft.world.level.storage.loot.LootDataType/]: Couldn't parse element ResourceKey[minecraft:root / minecraft:loot_table]:railways:blocks/track_tfc_kapok_wide - Unknown registry key in ResourceKey[minecraft:root / minecraft:item]: railways:track_tfc_kapok_wide
[04Apr2026 00:41:31.638] [Worker-Main-6/ERROR] [net.minecraft.world.level.storage.loot.LootDataType/]: Couldn't parse element ResourceKey[minecraft:root / minecraft:loot_table]:railways:blocks/track_byg_holly_wide - Unknown registry key in ResourceKey[minecraft:root / minecraft:item]: railways:track_byg_holly_wide
[04Apr2026 00:41:31.640] [Worker-Main-6/ERROR] [net.minecraft.world.level.storage.loot.LootDataType/]: Couldn't parse element ResourceKey[minecraft:root / minecraft:loot_table]:railways:blocks/track_biomesoplenty_fir - Unknown registry key in ResourceKey[minecraft:root / minecraft:item]: railways:track_biomesoplenty_fir
[04Apr2026 00:41:31.640] [NeoForge Version Check/INFO] [net.neoforged.fml.VersionChecker/]: [codechickenlib] Found status: UP_TO_DATE Current: 4.6.1.526 Target: null
[04Apr2026 00:41:31.640] [NeoForge Version Check/INFO] [net.neoforged.fml.VersionChecker/]: [brandonscore] Starting version check at https://version-check.covers1624.net/check/?mod=BrandonsCore&mc=1.21.1
[04Apr2026 00:41:31.641] [Worker-Main-6/ERROR] [net.minecraft.world.level.storage.loot.LootDataType/]: Couldn't parse element ResourceKey[minecraft:root / minecraft:loot_table]:railways:blocks/track_byg_skyris_wide - Unknown registry key in ResourceKey[minecraft:root / minecraft:item]: railways:track_byg_skyris_wide
[04Apr2026 00:41:31.645] [Worker-Main-6/ERROR] [net.minecraft.world.level.storage.loot.LootDataType/]: Couldn't parse element ResourceKey[minecraft:root / minecraft:loot_table]:extendedae:blocks/ex_emc_interface - Unknown registry key in ResourceKey[minecraft:root / minecraft:item]: extendedae:ex_emc_interface
[04Apr2026 00:41:31.646] [Worker-Main-6/ERROR] [net.minecraft.world.level.storage.loot.LootDataType/]: Couldn't parse element ResourceKey[minecraft:root / minecraft:loot_table]:railways:blocks/track_biomesoplenty_mahogany_wide - Unknown registry key in ResourceKey[minecraft:root / minecraft:item]: railways:track_biomesoplenty_mahogany_wide
[04Apr2026 00:41:31.648] [Worker-Main-6/ERROR] [net.minecraft.world.level.storage.loot.LootDataType/]: Couldn't parse element ResourceKey[minecraft:root / minecraft:loot_table]:railways:blocks/track_biomesoplenty_dead_narrow - Unknown registry key in ResourceKey[minecraft:root / minecraft:item]: railways:track_biomesoplenty_dead_narrow
[04Apr2026 00:41:31.650] [Worker-Main-6/ERROR] [net.minecraft.world.level.storage.loot.LootDataType/]: Couldn't parse element ResourceKey[minecraft:root / minecraft:loot_table]:railways:blocks/track_blue_skies_bluebright_narrow - Unknown registry key in ResourceKey[minecraft:root / minecraft:item]: railways:track_blue_skies_bluebright_narrow
[04Apr2026 00:41:31.650] [Worker-Main-6/ERROR] [net.minecraft.world.level.storage.loot.LootDataType/]: Couldn't parse element ResourceKey[minecraft:root / minecraft:loot_table]:railways:blocks/track_byg_embur_narrow - Unknown registry key in ResourceKey[minecraft:root / minecraft:item]: railways:track_byg_embur_narrow
[04Apr2026 00:41:31.653] [Worker-Main-6/ERROR] [net.minecraft.world.level.storage.loot.LootDataType/]: Couldn't parse element ResourceKey[minecraft:root / minecraft:loot_table]:railways:blocks/track_tfc_aspen - Unknown registry key in ResourceKey[minecraft:root / minecraft:item]: railways:track_tfc_aspen
[04Apr2026 00:41:31.654] [Worker-Main-6/ERROR] [net.minecraft.world.level.storage.loot.LootDataType/]: Couldn't parse element ResourceKey[minecraft:root / minecraft:loot_table]:railways:blocks/track_tfc_pine - Unknown registry key in ResourceKey[minecraft:root / minecraft:item]: railways:track_tfc_pine
[04Apr2026 00:41:31.655] [Worker-Main-6/ERROR] [net.minecraft.world.level.storage.loot.LootDataType/]: Couldn't parse element ResourceKey[minecraft:root / minecraft:loot_table]:railways:blocks/track_hexcasting_edified_wide - Unknown registry key in ResourceKey[minecraft:root / minecraft:item]: railways:track_hexcasting_edified_wide
[04Apr2026 00:41:31.656] [Worker-Main-6/ERROR] [net.minecraft.world.level.storage.loot.LootDataType/]: Couldn't parse element ResourceKey[minecraft:root / minecraft:loot_table]:railways:blocks/track_byg_maple - Unknown registry key in ResourceKey[minecraft:root / minecraft:item]: railways:track_byg_maple
[04Apr2026 00:41:31.656] [Worker-Main-6/ERROR] [net.minecraft.world.level.storage.loot.LootDataType/]: Couldn't parse element ResourceKey[minecraft:root / minecraft:loot_table]:railways:blocks/track_byg_lament_wide - Unknown registry key in ResourceKey[minecraft:root / minecraft:item]: railways:track_byg_lament_wide
[04Apr2026 00:41:31.659] [Worker-Main-6/ERROR] [net.minecraft.world.level.storage.loot.LootDataType/]: Couldn't parse element ResourceKey[minecraft:root / minecraft:loot_table]:railways:blocks/track_tfc_sequoia_narrow - Unknown registry key in ResourceKey[minecraft:root / minecraft:item]: railways:track_tfc_sequoia_narrow
[04Apr2026 00:41:31.661] [Worker-Main-6/ERROR] [net.minecraft.world.level.storage.loot.LootDataType/]: Couldn't parse element ResourceKey[minecraft:root / minecraft:loot_table]:railways:blocks/track_tfc_sycamore_narrow - Unknown registry key in ResourceKey[minecraft:root / minecraft:item]: railways:track_tfc_sycamore_narrow
[04Apr2026 00:41:31.665] [Worker-Main-6/ERROR] [net.minecraft.world.level.storage.loot.LootDataType/]: Couldn't parse element ResourceKey[minecraft:root / minecraft:loot_table]:railways:blocks/track_byg_nightshade_narrow - Unknown registry key in ResourceKey[minecraft:root / minecraft:item]: railways:track_byg_nightshade_narrow
[04Apr2026 00:41:31.667] [Worker-Main-6/ERROR] [net.minecraft.world.level.storage.loot.LootDataType/]: Couldn't parse element ResourceKey[minecraft:root / minecraft:loot_table]:railways:blocks/track_blue_skies_maple - Unknown registry key in ResourceKey[minecraft:root / minecraft:item]: railways:track_blue_skies_maple
[04Apr2026 00:41:31.670] [Worker-Main-6/ERROR] [net.minecraft.world.level.storage.loot.LootDataType/]: Couldn't parse element ResourceKey[minecraft:root / minecraft:loot_table]:railways:blocks/track_blue_skies_maple_narrow - Unknown registry key in ResourceKey[minecraft:root / minecraft:item]: railways:track_blue_skies_maple_narrow
[04Apr2026 00:41:31.672] [Worker-Main-6/ERROR] [net.minecraft.world.level.storage.loot.LootDataType/]: Couldn't parse element ResourceKey[minecraft:root / minecraft:loot_table]:railways:blocks/track_biomesoplenty_magic_narrow - Unknown registry key in ResourceKey[minecraft:root / minecraft:item]: railways:track_biomesoplenty_magic_narrow
[04Apr2026 00:41:31.673] [Worker-Main-6/ERROR] [net.minecraft.world.level.storage.loot.LootDataType/]: Couldn't parse element ResourceKey[minecraft:root / minecraft:loot_table]:railways:blocks/track_byg_palm_narrow - Unknown registry key in ResourceKey[minecraft:root / minecraft:item]: railways:track_byg_palm_narrow
[04Apr2026 00:41:31.674] [Worker-Main-6/ERROR] [net.minecraft.world.level.storage.loot.LootDataType/]: Couldn't parse element ResourceKey[minecraft:root / minecraft:loot_table]:railways:blocks/track_tfc_acacia_wide - Unknown registry key in ResourceKey[minecraft:root / minecraft:item]: railways:track_tfc_acacia_wide
[04Apr2026 00:41:31.675] [Worker-Main-6/ERROR] [net.minecraft.world.level.storage.loot.LootDataType/]: Couldn't parse element ResourceKey[minecraft:root / minecraft:loot_table]:railways:blocks/track_blue_skies_bluebright_wide - Unknown registry key in ResourceKey[minecraft:root / minecraft:item]: railways:track_blue_skies_bluebright_wide
[04Apr2026 00:41:31.677] [Worker-Main-6/ERROR] [net.minecraft.world.level.storage.loot.LootDataType/]: Couldn't parse element ResourceKey[minecraft:root / minecraft:loot_table]:railways:blocks/track_byg_mahogany_wide - Unknown registry key in ResourceKey[minecraft:root / minecraft:item]: railways:track_byg_mahogany_wide
[04Apr2026 00:41:31.679] [Worker-Main-6/ERROR] [net.minecraft.world.level.storage.loot.LootDataType/]: Couldn't parse element ResourceKey[minecraft:root / minecraft:loot_table]:railways:blocks/track_blue_skies_dusk_wide - Unknown registry key in ResourceKey[minecraft:root / minecraft:item]: railways:track_blue_skies_dusk_wide
[04Apr2026 00:41:31.680] [Worker-Main-6/ERROR] [net.minecraft.world.level.storage.loot.LootDataType/]: Couldn't parse element ResourceKey[minecraft:root / minecraft:loot_table]:railways:blocks/track_byg_fir - Unknown registry key in ResourceKey[minecraft:root / minecraft:item]: railways:track_byg_fir
[04Apr2026 00:41:31.681] [Worker-Main-6/ERROR] [net.minecraft.world.level.storage.loot.LootDataType/]: Couldn't parse element ResourceKey[minecraft:root / minecraft:loot_table]:railways:blocks/track_tfc_ash - Unknown registry key in ResourceKey[minecraft:root / minecraft:item]: railways:track_tfc_ash
[04Apr2026 00:41:31.682] [Worker-Main-6/ERROR] [net.minecraft.world.level.storage.loot.LootDataType/]: Couldn't parse element ResourceKey[minecraft:root / minecraft:loot_table]:railways:blocks/track_tfc_sequoia - Unknown registry key in ResourceKey[minecraft:root / minecraft:item]: railways:track_tfc_sequoia
[04Apr2026 00:41:31.682] [Worker-Main-6/ERROR] [net.minecraft.world.level.storage.loot.LootDataType/]: Couldn't parse element ResourceKey[minecraft:root / minecraft:loot_table]:railways:blocks/track_blue_skies_lunar - Unknown registry key in ResourceKey[minecraft:root / minecraft:item]: railways:track_blue_skies_lunar
[04Apr2026 00:41:31.686] [Worker-Main-6/ERROR] [net.minecraft.world.level.storage.loot.LootDataType/]: Couldn't parse element ResourceKey[minecraft:root / minecraft:loot_table]:railways:blocks/track_create_dd_rose_wide - Unknown registry key in ResourceKey[minecraft:root / minecraft:item]: railways:track_create_dd_rose_wide
[04Apr2026 00:41:31.690] [Worker-Main-6/ERROR] [net.minecraft.world.level.storage.loot.LootDataType/]: Couldn't parse element ResourceKey[minecraft:root / minecraft:loot_table]:railways:blocks/track_tfc_willow_narrow - Unknown registry key in ResourceKey[minecraft:root / minecraft:item]: railways:track_tfc_willow_narrow
[04Apr2026 00:41:31.691] [Worker-Main-6/ERROR] [net.minecraft.world.level.storage.loot.LootDataType/]: Couldn't parse element ResourceKey[minecraft:root / minecraft:loot_table]:railways:blocks/track_byg_green_enchanted - Unknown registry key in ResourceKey[minecraft:root / minecraft:item]: railways:track_byg_green_enchanted
[04Apr2026 00:41:31.692] [Worker-Main-6/ERROR] [net.minecraft.world.level.storage.loot.LootDataType/]: Couldn't parse element ResourceKey[minecraft:root / minecraft:loot_table]:railways:blocks/track_blue_skies_bluebright - Unknown registry key in ResourceKey[minecraft:root / minecraft:item]: railways:track_blue_skies_bluebright
[04Apr2026 00:41:31.693] [Worker-Main-6/ERROR] [net.minecraft.world.level.storage.loot.LootDataType/]: Couldn't parse element ResourceKey[minecraft:root / minecraft:loot_table]:railways:blocks/track_byg_baobab_narrow - Unknown registry key in ResourceKey[minecraft:root / minecraft:item]: railways:track_byg_baobab_narrow
[04Apr2026 00:41:31.695] [Worker-Main-6/ERROR] [net.minecraft.world.level.storage.loot.LootDataType/]: Couldn't parse element ResourceKey[minecraft:root / minecraft:loot_table]:railways:blocks/track_byg_blue_enchanted_wide - Unknown registry key in ResourceKey[minecraft:root / minecraft:item]: railways:track_byg_blue_enchanted_wide
[04Apr2026 00:41:31.698] [Worker-Main-6/ERROR] [net.minecraft.world.level.storage.loot.LootDataType/]: Couldn't parse element ResourceKey[minecraft:root / minecraft:loot_table]:railways:blocks/track_byg_willow_narrow - Unknown registry key in ResourceKey[minecraft:root / minecraft:item]: railways:track_byg_willow_narrow
[04Apr2026 00:41:31.698] [Worker-Main-6/ERROR] [net.minecraft.world.level.storage.loot.LootDataType/]: Couldn't parse element ResourceKey[minecraft:root / minecraft:loot_table]:railways:blocks/track_byg_pine_wide - Unknown registry key in ResourceKey[minecraft:root / minecraft:item]: railways:track_byg_pine_wide
[04Apr2026 00:41:31.701] [Worker-Main-6/ERROR] [net.minecraft.world.level.storage.loot.LootDataType/]: Couldn't parse element ResourceKey[minecraft:root / minecraft:loot_table]:railways:blocks/track_tfc_spruce - Unknown registry key in ResourceKey[minecraft:root / minecraft:item]: railways:track_tfc_spruce
[04Apr2026 00:41:31.705] [Worker-Main-6/ERROR] [net.minecraft.world.level.storage.loot.LootDataType/]: Couldn't parse element ResourceKey[minecraft:root / minecraft:loot_table]:railways:blocks/track_biomesoplenty_magic - Unknown registry key in ResourceKey[minecraft:root / minecraft:item]: railways:track_biomesoplenty_magic
[04Apr2026 00:41:31.713] [Worker-Main-6/ERROR] [net.minecraft.world.level.storage.loot.LootDataType/]: Couldn't parse element ResourceKey[minecraft:root / minecraft:loot_table]:railways:blocks/track_byg_rainbow_eucalyptus_wide - Unknown registry key in ResourceKey[minecraft:root / minecraft:item]: railways:track_byg_rainbow_eucalyptus_wide
[04Apr2026 00:41:31.713] [Worker-Main-6/ERROR] [net.minecraft.world.level.storage.loot.LootDataType/]: Couldn't parse element ResourceKey[minecraft:root / minecraft:loot_table]:railways:blocks/track_quark_ancient_wide - Unknown registry key in ResourceKey[minecraft:root / minecraft:item]: railways:track_quark_ancient_wide
[04Apr2026 00:41:31.715] [Worker-Main-6/ERROR] [net.minecraft.world.level.storage.loot.LootDataType/]: Couldn't parse element ResourceKey[minecraft:root / minecraft:loot_table]:railways:blocks/track_tfc_hickory_narrow - Unknown registry key in ResourceKey[minecraft:root / minecraft:item]: railways:track_tfc_hickory_narrow
[04Apr2026 00:41:31.715] [Worker-Main-6/ERROR] [net.minecraft.world.level.storage.loot.LootDataType/]: Couldn't parse element ResourceKey[minecraft:root / minecraft:loot_table]:railways:blocks/track_byg_white_mangrove_wide - Unknown registry key in ResourceKey[minecraft:root / minecraft:item]: railways:track_byg_white_mangrove_wide
[04Apr2026 00:41:31.717] [Worker-Main-6/ERROR] [net.minecraft.world.level.storage.loot.LootDataType/]: Couldn't parse element ResourceKey[minecraft:root / minecraft:loot_table]:railways:blocks/track_byg_sythian_narrow - Unknown registry key in ResourceKey[minecraft:root / minecraft:item]: railways:track_byg_sythian_narrow
[04Apr2026 00:41:31.718] [Worker-Main-6/ERROR] [net.minecraft.world.level.storage.loot.LootDataType/]: Couldn't parse element ResourceKey[minecraft:root / minecraft:loot_table]:railways:blocks/track_byg_fir_narrow - Unknown registry key in ResourceKey[minecraft:root / minecraft:item]: railways:track_byg_fir_narrow
[04Apr2026 00:41:31.719] [Worker-Main-6/ERROR] [net.minecraft.world.level.storage.loot.LootDataType/]: Couldn't parse element ResourceKey[minecraft:root / minecraft:loot_table]:railways:blocks/track_byg_willow_wide - Unknown registry key in ResourceKey[minecraft:root / minecraft:item]: railways:track_byg_willow_wide
[04Apr2026 00:41:31.725] [Worker-Main-6/ERROR] [net.minecraft.world.level.storage.loot.LootDataType/]: Couldn't parse element ResourceKey[minecraft:root / minecraft:loot_table]:railways:blocks/track_tfc_palm_narrow - Unknown registry key in ResourceKey[minecraft:root / minecraft:item]: railways:track_tfc_palm_narrow
[04Apr2026 00:41:31.726] [Worker-Main-6/ERROR] [net.minecraft.world.level.storage.loot.LootDataType/]: Couldn't parse element ResourceKey[minecraft:root / minecraft:loot_table]:railways:blocks/track_byg_imparius_wide - Unknown registry key in ResourceKey[minecraft:root / minecraft:item]: railways:track_byg_imparius_wide
[04Apr2026 00:41:31.727] [Worker-Main-6/ERROR] [net.minecraft.world.level.storage.loot.LootDataType/]: Couldn't parse element ResourceKey[minecraft:root / minecraft:loot_table]:railways:blocks/track_byg_palm - Unknown registry key in ResourceKey[minecraft:root / minecraft:item]: railways:track_byg_palm
[04Apr2026 00:41:31.729] [Worker-Main-6/ERROR] [net.minecraft.world.level.storage.loot.LootDataType/]: Couldn't parse element ResourceKey[minecraft:root / minecraft:loot_table]:railways:blocks/track_tfc_white_cedar_narrow - Unknown registry key in ResourceKey[minecraft:root / minecraft:item]: railways:track_tfc_white_cedar_narrow
[04Apr2026 00:41:31.729] [Worker-Main-6/ERROR] [net.minecraft.world.level.storage.loot.LootDataType/]: Couldn't parse element ResourceKey[minecraft:root / minecraft:loot_table]:railways:blocks/track_byg_rainbow_eucalyptus - Unknown registry key in ResourceKey[minecraft:root / minecraft:item]: railways:track_byg_rainbow_eucalyptus
[04Apr2026 00:41:31.730] [Worker-Main-6/ERROR] [net.minecraft.world.level.storage.loot.LootDataType/]: Couldn't parse element ResourceKey[minecraft:root / minecraft:loot_table]:railways:blocks/track_byg_holly - Unknown registry key in ResourceKey[minecraft:root / minecraft:item]: railways:track_byg_holly
[04Apr2026 00:41:31.732] [Worker-Main-6/ERROR] [net.minecraft.world.level.storage.loot.LootDataType/]: Couldn't parse element ResourceKey[minecraft:root / minecraft:loot_table]:railways:blocks/track_byg_cypress - Unknown registry key in ResourceKey[minecraft:root / minecraft:item]: railways:track_byg_cypress
[04Apr2026 00:41:31.732] [Worker-Main-6/ERROR] [net.minecraft.world.level.storage.loot.LootDataType/]: Couldn't parse element ResourceKey[minecraft:root / minecraft:loot_table]:railways:blocks/track_byg_sythian - Unknown registry key in ResourceKey[minecraft:root / minecraft:item]: railways:track_byg_sythian
[04Apr2026 00:41:31.736] [Worker-Main-6/ERROR] [net.minecraft.world.level.storage.loot.LootDataType/]: Couldn't parse element ResourceKey[minecraft:root / minecraft:loot_table]:railways:blocks/track_create_dd_rose - Unknown registry key in ResourceKey[minecraft:root / minecraft:item]: railways:track_create_dd_rose
[04Apr2026 00:41:31.737] [Worker-Main-6/ERROR] [net.minecraft.world.level.storage.loot.LootDataType/]: Couldn't parse element ResourceKey[minecraft:root / minecraft:loot_table]:railways:blocks/track_byg_bulbis_wide - Unknown registry key in ResourceKey[minecraft:root / minecraft:item]: railways:track_byg_bulbis_wide
[04Apr2026 00:41:31.738] [Worker-Main-6/ERROR] [net.minecraft.world.level.storage.loot.LootDataType/]: Couldn't parse element ResourceKey[minecraft:root / minecraft:loot_table]:railways:blocks/track_biomesoplenty_magic_wide - Unknown registry key in ResourceKey[minecraft:root / minecraft:item]: railways:track_biomesoplenty_magic_wide
[04Apr2026 00:41:31.740] [Worker-Main-6/ERROR] [net.minecraft.world.level.storage.loot.LootDataType/]: Couldn't parse element ResourceKey[minecraft:root / minecraft:loot_table]:railways:blocks/track_create_dd_rose_narrow - Unknown registry key in ResourceKey[minecraft:root / minecraft:item]: railways:track_create_dd_rose_narrow
[04Apr2026 00:41:31.741] [Worker-Main-6/ERROR] [net.minecraft.world.level.storage.loot.LootDataType/]: Couldn't parse element ResourceKey[minecraft:root / minecraft:loot_table]:railways:blocks/track_blue_skies_dusk - Unknown registry key in ResourceKey[minecraft:root / minecraft:item]: railways:track_blue_skies_dusk
[04Apr2026 00:41:31.742] [Worker-Main-6/ERROR] [net.minecraft.world.level.storage.loot.LootDataType/]: Couldn't parse element ResourceKey[minecraft:root / minecraft:loot_table]:railways:blocks/track_blue_skies_frostbright_narrow - Unknown registry key in ResourceKey[minecraft:root / minecraft:item]: railways:track_blue_skies_frostbright_narrow
[04Apr2026 00:41:31.746] [Worker-Main-6/ERROR] [net.minecraft.world.level.storage.loot.LootDataType/]: Couldn't parse element ResourceKey[minecraft:root / minecraft:loot_table]:railways:blocks/track_byg_jacaranda - Unknown registry key in ResourceKey[minecraft:root / minecraft:item]: railways:track_byg_jacaranda
[04Apr2026 00:41:31.747] [Worker-Main-6/ERROR] [net.minecraft.world.level.storage.loot.LootDataType/]: Couldn't parse element ResourceKey[minecraft:root / minecraft:loot_table]:railways:blocks/track_blue_skies_starlit_narrow - Unknown registry key in ResourceKey[minecraft:root / minecraft:item]: railways:track_blue_skies_starlit_narrow
[04Apr2026 00:41:31.749] [Worker-Main-6/ERROR] [net.minecraft.world.level.storage.loot.LootDataType/]: Couldn't parse element ResourceKey[minecraft:root / minecraft:loot_table]:railways:blocks/track_tfc_willow - Unknown registry key in ResourceKey[minecraft:root / minecraft:item]: railways:track_tfc_willow
[04Apr2026 00:41:31.749] [Worker-Main-6/ERROR] [net.minecraft.world.level.storage.loot.LootDataType/]: Couldn't parse element ResourceKey[minecraft:root / minecraft:loot_table]:railways:blocks/track_byg_baobab - Unknown registry key in ResourceKey[minecraft:root / minecraft:item]: railways:track_byg_baobab
[04Apr2026 00:41:31.750] [Worker-Main-6/ERROR] [net.minecraft.world.level.storage.loot.LootDataType/]: Couldn't parse element ResourceKey[minecraft:root / minecraft:loot_table]:railways:blocks/track_byg_blue_enchanted - Unknown registry key in ResourceKey[minecraft:root / minecraft:item]: railways:track_byg_blue_enchanted
[04Apr2026 00:41:31.759] [Worker-Main-6/ERROR] [net.minecraft.world.level.storage.loot.LootDataType/]: Couldn't parse element ResourceKey[minecraft:root / minecraft:loot_table]:railways:blocks/track_byg_ether - Unknown registry key in ResourceKey[minecraft:root / minecraft:item]: railways:track_byg_ether
[04Apr2026 00:41:31.760] [Worker-Main-6/ERROR] [net.minecraft.world.level.storage.loot.LootDataType/]: Couldn't parse element ResourceKey[minecraft:root / minecraft:loot_table]:railways:blocks/track_byg_cypress_narrow - Unknown registry key in ResourceKey[minecraft:root / minecraft:item]: railways:track_byg_cypress_narrow
[04Apr2026 00:41:31.761] [Worker-Main-6/ERROR] [net.minecraft.world.level.storage.loot.LootDataType/]: Couldn't parse element ResourceKey[minecraft:root / minecraft:loot_table]:railways:blocks/track_quark_azalea - Unknown registry key in ResourceKey[minecraft:root / minecraft:item]: railways:track_quark_azalea
[04Apr2026 00:41:31.769] [Worker-Main-6/INFO] [emi_loot/]: parsing loot tables
[04Apr2026 00:41:31.832] [Worker-Main-6/ERROR] [net.minecraft.world.item.ItemStack/]: Failed to apply component patch '{minecraft:potion_contents=>PotionContents[potion=Optional[Reference{ResourceKey[minecraft:potion / minecraft:regeneration]=net.minecraft.world.item.alchemy.Potion@334ecf2c}], customColor=Optional[8388672], customEffects=[effect.minecraft.regeneration x 5, Duration: 300, effect.minecraft.instant_health x 3, Duration: 1]]}' to item: 'Item stack with stack size of 2 was larger than maximum: 1'
[04Apr2026 00:41:31.842] [Worker-Main-6/ERROR] [net.minecraft.world.item.ItemStack/]: Failed to apply component patch '{minecraft:potion_contents=>PotionContents[potion=Optional[Reference{ResourceKey[minecraft:potion / minecraft:strong_healing]=net.minecraft.world.item.alchemy.Potion@34048487}], customColor=Optional.empty, customEffects=[]]}' to item: 'Item stack with stack size of 2 was larger than maximum: 1'
[04Apr2026 00:41:31.865] [Worker-Main-6/INFO] [net.neoforged.coremod.CoreMod.apothic_enchanting/COREMODLOG]: Replaced 1 calls to Enchantment#getMaxLevel() in net/minecraft/world/item/enchantment/EnchantmentHelper
[04Apr2026 00:41:31.913] [Worker-Main-6/ERROR] [net.minecraft.world.item.ItemStack/]: Failed to apply component patch '{minecraft:potion_contents=>PotionContents[potion=Optional[Reference{ResourceKey[minecraft:potion / minecraft:strong_healing]=net.minecraft.world.item.alchemy.Potion@34048487}], customColor=Optional.empty, customEffects=[]]}' to item: 'Item stack with stack size of 2 was larger than maximum: 1'
[04Apr2026 00:41:31.920] [Worker-Main-6/ERROR] [net.minecraft.world.item.ItemStack/]: Failed to apply component patch '{minecraft:potion_contents=>PotionContents[potion=Optional[Reference{ResourceKey[minecraft:potion / minecraft:strong_healing]=net.minecraft.world.item.alchemy.Potion@34048487}], customColor=Optional.empty, customEffects=[]]}' to item: 'Item stack with stack size of 2 was larger than maximum: 1'
[04Apr2026 00:41:31.920] [Worker-Main-6/ERROR] [net.minecraft.world.item.ItemStack/]: Failed to apply component patch '{minecraft:potion_contents=>PotionContents[potion=Optional[Reference{ResourceKey[minecraft:potion / minecraft:strong_healing]=net.minecraft.world.item.alchemy.Potion@34048487}], customColor=Optional.empty, customEffects=[]]}' to item: 'Item stack with stack size of 2 was larger than maximum: 1'
[04Apr2026 00:41:31.923] [NeoForge Version Check/INFO] [net.neoforged.fml.VersionChecker/]: [brandonscore] Found status: BETA Current: 3.2.1.309 Target: 3.2.1.309
[04Apr2026 00:41:31.923] [NeoForge Version Check/INFO] [net.neoforged.fml.VersionChecker/]: [draconicevolution] Starting version check at https://version-check.covers1624.net/check/?mod=Draconic-Evolution&mc=1.21.1
[04Apr2026 00:41:31.928] [Worker-Main-6/ERROR] [net.minecraft.world.item.ItemStack/]: Failed to apply component patch '{minecraft:potion_contents=>PotionContents[potion=Optional[Reference{ResourceKey[minecraft:potion / minecraft:strong_healing]=net.minecraft.world.item.alchemy.Potion@34048487}], customColor=Optional.empty, customEffects=[]]}' to item: 'Item stack with stack size of 2 was larger than maximum: 1'
[04Apr2026 00:41:31.929] [Worker-Main-6/ERROR] [net.minecraft.world.item.ItemStack/]: Failed to apply component patch '{minecraft:potion_contents=>PotionContents[potion=Optional[Reference{ResourceKey[minecraft:potion / minecraft:long_regeneration]=net.minecraft.world.item.alchemy.Potion@7b01a5ad}], customColor=Optional.empty, customEffects=[]]}' to item: 'Item stack with stack size of 2 was larger than maximum: 1'
[04Apr2026 00:41:31.933] [Worker-Main-6/ERROR] [net.minecraft.world.item.ItemStack/]: Failed to apply component patch '{minecraft:potion_contents=>PotionContents[potion=Optional[Reference{ResourceKey[minecraft:potion / minecraft:strong_healing]=net.minecraft.world.item.alchemy.Potion@34048487}], customColor=Optional.empty, customEffects=[]]}' to item: 'Item stack with stack size of 2 was larger than maximum: 1'
[04Apr2026 00:41:31.936] [Worker-Main-6/ERROR] [net.minecraft.world.item.ItemStack/]: Failed to apply component patch '{minecraft:potion_contents=>PotionContents[potion=Optional[Reference{ResourceKey[minecraft:potion / minecraft:strong_healing]=net.minecraft.world.item.alchemy.Potion@34048487}], customColor=Optional.empty, customEffects=[]]}' to item: 'Item stack with stack size of 2 was larger than maximum: 1'
[04Apr2026 00:41:31.950] [Worker-Main-6/INFO] [emi_loot/]: finished parsing loot tables in 181
[04Apr2026 00:41:32.077] [Worker-Main-6/INFO] [net.neoforged.coremod.CoreMod.apothic_enchanting/COREMODLOG]: Replaced 2 calls to Enchantment#getMaxLevel() in net/minecraft/server/commands/EnchantCommand
[04Apr2026 00:41:32.206] [NeoForge Version Check/INFO] [net.neoforged.fml.VersionChecker/]: [draconicevolution] Found status: BETA Current: 3.1.4.632 Target: 3.1.4.632
[04Apr2026 00:41:32.206] [NeoForge Version Check/INFO] [net.neoforged.fml.VersionChecker/]: [antiblocksrechiseled] Starting version check at https://raw.githubusercontent.com/manmaed/AntiBlocksReChiseled/main/neo/update.json
[04Apr2026 00:41:32.226] [NeoForge Version Check/INFO] [net.neoforged.fml.VersionChecker/]: [antiblocksrechiseled] Found status: UP_TO_DATE Current: 0.10.8 Target: null
[04Apr2026 00:41:32.226] [NeoForge Version Check/INFO] [net.neoforged.fml.VersionChecker/]: [pneumaticcraft] Starting version check at https://raw.githubusercontent.com/TeamPneumatic/pnc-repressurized/1.21/release_info.json
[04Apr2026 00:41:32.247] [NeoForge Version Check/INFO] [net.neoforged.fml.VersionChecker/]: [pneumaticcraft] Found status: AHEAD Current: 8.2.15 Target: null
[04Apr2026 00:41:32.247] [NeoForge Version Check/INFO] [net.neoforged.fml.VersionChecker/]: [mcwpaths] Starting version check at https://raw.githubusercontent.com/sketchmacaw/macawsmods/master/paths.json
[04Apr2026 00:41:32.269] [NeoForge Version Check/INFO] [net.neoforged.fml.VersionChecker/]: [mcwpaths] Found status: UP_TO_DATE Current: 1.1.1 Target: null
[04Apr2026 00:41:32.269] [NeoForge Version Check/INFO] [net.neoforged.fml.VersionChecker/]: [zerocore] Starting version check at https://raw.githubusercontent.com/ZeroNoRyouki/ModUpdates/master/ZeroCore2.json
[04Apr2026 00:41:32.275] [Worker-Main-6/INFO] [FlightManager/]: [FlightAPI] commands registered
[04Apr2026 00:41:32.290] [NeoForge Version Check/INFO] [net.neoforged.fml.VersionChecker/]: [zerocore] Found status: AHEAD Current: 1.21.1-2.4.21 Target: null
[04Apr2026 00:41:32.290] [NeoForge Version Check/INFO] [net.neoforged.fml.VersionChecker/]: [immersiveengineering] Starting version check at https://raw.githubusercontent.com/BluSunrize/ImmersiveEngineering/1.21.1/changelog.json
[04Apr2026 00:41:32.313] [NeoForge Version Check/INFO] [net.neoforged.fml.VersionChecker/]: [immersiveengineering] Found status: AHEAD Current: 12.4.2-194 Target: null
[04Apr2026 00:41:32.313] [NeoForge Version Check/INFO] [net.neoforged.fml.VersionChecker/]: [pipez] Starting version check at https://update.maxhenkel.de/neoforge/pipez
[04Apr2026 00:41:32.340] [NeoForge Version Check/INFO] [net.neoforged.fml.VersionChecker/]: [pipez] Found status: BETA Current: 1.21.1-1.2.19 Target: 1.21.1-1.2.19
[04Apr2026 00:41:32.340] [NeoForge Version Check/INFO] [net.neoforged.fml.VersionChecker/]: [integrateddynamics] Starting version check at https://raw.githubusercontent.com/CyclopsMC/Versions/master/neoforge_update/integrated-dynamics.json
[04Apr2026 00:41:32.361] [NeoForge Version Check/INFO] [net.neoforged.fml.VersionChecker/]: [integrateddynamics] Found status: OUTDATED Current: 1.32.2 Target: 1.32.3
[04Apr2026 00:41:32.362] [NeoForge Version Check/INFO] [net.neoforged.fml.VersionChecker/]: [puzzleslib] Starting version check at https://raw.githubusercontent.com/Fuzss/modresources/main/update/puzzleslib.json
[04Apr2026 00:41:32.366] [Worker-Main-6/INFO] [AE2:C/]: Scanning class appeng.server.testplots.AutoCraftingTestPlots for plots
[04Apr2026 00:41:32.368] [Worker-Main-6/INFO] [AE2:C/]: Scanning class appeng.server.testplots.SpawnExtraGridTestTools for plots
[04Apr2026 00:41:32.368] [Worker-Main-6/INFO] [AE2:C/]: Scanning class appeng.server.testplots.PatternProviderPlots for plots
[04Apr2026 00:41:32.368] [Worker-Main-6/INFO] [AE2:C/]: Scanning class appeng.server.testplots.CrystalResonanceGeneratorTestPlots for plots
[04Apr2026 00:41:32.368] [Worker-Main-6/INFO] [AE2:C/]: Scanning class appeng.server.testplots.InterfaceTestPlots for plots
[04Apr2026 00:41:32.368] [Worker-Main-6/INFO] [AE2:C/]: Scanning class appeng.server.testplots.PatternProviderLockModePlots for plots
[04Apr2026 00:41:32.368] [Worker-Main-6/INFO] [AE2:C/]: Scanning class appeng.server.testplots.ItemP2PTestPlots for plots
[04Apr2026 00:41:32.368] [Worker-Main-6/INFO] [AE2:C/]: Scanning class appeng.server.testplots.InvalidPatternTestPlot for plots
[04Apr2026 00:41:32.368] [Worker-Main-6/INFO] [AE2:C/]: Scanning class appeng.server.testplots.MemoryCardTestPlots for plots
[04Apr2026 00:41:32.368] [Worker-Main-6/INFO] [AE2:C/]: Scanning class appeng.server.testplots.AnnihilationPlaneTests for plots
[04Apr2026 00:41:32.368] [Worker-Main-6/INFO] [AE2:C/]: Scanning class appeng.server.testplots.InscriberTestPlots for plots
[04Apr2026 00:41:32.373] [Worker-Main-6/INFO] [AE2:C/]: Scanning class appeng.server.testplots.GuidebookPlot for plots
[04Apr2026 00:41:32.373] [Worker-Main-6/INFO] [AE2:C/]: Scanning class appeng.server.testplots.SubnetPlots for plots
[04Apr2026 00:41:32.373] [Worker-Main-6/INFO] [AE2:C/]: Scanning class appeng.server.testplots.P2PTestPlots for plots
[04Apr2026 00:41:32.373] [Worker-Main-6/INFO] [AE2:C/]: Scanning class appeng.server.testplots.QnbTestPlots for plots
[04Apr2026 00:41:32.373] [Worker-Main-6/INFO] [AE2:C/]: Scanning class appeng.server.testplots.ExternalEnergyTestPlots for plots
[04Apr2026 00:41:32.374] [Worker-Main-6/INFO] [AE2:C/]: Scanning class appeng.server.testplots.ChannelTests for plots
[04Apr2026 00:41:32.374] [Worker-Main-6/INFO] [AE2:C/]: Scanning class appeng.server.testplots.TestPlots for plots
[04Apr2026 00:41:32.374] [Worker-Main-6/INFO] [AE2:C/]: Scanning class appeng.server.testplots.SpatialTestPlots for plots
[04Apr2026 00:41:32.374] [Worker-Main-6/INFO] [AE2:C/]: Scanning class de.mari_023.ae2wtlib.AE2wtlibTestPlots for plots
[04Apr2026 00:41:32.382] [NeoForge Version Check/INFO] [net.neoforged.fml.VersionChecker/]: [puzzleslib] Found status: UP_TO_DATE Current: 21.1.39 Target: null
[04Apr2026 00:41:32.382] [NeoForge Version Check/INFO] [net.neoforged.fml.VersionChecker/]: [cyclopscore] Starting version check at https://raw.githubusercontent.com/CyclopsMC/Versions/master/neoforge_update/cyclops-core.json
[04Apr2026 00:41:32.402] [NeoForge Version Check/INFO] [net.neoforged.fml.VersionChecker/]: [cyclopscore] Found status: UP_TO_DATE Current: 1.29.0 Target: null
[04Apr2026 00:41:32.402] [NeoForge Version Check/INFO] [net.neoforged.fml.VersionChecker/]: [controlling] Starting version check at https://updates.blamejared.com/get?n=controlling&gv=1.21.1&ml=neoforge
[04Apr2026 00:41:32.406] [Worker-Main-6/INFO] [com.github.alexthe666.alexsmobs.AlexsMobs/]: Adding datapack listener capsid_recipes
[04Apr2026 00:41:32.435] [Worker-Main-1/ERROR] [net.minecraft.Util/]: Invalid path in pack: biomespy:tags/worldgen/structure/uninit_safe.json‎, ignoring
[04Apr2026 00:41:32.435] [NeoForge Version Check/INFO] [net.neoforged.fml.VersionChecker/]: [controlling] Found status: BETA Current: 19.0.5 Target: 19.0.5
[04Apr2026 00:41:32.435] [NeoForge Version Check/INFO] [net.neoforged.fml.VersionChecker/]: [twilightforest] Starting version check at https://gh.tamaized.com/TeamTwilight/twilightforest/update.json?m=1.21.1&l=NeoForge&v=21.1.220
[04Apr2026 00:41:32.607] [Worker-Main-2/WARN] [GeckoLib/]: Unsupported geometry json version: 1.21.0 for model block_factorys_bosses:geo/entity/sandworm.geo.json. Supported versions: 1.12.0. Remove any rotated face UVs and re-export the model to fix
[04Apr2026 00:41:32.625] [Worker-Main-6/INFO] [Mystical Agriculture/]: Loaded 4 essence vessel colors in 5 ms
[04Apr2026 00:41:32.842] [Worker-Main-8/INFO] [KubeJS Server/]: [minecraft:block] Found 1831 tags, added 2 objects, removed 0 objects
[04Apr2026 00:41:32.962] [NeoForge Version Check/INFO] [net.neoforged.fml.VersionChecker/]: [twilightforest] Found status: BETA Current: 4.8.3345 Target: null
[04Apr2026 00:41:32.963] [NeoForge Version Check/INFO] [net.neoforged.fml.VersionChecker/]: [commoncapabilities] Starting version check at https://raw.githubusercontent.com/CyclopsMC/Versions/master/neoforge_update/common-capabilities.json
[04Apr2026 00:41:32.987] [NeoForge Version Check/INFO] [net.neoforged.fml.VersionChecker/]: [commoncapabilities] Found status: UP_TO_DATE Current: 2.11.4 Target: null
[04Apr2026 00:41:32.987] [NeoForge Version Check/INFO] [net.neoforged.fml.VersionChecker/]: [mcwfences] Starting version check at https://raw.githubusercontent.com/sketchmacaw/macawsmods/master/fences.json
[04Apr2026 00:41:33.009] [NeoForge Version Check/INFO] [net.neoforged.fml.VersionChecker/]: [mcwfences] Found status: UP_TO_DATE Current: 1.2.1 Target: null
[04Apr2026 00:41:33.009] [NeoForge Version Check/INFO] [net.neoforged.fml.VersionChecker/]: [integratedtunnels] Starting version check at https://raw.githubusercontent.com/CyclopsMC/Versions/master/neoforge_update/integrated-tunnels.json
[04Apr2026 00:41:33.031] [NeoForge Version Check/INFO] [net.neoforged.fml.VersionChecker/]: [integratedtunnels] Found status: UP_TO_DATE Current: 1.9.4 Target: null
[04Apr2026 00:41:33.032] [NeoForge Version Check/INFO] [net.neoforged.fml.VersionChecker/]: [bigreactors] Starting version check at https://raw.githubusercontent.com/ZeroNoRyouki/ModUpdates/master/ExtremeReactors2.json
[04Apr2026 00:41:33.056] [NeoForge Version Check/INFO] [net.neoforged.fml.VersionChecker/]: [bigreactors] Found status: UP_TO_DATE Current: 1.21.1-2.4.28 Target: null
[04Apr2026 00:41:33.057] [NeoForge Version Check/INFO] [net.neoforged.fml.VersionChecker/]: [cucumber] Starting version check at https://api.blakesmods.com/v2/mods/cucumber/1.21/updates
[04Apr2026 00:41:33.172] [NeoForge Version Check/INFO] [net.neoforged.fml.VersionChecker/]: [cucumber] Found status: UP_TO_DATE Current: 8.0.15 Target: null
[04Apr2026 00:41:33.172] [NeoForge Version Check/INFO] [net.neoforged.fml.VersionChecker/]: [sliceanddice] Starting version check at https://api.modrinth.com/updates/slice-and-dice/forge_updates.json?neoforge=only
[04Apr2026 00:41:33.359] [NeoForge Version Check/INFO] [net.neoforged.fml.VersionChecker/]: [sliceanddice] Found status: UP_TO_DATE Current: 4.2.4 Target: null
[04Apr2026 00:41:33.359] [NeoForge Version Check/INFO] [net.neoforged.fml.VersionChecker/]: [journeymap_webmap] Starting version check at https://forge.curseupdate.com/793035/journeymap-web-map
[04Apr2026 00:41:33.472] [NeoForge Version Check/INFO] [net.neoforged.fml.VersionChecker/]: [journeymap_webmap] Found status: BETA Current: 1.0.9 Target: null
[04Apr2026 00:41:33.472] [NeoForge Version Check/INFO] [net.neoforged.fml.VersionChecker/]: [journeymap] Starting version check at https://neoforge.curseupdate.com/32274/journeymap
[04Apr2026 00:41:33.617] [NeoForge Version Check/INFO] [net.neoforged.fml.VersionChecker/]: [journeymap] Found status: BETA Current: 1.21.1-6.0.0-beta.59 Target: 1.21.1-6.0.0-beta.52
[04Apr2026 00:41:33.618] [NeoForge Version Check/INFO] [net.neoforged.fml.VersionChecker/]: [mr_lukis_grandcapitals] Starting version check at https://api.modrinth.com/updates/8Lw09aLb/forge_updates.json?neoforge=only
[04Apr2026 00:41:33.660] [main/WARN] [net.minecraft.core.MappedRegistry/]: Not all defined tags for registry ResourceKey[minecraft:root / minecraft:enchantment] are present in data pack: forbidden_arcanus:modifier/soulbound_incompatible
[04Apr2026 00:41:33.756] [main/WARN] [net.minecraft.core.MappedRegistry/]: Not all defined tags for registry ResourceKey[minecraft:root / minecraft:block] are present in data pack: cataclysm:needs_black_steel_tool, cataclysm:needs_monstrosity_tool
[04Apr2026 00:41:33.782] [NeoForge Version Check/INFO] [net.neoforged.fml.VersionChecker/]: [mr_lukis_grandcapitals] Found status: OUTDATED Current: 1.1.3 Target: 1.1.3+mod
[04Apr2026 00:41:33.782] [NeoForge Version Check/INFO] [net.neoforged.fml.VersionChecker/]: [enderstorage] Starting version check at https://version-check.covers1624.net/check/?mod=EnderStorage&mc=1.21.1
[04Apr2026 00:41:33.800] [main/WARN] [net.minecraft.core.MappedRegistry/]: Not all defined tags for registry ResourceKey[minecraft:root / minecraft:item] are present in data pack: runes:runes
[04Apr2026 00:41:33.871] [main/INFO] [Cucumber Library/]: Registered 0 recipes in 0 ms
[04Apr2026 00:41:33.923] [main/ERROR] [net.minecraft.world.item.crafting.RecipeManager/]: Parsing error loading recipe cataclysm_spellbooks:technomancy_rune
com.google.gson.JsonParseException: Unknown registry key in ResourceKey[minecraft:root / minecraft:item]: cataclysm_spellbooks:technomancy_rune
	at MC-BOOTSTRAP/datafixerupper@8.0.16/com.mojang.serialization.DataResult$Error.getOrThrow(DataResult.java:287) ~[datafixerupper-8.0.16.jar%23100!/:?]
	at TRANSFORMER/minecraft@1.21.1/net.minecraft.world.item.crafting.RecipeManager.apply(RecipeManager.java:60) ~[server-1.21.1-20240808.144430-srg.jar%23444!/:?]
	at TRANSFORMER/minecraft@1.21.1/net.minecraft.world.item.crafting.RecipeManager.apply(RecipeManager.java:36) ~[server-1.21.1-20240808.144430-srg.jar%23444!/:?]
	at TRANSFORMER/minecraft@1.21.1/net.minecraft.server.packs.resources.SimplePreparableReloadListener.lambda$reload$1(SimplePreparableReloadListener.java:19) ~[server-1.21.1-20240808.144430-srg.jar%23444!/:?]
	at java.base/java.util.concurrent.CompletableFuture$UniAccept.tryFire(CompletableFuture.java:718) ~[?:?]
	at java.base/java.util.concurrent.CompletableFuture$Completion.run(CompletableFuture.java:482) ~[?:?]
	at TRANSFORMER/minecraft@1.21.1/net.minecraft.server.packs.resources.SimpleReloadInstance.lambda$new$3(SimpleReloadInstance.java:69) ~[server-1.21.1-20240808.144430-srg.jar%23444!/:?]
	at TRANSFORMER/minecraft@1.21.1/net.minecraft.Util.blockUntilDone(Util.java:872) ~[server-1.21.1-20240808.144430-srg.jar%23444!/:?]
	at TRANSFORMER/minecraft@1.21.1/net.minecraft.Util.blockUntilDone(Util.java:861) ~[server-1.21.1-20240808.144430-srg.jar%23444!/:?]
	at TRANSFORMER/minecraft@1.21.1/net.minecraft.server.Main.main(Main.java:204) ~[server-1.21.1-20240808.144430-srg.jar%23444!/:?]
	at java.base/jdk.internal.reflect.DirectMethodHandleAccessor.invoke(DirectMethodHandleAccessor.java:103) ~[?:?]
	at java.base/java.lang.reflect.Method.invoke(Method.java:580) ~[?:?]
	at MC-BOOTSTRAP/fml_loader@4.0.42/net.neoforged.fml.loading.targets.CommonLaunchHandler.runTarget(CommonLaunchHandler.java:136) ~[loader-4.0.42.jar%2359!/:4.0]
	at MC-BOOTSTRAP/fml_loader@4.0.42/net.neoforged.fml.loading.targets.CommonLaunchHandler.serverService(CommonLaunchHandler.java:128) ~[loader-4.0.42.jar%2359!/:4.0]
	at MC-BOOTSTRAP/fml_loader@4.0.42/net.neoforged.fml.loading.targets.CommonServerLaunchHandler.runService(CommonServerLaunchHandler.java:32) ~[loader-4.0.42.jar%2359!/:4.0]
	at MC-BOOTSTRAP/fml_loader@4.0.42/net.neoforged.fml.loading.targets.CommonLaunchHandler.lambda$launchService$4(CommonLaunchHandler.java:118) ~[loader-4.0.42.jar%2359!/:4.0]
	at MC-BOOTSTRAP/cpw.mods.modlauncher@11.0.5/cpw.mods.modlauncher.LaunchServiceHandlerDecorator.launch(LaunchServiceHandlerDecorator.java:30) [modlauncher-11.0.5.jar%2364!/:?]
	at MC-BOOTSTRAP/cpw.mods.modlauncher@11.0.5/cpw.mods.modlauncher.LaunchServiceHandler.launch(LaunchServiceHandler.java:53) [modlauncher-11.0.5.jar%2364!/:?]
	at MC-BOOTSTRAP/cpw.mods.modlauncher@11.0.5/cpw.mods.modlauncher.LaunchServiceHandler.launch(LaunchServiceHandler.java:71) [modlauncher-11.0.5.jar%2364!/:?]
	at MC-BOOTSTRAP/cpw.mods.modlauncher@11.0.5/cpw.mods.modlauncher.Launcher.run(Launcher.java:103) [modlauncher-11.0.5.jar%2364!/:?]
	at MC-BOOTSTRAP/cpw.mods.modlauncher@11.0.5/cpw.mods.modlauncher.Launcher.main(Launcher.java:74) [modlauncher-11.0.5.jar%2364!/:?]
	at MC-BOOTSTRAP/cpw.mods.modlauncher@11.0.5/cpw.mods.modlauncher.BootstrapLaunchConsumer.accept(BootstrapLaunchConsumer.java:26) [modlauncher-11.0.5.jar%2364!/:?]
	at MC-BOOTSTRAP/cpw.mods.modlauncher@11.0.5/cpw.mods.modlauncher.BootstrapLaunchConsumer.accept(BootstrapLaunchConsumer.java:23) [modlauncher-11.0.5.jar%2364!/:?]
	at cpw.mods.bootstraplauncher@2.0.2/cpw.mods.bootstraplauncher.BootstrapLauncher.run(BootstrapLauncher.java:210) [bootstraplauncher-2.0.2.jar:?]
	at cpw.mods.bootstraplauncher@2.0.2/cpw.mods.bootstraplauncher.BootstrapLauncher.main(BootstrapLauncher.java:69) [bootstraplauncher-2.0.2.jar:?]
[04Apr2026 00:41:33.954] [main/ERROR] [net.minecraft.world.item.crafting.RecipeManager/]: Parsing error loading recipe farmersdelight:cutting/echo_door
com.google.gson.JsonParseException: Failed to parse either. First: Not a json array: {"type":"farmersdelight:tool_action","action":"axe_dig"}; Second: Unknown registry key in ResourceKey[minecraft:root / neoforge:ingredient_serializer]: farmersdelight:tool_action
	at MC-BOOTSTRAP/datafixerupper@8.0.16/com.mojang.serialization.DataResult$Error.getOrThrow(DataResult.java:287) ~[datafixerupper-8.0.16.jar%23100!/:?]
	at TRANSFORMER/minecraft@1.21.1/net.minecraft.world.item.crafting.RecipeManager.apply(RecipeManager.java:60) ~[server-1.21.1-20240808.144430-srg.jar%23444!/:?]
	at TRANSFORMER/minecraft@1.21.1/net.minecraft.world.item.crafting.RecipeManager.apply(RecipeManager.java:36) ~[server-1.21.1-20240808.144430-srg.jar%23444!/:?]
	at TRANSFORMER/minecraft@1.21.1/net.minecraft.server.packs.resources.SimplePreparableReloadListener.lambda$reload$1(SimplePreparableReloadListener.java:19) ~[server-1.21.1-20240808.144430-srg.jar%23444!/:?]
	at java.base/java.util.concurrent.CompletableFuture$UniAccept.tryFire(CompletableFuture.java:718) ~[?:?]
	at java.base/java.util.concurrent.CompletableFuture$Completion.run(CompletableFuture.java:482) ~[?:?]
	at TRANSFORMER/minecraft@1.21.1/net.minecraft.server.packs.resources.SimpleReloadInstance.lambda$new$3(SimpleReloadInstance.java:69) ~[server-1.21.1-20240808.144430-srg.jar%23444!/:?]
	at TRANSFORMER/minecraft@1.21.1/net.minecraft.Util.blockUntilDone(Util.java:872) ~[server-1.21.1-20240808.144430-srg.jar%23444!/:?]
	at TRANSFORMER/minecraft@1.21.1/net.minecraft.Util.blockUntilDone(Util.java:861) ~[server-1.21.1-20240808.144430-srg.jar%23444!/:?]
	at TRANSFORMER/minecraft@1.21.1/net.minecraft.server.Main.main(Main.java:204) ~[server-1.21.1-20240808.144430-srg.jar%23444!/:?]
	at java.base/jdk.internal.reflect.DirectMethodHandleAccessor.invoke(DirectMethodHandleAccessor.java:103) ~[?:?]
	at java.base/java.lang.reflect.Method.invoke(Method.java:580) ~[?:?]
	at MC-BOOTSTRAP/fml_loader@4.0.42/net.neoforged.fml.loading.targets.CommonLaunchHandler.runTarget(CommonLaunchHandler.java:136) ~[loader-4.0.42.jar%2359!/:4.0]
	at MC-BOOTSTRAP/fml_loader@4.0.42/net.neoforged.fml.loading.targets.CommonLaunchHandler.serverService(CommonLaunchHandler.java:128) ~[loader-4.0.42.jar%2359!/:4.0]
	at MC-BOOTSTRAP/fml_loader@4.0.42/net.neoforged.fml.loading.targets.CommonServerLaunchHandler.runService(CommonServerLaunchHandler.java:32) ~[loader-4.0.42.jar%2359!/:4.0]
	at MC-BOOTSTRAP/fml_loader@4.0.42/net.neoforged.fml.loading.targets.CommonLaunchHandler.lambda$launchService$4(CommonLaunchHandler.java:118) ~[loader-4.0.42.jar%2359!/:4.0]
	at MC-BOOTSTRAP/cpw.mods.modlauncher@11.0.5/cpw.mods.modlauncher.LaunchServiceHandlerDecorator.launch(LaunchServiceHandlerDecorator.java:30) [modlauncher-11.0.5.jar%2364!/:?]
	at MC-BOOTSTRAP/cpw.mods.modlauncher@11.0.5/cpw.mods.modlauncher.LaunchServiceHandler.launch(LaunchServiceHandler.java:53) [modlauncher-11.0.5.jar%2364!/:?]
	at MC-BOOTSTRAP/cpw.mods.modlauncher@11.0.5/cpw.mods.modlauncher.LaunchServiceHandler.launch(LaunchServiceHandler.java:71) [modlauncher-11.0.5.jar%2364!/:?]
	at MC-BOOTSTRAP/cpw.mods.modlauncher@11.0.5/cpw.mods.modlauncher.Launcher.run(Launcher.java:103) [modlauncher-11.0.5.jar%2364!/:?]
	at MC-BOOTSTRAP/cpw.mods.modlauncher@11.0.5/cpw.mods.modlauncher.Launcher.main(Launcher.java:74) [modlauncher-11.0.5.jar%2364!/:?]
	at MC-BOOTSTRAP/cpw.mods.modlauncher@11.0.5/cpw.mods.modlauncher.BootstrapLaunchConsumer.accept(BootstrapLaunchConsumer.java:26) [modlauncher-11.0.5.jar%2364!/:?]
	at MC-BOOTSTRAP/cpw.mods.modlauncher@11.0.5/cpw.mods.modlauncher.BootstrapLaunchConsumer.accept(BootstrapLaunchConsumer.java:23) [modlauncher-11.0.5.jar%2364!/:?]
	at cpw.mods.bootstraplauncher@2.0.2/cpw.mods.bootstraplauncher.BootstrapLauncher.run(BootstrapLauncher.java:210) [bootstraplauncher-2.0.2.jar:?]
	at cpw.mods.bootstraplauncher@2.0.2/cpw.mods.bootstraplauncher.BootstrapLauncher.main(BootstrapLauncher.java:69) [bootstraplauncher-2.0.2.jar:?]
[04Apr2026 00:41:33.963] [main/ERROR] [net.minecraft.world.item.crafting.RecipeManager/]: Parsing error loading recipe create:crushing/gloomslate_coal_ore
com.google.gson.JsonParseException: Failed to parse either. First: No key amount in MapLike[{"chance":0.125,"item":"deeperdarker:cobbled_gloomslate"}]; No key id in MapLike[{"chance":0.125,"item":"deeperdarker:cobbled_gloomslate"}]; Second: Failed to parse either. First: No key id in MapLike[{"chance":0.125,"item":"deeperdarker:cobbled_gloomslate"}]; Second: Failed to parse either. First: Not a JSON object: "deeperdarker:cobbled_gloomslate"; Second: Compat cannot be deserialized; Failed to parse either. First: No key amount in MapLike[{"item":"create:experience_nugget"}]; No key id in MapLike[{"item":"create:experience_nugget"}]; Second: Failed to parse either. First: No key id in MapLike[{"item":"create:experience_nugget"}]; Second: Failed to parse either. First: Not a JSON object: "create:experience_nugget"; Second: Compat cannot be deserialized; Failed to parse either. First: No key amount in MapLike[{"chance":0.75,"item":"minecraft:coal"}]; No key id in MapLike[{"chance":0.75,"item":"minecraft:coal"}]; Second: Failed to parse either. First: No key id in MapLike[{"chance":0.75,"item":"minecraft:coal"}]; Second: Failed to parse either. First: Not a JSON object: "minecraft:coal"; Second: Compat cannot be deserialized; Failed to parse either. First: No key amount in MapLike[{"item":"minecraft:coal","count":2}]; No key id in MapLike[{"item":"minecraft:coal","count":2}]; Second: Failed to parse either. First: No key id in MapLike[{"item":"minecraft:coal","count":2}]; Second: Failed to parse either. First: Not a JSON object: "minecraft:coal"; Second: Compat cannot be deserialized
	at MC-BOOTSTRAP/datafixerupper@8.0.16/com.mojang.serialization.DataResult$Error.getOrThrow(DataResult.java:287) ~[datafixerupper-8.0.16.jar%23100!/:?]
	at TRANSFORMER/minecraft@1.21.1/net.minecraft.world.item.crafting.RecipeManager.apply(RecipeManager.java:60) ~[server-1.21.1-20240808.144430-srg.jar%23444!/:?]
	at TRANSFORMER/minecraft@1.21.1/net.minecraft.world.item.crafting.RecipeManager.apply(RecipeManager.java:36) ~[server-1.21.1-20240808.144430-srg.jar%23444!/:?]
	at TRANSFORMER/minecraft@1.21.1/net.minecraft.server.packs.resources.SimplePreparableReloadListener.lambda$reload$1(SimplePreparableReloadListener.java:19) ~[server-1.21.1-20240808.144430-srg.jar%23444!/:?]
	at java.base/java.util.concurrent.CompletableFuture$UniAccept.tryFire(CompletableFuture.java:718) ~[?:?]
	at java.base/java.util.concurrent.CompletableFuture$Completion.run(CompletableFuture.java:482) ~[?:?]
	at TRANSFORMER/minecraft@1.21.1/net.minecraft.server.packs.resources.SimpleReloadInstance.lambda$new$3(SimpleReloadInstance.java:69) ~[server-1.21.1-20240808.144430-srg.jar%23444!/:?]
	at TRANSFORMER/minecraft@1.21.1/net.minecraft.Util.blockUntilDone(Util.java:872) ~[server-1.21.1-20240808.144430-srg.jar%23444!/:?]
	at TRANSFORMER/minecraft@1.21.1/net.minecraft.Util.blockUntilDone(Util.java:861) ~[server-1.21.1-20240808.144430-srg.jar%23444!/:?]
	at TRANSFORMER/minecraft@1.21.1/net.minecraft.server.Main.main(Main.java:204) ~[server-1.21.1-20240808.144430-srg.jar%23444!/:?]
	at java.base/jdk.internal.reflect.DirectMethodHandleAccessor.invoke(DirectMethodHandleAccessor.java:103) ~[?:?]
	at java.base/java.lang.reflect.Method.invoke(Method.java:580) ~[?:?]
	at MC-BOOTSTRAP/fml_loader@4.0.42/net.neoforged.fml.loading.targets.CommonLaunchHandler.runTarget(CommonLaunchHandler.java:136) ~[loader-4.0.42.jar%2359!/:4.0]
	at MC-BOOTSTRAP/fml_loader@4.0.42/net.neoforged.fml.loading.targets.CommonLaunchHandler.serverService(CommonLaunchHandler.java:128) ~[loader-4.0.42.jar%2359!/:4.0]
	at MC-BOOTSTRAP/fml_loader@4.0.42/net.neoforged.fml.loading.targets.CommonServerLaunchHandler.runService(CommonServerLaunchHandler.java:32) ~[loader-4.0.42.jar%2359!/:4.0]
	at MC-BOOTSTRAP/fml_loader@4.0.42/net.neoforged.fml.loading.targets.CommonLaunchHandler.lambda$launchService$4(CommonLaunchHandler.java:118) ~[loader-4.0.42.jar%2359!/:4.0]
	at MC-BOOTSTRAP/cpw.mods.modlauncher@11.0.5/cpw.mods.modlauncher.LaunchServiceHandlerDecorator.launch(LaunchServiceHandlerDecorator.java:30) [modlauncher-11.0.5.jar%2364!/:?]
	at MC-BOOTSTRAP/cpw.mods.modlauncher@11.0.5/cpw.mods.modlauncher.LaunchServiceHandler.launch(LaunchServiceHandler.java:53) [modlauncher-11.0.5.jar%2364!/:?]
	at MC-BOOTSTRAP/cpw.mods.modlauncher@11.0.5/cpw.mods.modlauncher.LaunchServiceHandler.launch(LaunchServiceHandler.java:71) [modlauncher-11.0.5.jar%2364!/:?]
	at MC-BOOTSTRAP/cpw.mods.modlauncher@11.0.5/cpw.mods.modlauncher.Launcher.run(Launcher.java:103) [modlauncher-11.0.5.jar%2364!/:?]
	at MC-BOOTSTRAP/cpw.mods.modlauncher@11.0.5/cpw.mods.modlauncher.Launcher.main(Launcher.java:74) [modlauncher-11.0.5.jar%2364!/:?]
	at MC-BOOTSTRAP/cpw.mods.modlauncher@11.0.5/cpw.mods.modlauncher.BootstrapLaunchConsumer.accept(BootstrapLaunchConsumer.java:26) [modlauncher-11.0.5.jar%2364!/:?]
	at MC-BOOTSTRAP/cpw.mods.modlauncher@11.0.5/cpw.mods.modlauncher.BootstrapLaunchConsumer.accept(BootstrapLaunchConsumer.java:23) [modlauncher-11.0.5.jar%2364!/:?]
	at cpw.mods.bootstraplauncher@2.0.2/cpw.mods.bootstraplauncher.BootstrapLauncher.run(BootstrapLauncher.java:210) [bootstraplauncher-2.0.2.jar:?]
	at cpw.mods.bootstraplauncher@2.0.2/cpw.mods.bootstraplauncher.BootstrapLauncher.main(BootstrapLauncher.java:69) [bootstraplauncher-2.0.2.jar:?]
[04Apr2026 00:41:33.970] [main/ERROR] [net.minecraft.world.item.crafting.RecipeManager/]: Parsing error loading recipe factory_blocks:mason_table_old
com.google.gson.JsonParseException: Unknown registry key in ResourceKey[minecraft:root / minecraft:recipe_serializer]: chipped:mason_table
	at MC-BOOTSTRAP/datafixerupper@8.0.16/com.mojang.serialization.DataResult$Error.getOrThrow(DataResult.java:287) ~[datafixerupper-8.0.16.jar%23100!/:?]
	at TRANSFORMER/minecraft@1.21.1/net.minecraft.world.item.crafting.RecipeManager.apply(RecipeManager.java:60) ~[server-1.21.1-20240808.144430-srg.jar%23444!/:?]
	at TRANSFORMER/minecraft@1.21.1/net.minecraft.world.item.crafting.RecipeManager.apply(RecipeManager.java:36) ~[server-1.21.1-20240808.144430-srg.jar%23444!/:?]
	at TRANSFORMER/minecraft@1.21.1/net.minecraft.server.packs.resources.SimplePreparableReloadListener.lambda$reload$1(SimplePreparableReloadListener.java:19) ~[server-1.21.1-20240808.144430-srg.jar%23444!/:?]
	at java.base/java.util.concurrent.CompletableFuture$UniAccept.tryFire(CompletableFuture.java:718) ~[?:?]
	at java.base/java.util.concurrent.CompletableFuture$Completion.run(CompletableFuture.java:482) ~[?:?]
	at TRANSFORMER/minecraft@1.21.1/net.minecraft.server.packs.resources.SimpleReloadInstance.lambda$new$3(SimpleReloadInstance.java:69) ~[server-1.21.1-20240808.144430-srg.jar%23444!/:?]
	at TRANSFORMER/minecraft@1.21.1/net.minecraft.Util.blockUntilDone(Util.java:872) ~[server-1.21.1-20240808.144430-srg.jar%23444!/:?]
	at TRANSFORMER/minecraft@1.21.1/net.minecraft.Util.blockUntilDone(Util.java:861) ~[server-1.21.1-20240808.144430-srg.jar%23444!/:?]
	at TRANSFORMER/minecraft@1.21.1/net.minecraft.server.Main.main(Main.java:204) ~[server-1.21.1-20240808.144430-srg.jar%23444!/:?]
	at java.base/jdk.internal.reflect.DirectMethodHandleAccessor.invoke(DirectMethodHandleAccessor.java:103) ~[?:?]
	at java.base/java.lang.reflect.Method.invoke(Method.java:580) ~[?:?]
	at MC-BOOTSTRAP/fml_loader@4.0.42/net.neoforged.fml.loading.targets.CommonLaunchHandler.runTarget(CommonLaunchHandler.java:136) ~[loader-4.0.42.jar%2359!/:4.0]
	at MC-BOOTSTRAP/fml_loader@4.0.42/net.neoforged.fml.loading.targets.CommonLaunchHandler.serverService(CommonLaunchHandler.java:128) ~[loader-4.0.42.jar%2359!/:4.0]
	at MC-BOOTSTRAP/fml_loader@4.0.42/net.neoforged.fml.loading.targets.CommonServerLaunchHandler.runService(CommonServerLaunchHandler.java:32) ~[loader-4.0.42.jar%2359!/:4.0]
	at MC-BOOTSTRAP/fml_loader@4.0.42/net.neoforged.fml.loading.targets.CommonLaunchHandler.lambda$launchService$4(CommonLaunchHandler.java:118) ~[loader-4.0.42.jar%2359!/:4.0]
	at MC-BOOTSTRAP/cpw.mods.modlauncher@11.0.5/cpw.mods.modlauncher.LaunchServiceHandlerDecorator.launch(LaunchServiceHandlerDecorator.java:30) [modlauncher-11.0.5.jar%2364!/:?]
	at MC-BOOTSTRAP/cpw.mods.modlauncher@11.0.5/cpw.mods.modlauncher.LaunchServiceHandler.launch(LaunchServiceHandler.java:53) [modlauncher-11.0.5.jar%2364!/:?]
	at MC-BOOTSTRAP/cpw.mods.modlauncher@11.0.5/cpw.mods.modlauncher.LaunchServiceHandler.launch(LaunchServiceHandler.java:71) [modlauncher-11.0.5.jar%2364!/:?]
	at MC-BOOTSTRAP/cpw.mods.modlauncher@11.0.5/cpw.mods.modlauncher.Launcher.run(Launcher.java:103) [modlauncher-11.0.5.jar%2364!/:?]
	at MC-BOOTSTRAP/cpw.mods.modlauncher@11.0.5/cpw.mods.modlauncher.Launcher.main(Launcher.java:74) [modlauncher-11.0.5.jar%2364!/:?]
	at MC-BOOTSTRAP/cpw.mods.modlauncher@11.0.5/cpw.mods.modlauncher.BootstrapLaunchConsumer.accept(BootstrapLaunchConsumer.java:26) [modlauncher-11.0.5.jar%2364!/:?]
	at MC-BOOTSTRAP/cpw.mods.modlauncher@11.0.5/cpw.mods.modlauncher.BootstrapLaunchConsumer.accept(BootstrapLaunchConsumer.java:23) [modlauncher-11.0.5.jar%2364!/:?]
	at cpw.mods.bootstraplauncher@2.0.2/cpw.mods.bootstraplauncher.BootstrapLauncher.run(BootstrapLauncher.java:210) [bootstraplauncher-2.0.2.jar:?]
	at cpw.mods.bootstraplauncher@2.0.2/cpw.mods.bootstraplauncher.BootstrapLauncher.main(BootstrapLauncher.java:69) [bootstraplauncher-2.0.2.jar:?]
[04Apr2026 00:41:33.979] [main/ERROR] [net.minecraft.world.item.crafting.RecipeManager/]: Parsing error loading recipe cataclysm_spellbooks:excel_upgrade_cooldown
com.google.gson.JsonParseException: Unknown registry key in ResourceKey[minecraft:root / minecraft:item]: cataclysm_spellbooks:excel_upgrade_cooldown; Map entry 's' : Failed to parse either. First: Not a json array: {"item":"cataclysm_spellbooks:mechanical_scrap"}; Second: No key tag in MapLike[{"item":"cataclysm_spellbooks:mechanical_scrap"}]; Unknown registry key in ResourceKey[minecraft:root / minecraft:item]: cataclysm_spellbooks:mechanical_scrap
	at MC-BOOTSTRAP/datafixerupper@8.0.16/com.mojang.serialization.DataResult$Error.getOrThrow(DataResult.java:287) ~[datafixerupper-8.0.16.jar%23100!/:?]
	at TRANSFORMER/minecraft@1.21.1/net.minecraft.world.item.crafting.RecipeManager.apply(RecipeManager.java:60) ~[server-1.21.1-20240808.144430-srg.jar%23444!/:?]
	at TRANSFORMER/minecraft@1.21.1/net.minecraft.world.item.crafting.RecipeManager.apply(RecipeManager.java:36) ~[server-1.21.1-20240808.144430-srg.jar%23444!/:?]
	at TRANSFORMER/minecraft@1.21.1/net.minecraft.server.packs.resources.SimplePreparableReloadListener.lambda$reload$1(SimplePreparableReloadListener.java:19) ~[server-1.21.1-20240808.144430-srg.jar%23444!/:?]
	at java.base/java.util.concurrent.CompletableFuture$UniAccept.tryFire(CompletableFuture.java:718) ~[?:?]
	at java.base/java.util.concurrent.CompletableFuture$Completion.run(CompletableFuture.java:482) ~[?:?]
	at TRANSFORMER/minecraft@1.21.1/net.minecraft.server.packs.resources.SimpleReloadInstance.lambda$new$3(SimpleReloadInstance.java:69) ~[server-1.21.1-20240808.144430-srg.jar%23444!/:?]
	at TRANSFORMER/minecraft@1.21.1/net.minecraft.Util.blockUntilDone(Util.java:872) ~[server-1.21.1-20240808.144430-srg.jar%23444!/:?]
	at TRANSFORMER/minecraft@1.21.1/net.minecraft.Util.blockUntilDone(Util.java:861) ~[server-1.21.1-20240808.144430-srg.jar%23444!/:?]
	at TRANSFORMER/minecraft@1.21.1/net.minecraft.server.Main.main(Main.java:204) ~[server-1.21.1-20240808.144430-srg.jar%23444!/:?]
	at java.base/jdk.internal.reflect.DirectMethodHandleAccessor.invoke(DirectMethodHandleAccessor.java:103) ~[?:?]
	at java.base/java.lang.reflect.Method.invoke(Method.java:580) ~[?:?]
	at MC-BOOTSTRAP/fml_loader@4.0.42/net.neoforged.fml.loading.targets.CommonLaunchHandler.runTarget(CommonLaunchHandler.java:136) ~[loader-4.0.42.jar%2359!/:4.0]
	at MC-BOOTSTRAP/fml_loader@4.0.42/net.neoforged.fml.loading.targets.CommonLaunchHandler.serverService(CommonLaunchHandler.java:128) ~[loader-4.0.42.jar%2359!/:4.0]
	at MC-BOOTSTRAP/fml_loader@4.0.42/net.neoforged.fml.loading.targets.CommonServerLaunchHandler.runService(CommonServerLaunchHandler.java:32) ~[loader-4.0.42.jar%2359!/:4.0]
	at MC-BOOTSTRAP/fml_loader@4.0.42/net.neoforged.fml.loading.targets.CommonLaunchHandler.lambda$launchService$4(CommonLaunchHandler.java:118) ~[loader-4.0.42.jar%2359!/:4.0]
	at MC-BOOTSTRAP/cpw.mods.modlauncher@11.0.5/cpw.mods.modlauncher.LaunchServiceHandlerDecorator.launch(LaunchServiceHandlerDecorator.java:30) [modlauncher-11.0.5.jar%2364!/:?]
	at MC-BOOTSTRAP/cpw.mods.modlauncher@11.0.5/cpw.mods.modlauncher.LaunchServiceHandler.launch(LaunchServiceHandler.java:53) [modlauncher-11.0.5.jar%2364!/:?]
	at MC-BOOTSTRAP/cpw.mods.modlauncher@11.0.5/cpw.mods.modlauncher.LaunchServiceHandler.launch(LaunchServiceHandler.java:71) [modlauncher-11.0.5.jar%2364!/:?]
	at MC-BOOTSTRAP/cpw.mods.modlauncher@11.0.5/cpw.mods.modlauncher.Launcher.run(Launcher.java:103) [modlauncher-11.0.5.jar%2364!/:?]
	at MC-BOOTSTRAP/cpw.mods.modlauncher@11.0.5/cpw.mods.modlauncher.Launcher.main(Launcher.java:74) [modlauncher-11.0.5.jar%2364!/:?]
	at MC-BOOTSTRAP/cpw.mods.modlauncher@11.0.5/cpw.mods.modlauncher.BootstrapLaunchConsumer.accept(BootstrapLaunchConsumer.java:26) [modlauncher-11.0.5.jar%2364!/:?]
	at MC-BOOTSTRAP/cpw.mods.modlauncher@11.0.5/cpw.mods.modlauncher.BootstrapLaunchConsumer.accept(BootstrapLaunchConsumer.java:23) [modlauncher-11.0.5.jar%2364!/:?]
	at cpw.mods.bootstraplauncher@2.0.2/cpw.mods.bootstraplauncher.BootstrapLauncher.run(BootstrapLauncher.java:210) [bootstraplauncher-2.0.2.jar:?]
	at cpw.mods.bootstraplauncher@2.0.2/cpw.mods.bootstraplauncher.BootstrapLauncher.main(BootstrapLauncher.java:69) [bootstraplauncher-2.0.2.jar:?]
[04Apr2026 00:41:34.007] [main/ERROR] [net.minecraft.world.item.crafting.RecipeManager/]: Parsing error loading recipe cataclysm_spellbooks:engineer_leggings
com.google.gson.JsonParseException: Map entry 'r' : Failed to parse either. First: Not a json array: {"item":"cataclysm_spellbooks:technomancy_rune"}; Second: No key tag in MapLike[{"item":"cataclysm_spellbooks:technomancy_rune"}]; Unknown registry key in ResourceKey[minecraft:root / minecraft:item]: cataclysm_spellbooks:technomancy_rune
	at MC-BOOTSTRAP/datafixerupper@8.0.16/com.mojang.serialization.DataResult$Error.getOrThrow(DataResult.java:287) ~[datafixerupper-8.0.16.jar%23100!/:?]
	at TRANSFORMER/minecraft@1.21.1/net.minecraft.world.item.crafting.RecipeManager.apply(RecipeManager.java:60) ~[server-1.21.1-20240808.144430-srg.jar%23444!/:?]
	at TRANSFORMER/minecraft@1.21.1/net.minecraft.world.item.crafting.RecipeManager.apply(RecipeManager.java:36) ~[server-1.21.1-20240808.144430-srg.jar%23444!/:?]
	at TRANSFORMER/minecraft@1.21.1/net.minecraft.server.packs.resources.SimplePreparableReloadListener.lambda$reload$1(SimplePreparableReloadListener.java:19) ~[server-1.21.1-20240808.144430-srg.jar%23444!/:?]
	at java.base/java.util.concurrent.CompletableFuture$UniAccept.tryFire(CompletableFuture.java:718) ~[?:?]
	at java.base/java.util.concurrent.CompletableFuture$Completion.run(CompletableFuture.java:482) ~[?:?]
	at TRANSFORMER/minecraft@1.21.1/net.minecraft.server.packs.resources.SimpleReloadInstance.lambda$new$3(SimpleReloadInstance.java:69) ~[server-1.21.1-20240808.144430-srg.jar%23444!/:?]
	at TRANSFORMER/minecraft@1.21.1/net.minecraft.Util.blockUntilDone(Util.java:872) ~[server-1.21.1-20240808.144430-srg.jar%23444!/:?]
	at TRANSFORMER/minecraft@1.21.1/net.minecraft.Util.blockUntilDone(Util.java:861) ~[server-1.21.1-20240808.144430-srg.jar%23444!/:?]
	at TRANSFORMER/minecraft@1.21.1/net.minecraft.server.Main.main(Main.java:204) ~[server-1.21.1-20240808.144430-srg.jar%23444!/:?]
	at java.base/jdk.internal.reflect.DirectMethodHandleAccessor.invoke(DirectMethodHandleAccessor.java:103) ~[?:?]
	at java.base/java.lang.reflect.Method.invoke(Method.java:580) ~[?:?]
	at MC-BOOTSTRAP/fml_loader@4.0.42/net.neoforged.fml.loading.targets.CommonLaunchHandler.runTarget(CommonLaunchHandler.java:136) ~[loader-4.0.42.jar%2359!/:4.0]
	at MC-BOOTSTRAP/fml_loader@4.0.42/net.neoforged.fml.loading.targets.CommonLaunchHandler.serverService(CommonLaunchHandler.java:128) ~[loader-4.0.42.jar%2359!/:4.0]
	at MC-BOOTSTRAP/fml_loader@4.0.42/net.neoforged.fml.loading.targets.CommonServerLaunchHandler.runService(CommonServerLaunchHandler.java:32) ~[loader-4.0.42.jar%2359!/:4.0]
	at MC-BOOTSTRAP/fml_loader@4.0.42/net.neoforged.fml.loading.targets.CommonLaunchHandler.lambda$launchService$4(CommonLaunchHandler.java:118) ~[loader-4.0.42.jar%2359!/:4.0]
	at MC-BOOTSTRAP/cpw.mods.modlauncher@11.0.5/cpw.mods.modlauncher.LaunchServiceHandlerDecorator.launch(LaunchServiceHandlerDecorator.java:30) [modlauncher-11.0.5.jar%2364!/:?]
	at MC-BOOTSTRAP/cpw.mods.modlauncher@11.0.5/cpw.mods.modlauncher.LaunchServiceHandler.launch(LaunchServiceHandler.java:53) [modlauncher-11.0.5.jar%2364!/:?]
	at MC-BOOTSTRAP/cpw.mods.modlauncher@11.0.5/cpw.mods.modlauncher.LaunchServiceHandler.launch(LaunchServiceHandler.java:71) [modlauncher-11.0.5.jar%2364!/:?]
	at MC-BOOTSTRAP/cpw.mods.modlauncher@11.0.5/cpw.mods.modlauncher.Launcher.run(Launcher.java:103) [modlauncher-11.0.5.jar%2364!/:?]
	at MC-BOOTSTRAP/cpw.mods.modlauncher@11.0.5/cpw.mods.modlauncher.Launcher.main(Launcher.java:74) [modlauncher-11.0.5.jar%2364!/:?]
	at MC-BOOTSTRAP/cpw.mods.modlauncher@11.0.5/cpw.mods.modlauncher.BootstrapLaunchConsumer.accept(BootstrapLaunchConsumer.java:26) [modlauncher-11.0.5.jar%2364!/:?]
	at MC-BOOTSTRAP/cpw.mods.modlauncher@11.0.5/cpw.mods.modlauncher.BootstrapLaunchConsumer.accept(BootstrapLaunchConsumer.java:23) [modlauncher-11.0.5.jar%2364!/:?]
	at cpw.mods.bootstraplauncher@2.0.2/cpw.mods.bootstraplauncher.BootstrapLauncher.run(BootstrapLauncher.java:210) [bootstraplauncher-2.0.2.jar:?]
	at cpw.mods.bootstraplauncher@2.0.2/cpw.mods.bootstraplauncher.BootstrapLauncher.main(BootstrapLauncher.java:69) [bootstraplauncher-2.0.2.jar:?]
[04Apr2026 00:41:34.009] [main/ERROR] [net.minecraft.world.item.crafting.RecipeManager/]: Parsing error loading recipe cataclysm_spellbooks:engineers_power_glove
com.google.gson.JsonParseException: Unknown registry key in ResourceKey[minecraft:root / minecraft:item]: cataclysm_spellbooks:engineers_power_glove
	at MC-BOOTSTRAP/datafixerupper@8.0.16/com.mojang.serialization.DataResult$Error.getOrThrow(DataResult.java:287) ~[datafixerupper-8.0.16.jar%23100!/:?]
	at TRANSFORMER/minecraft@1.21.1/net.minecraft.world.item.crafting.RecipeManager.apply(RecipeManager.java:60) ~[server-1.21.1-20240808.144430-srg.jar%23444!/:?]
	at TRANSFORMER/minecraft@1.21.1/net.minecraft.world.item.crafting.RecipeManager.apply(RecipeManager.java:36) ~[server-1.21.1-20240808.144430-srg.jar%23444!/:?]
	at TRANSFORMER/minecraft@1.21.1/net.minecraft.server.packs.resources.SimplePreparableReloadListener.lambda$reload$1(SimplePreparableReloadListener.java:19) ~[server-1.21.1-20240808.144430-srg.jar%23444!/:?]
	at java.base/java.util.concurrent.CompletableFuture$UniAccept.tryFire(CompletableFuture.java:718) ~[?:?]
	at java.base/java.util.concurrent.CompletableFuture$Completion.run(CompletableFuture.java:482) ~[?:?]
	at TRANSFORMER/minecraft@1.21.1/net.minecraft.server.packs.resources.SimpleReloadInstance.lambda$new$3(SimpleReloadInstance.java:69) ~[server-1.21.1-20240808.144430-srg.jar%23444!/:?]
	at TRANSFORMER/minecraft@1.21.1/net.minecraft.Util.blockUntilDone(Util.java:872) ~[server-1.21.1-20240808.144430-srg.jar%23444!/:?]
	at TRANSFORMER/minecraft@1.21.1/net.minecraft.Util.blockUntilDone(Util.java:861) ~[server-1.21.1-20240808.144430-srg.jar%23444!/:?]
	at TRANSFORMER/minecraft@1.21.1/net.minecraft.server.Main.main(Main.java:204) ~[server-1.21.1-20240808.144430-srg.jar%23444!/:?]
	at java.base/jdk.internal.reflect.DirectMethodHandleAccessor.invoke(DirectMethodHandleAccessor.java:103) ~[?:?]
	at java.base/java.lang.reflect.Method.invoke(Method.java:580) ~[?:?]
	at MC-BOOTSTRAP/fml_loader@4.0.42/net.neoforged.fml.loading.targets.CommonLaunchHandler.runTarget(CommonLaunchHandler.java:136) ~[loader-4.0.42.jar%2359!/:4.0]
	at MC-BOOTSTRAP/fml_loader@4.0.42/net.neoforged.fml.loading.targets.CommonLaunchHandler.serverService(CommonLaunchHandler.java:128) ~[loader-4.0.42.jar%2359!/:4.0]
	at MC-BOOTSTRAP/fml_loader@4.0.42/net.neoforged.fml.loading.targets.CommonServerLaunchHandler.runService(CommonServerLaunchHandler.java:32) ~[loader-4.0.42.jar%2359!/:4.0]
	at MC-BOOTSTRAP/fml_loader@4.0.42/net.neoforged.fml.loading.targets.CommonLaunchHandler.lambda$launchService$4(CommonLaunchHandler.java:118) ~[loader-4.0.42.jar%2359!/:4.0]
	at MC-BOOTSTRAP/cpw.mods.modlauncher@11.0.5/cpw.mods.modlauncher.LaunchServiceHandlerDecorator.launch(LaunchServiceHandlerDecorator.java:30) [modlauncher-11.0.5.jar%2364!/:?]
	at MC-BOOTSTRAP/cpw.mods.modlauncher@11.0.5/cpw.mods.modlauncher.LaunchServiceHandler.launch(LaunchServiceHandler.java:53) [modlauncher-11.0.5.jar%2364!/:?]
	at MC-BOOTSTRAP/cpw.mods.modlauncher@11.0.5/cpw.mods.modlauncher.LaunchServiceHandler.launch(LaunchServiceHandler.java:71) [modlauncher-11.0.5.jar%2364!/:?]
	at MC-BOOTSTRAP/cpw.mods.modlauncher@11.0.5/cpw.mods.modlauncher.Launcher.run(Launcher.java:103) [modlauncher-11.0.5.jar%2364!/:?]
	at MC-BOOTSTRAP/cpw.mods.modlauncher@11.0.5/cpw.mods.modlauncher.Launcher.main(Launcher.java:74) [modlauncher-11.0.5.jar%2364!/:?]
	at MC-BOOTSTRAP/cpw.mods.modlauncher@11.0.5/cpw.mods.modlauncher.BootstrapLaunchConsumer.accept(BootstrapLaunchConsumer.java:26) [modlauncher-11.0.5.jar%2364!/:?]
	at MC-BOOTSTRAP/cpw.mods.modlauncher@11.0.5/cpw.mods.modlauncher.BootstrapLaunchConsumer.accept(BootstrapLaunchConsumer.java:23) [modlauncher-11.0.5.jar%2364!/:?]
	at cpw.mods.bootstraplauncher@2.0.2/cpw.mods.bootstraplauncher.BootstrapLauncher.run(BootstrapLauncher.java:210) [bootstraplauncher-2.0.2.jar:?]
	at cpw.mods.bootstraplauncher@2.0.2/cpw.mods.bootstraplauncher.BootstrapLauncher.main(BootstrapLauncher.java:69) [bootstraplauncher-2.0.2.jar:?]
[04Apr2026 00:41:34.033] [main/ERROR] [net.minecraft.world.item.crafting.RecipeManager/]: Parsing error loading recipe cataclysm_spellbooks:the_subjugator_upgrade
com.google.gson.JsonParseException: Unknown registry key in ResourceKey[minecraft:root / minecraft:item]: cataclysm_spellbooks:gauntlet_of_gattling; Failed to parse either. First: Not a json array: {"item":"cataclysm_spellbooks:gauntlet_of_power"}; Second: No key tag in MapLike[{"item":"cataclysm_spellbooks:gauntlet_of_power"}]; Unknown registry key in ResourceKey[minecraft:root / minecraft:item]: cataclysm_spellbooks:gauntlet_of_power
	at MC-BOOTSTRAP/datafixerupper@8.0.16/com.mojang.serialization.DataResult$Error.getOrThrow(DataResult.java:287) ~[datafixerupper-8.0.16.jar%23100!/:?]
	at TRANSFORMER/minecraft@1.21.1/net.minecraft.world.item.crafting.RecipeManager.apply(RecipeManager.java:60) ~[server-1.21.1-20240808.144430-srg.jar%23444!/:?]
	at TRANSFORMER/minecraft@1.21.1/net.minecraft.world.item.crafting.RecipeManager.apply(RecipeManager.java:36) ~[server-1.21.1-20240808.144430-srg.jar%23444!/:?]
	at TRANSFORMER/minecraft@1.21.1/net.minecraft.server.packs.resources.SimplePreparableReloadListener.lambda$reload$1(SimplePreparableReloadListener.java:19) ~[server-1.21.1-20240808.144430-srg.jar%23444!/:?]
	at java.base/java.util.concurrent.CompletableFuture$UniAccept.tryFire(CompletableFuture.java:718) ~[?:?]
	at java.base/java.util.concurrent.CompletableFuture$Completion.run(CompletableFuture.java:482) ~[?:?]
	at TRANSFORMER/minecraft@1.21.1/net.minecraft.server.packs.resources.SimpleReloadInstance.lambda$new$3(SimpleReloadInstance.java:69) ~[server-1.21.1-20240808.144430-srg.jar%23444!/:?]
	at TRANSFORMER/minecraft@1.21.1/net.minecraft.Util.blockUntilDone(Util.java:872) ~[server-1.21.1-20240808.144430-srg.jar%23444!/:?]
	at TRANSFORMER/minecraft@1.21.1/net.minecraft.Util.blockUntilDone(Util.java:861) ~[server-1.21.1-20240808.144430-srg.jar%23444!/:?]
	at TRANSFORMER/minecraft@1.21.1/net.minecraft.server.Main.main(Main.java:204) ~[server-1.21.1-20240808.144430-srg.jar%23444!/:?]
	at java.base/jdk.internal.reflect.DirectMethodHandleAccessor.invoke(DirectMethodHandleAccessor.java:103) ~[?:?]
	at java.base/java.lang.reflect.Method.invoke(Method.java:580) ~[?:?]
	at MC-BOOTSTRAP/fml_loader@4.0.42/net.neoforged.fml.loading.targets.CommonLaunchHandler.runTarget(CommonLaunchHandler.java:136) ~[loader-4.0.42.jar%2359!/:4.0]
	at MC-BOOTSTRAP/fml_loader@4.0.42/net.neoforged.fml.loading.targets.CommonLaunchHandler.serverService(CommonLaunchHandler.java:128) ~[loader-4.0.42.jar%2359!/:4.0]
	at MC-BOOTSTRAP/fml_loader@4.0.42/net.neoforged.fml.loading.targets.CommonServerLaunchHandler.runService(CommonServerLaunchHandler.java:32) ~[loader-4.0.42.jar%2359!/:4.0]
	at MC-BOOTSTRAP/fml_loader@4.0.42/net.neoforged.fml.loading.targets.CommonLaunchHandler.lambda$launchService$4(CommonLaunchHandler.java:118) ~[loader-4.0.42.jar%2359!/:4.0]
	at MC-BOOTSTRAP/cpw.mods.modlauncher@11.0.5/cpw.mods.modlauncher.LaunchServiceHandlerDecorator.launch(LaunchServiceHandlerDecorator.java:30) [modlauncher-11.0.5.jar%2364!/:?]
	at MC-BOOTSTRAP/cpw.mods.modlauncher@11.0.5/cpw.mods.modlauncher.LaunchServiceHandler.launch(LaunchServiceHandler.java:53) [modlauncher-11.0.5.jar%2364!/:?]
	at MC-BOOTSTRAP/cpw.mods.modlauncher@11.0.5/cpw.mods.modlauncher.LaunchServiceHandler.launch(LaunchServiceHandler.java:71) [modlauncher-11.0.5.jar%2364!/:?]
	at MC-BOOTSTRAP/cpw.mods.modlauncher@11.0.5/cpw.mods.modlauncher.Launcher.run(Launcher.java:103) [modlauncher-11.0.5.jar%2364!/:?]
	at MC-BOOTSTRAP/cpw.mods.modlauncher@11.0.5/cpw.mods.modlauncher.Launcher.main(Launcher.java:74) [modlauncher-11.0.5.jar%2364!/:?]
	at MC-BOOTSTRAP/cpw.mods.modlauncher@11.0.5/cpw.mods.modlauncher.BootstrapLaunchConsumer.accept(BootstrapLaunchConsumer.java:26) [modlauncher-11.0.5.jar%2364!/:?]
	at MC-BOOTSTRAP/cpw.mods.modlauncher@11.0.5/cpw.mods.modlauncher.BootstrapLaunchConsumer.accept(BootstrapLaunchConsumer.java:23) [modlauncher-11.0.5.jar%2364!/:?]
	at cpw.mods.bootstraplauncher@2.0.2/cpw.mods.bootstraplauncher.BootstrapLauncher.run(BootstrapLauncher.java:210) [bootstraplauncher-2.0.2.jar:?]
	at cpw.mods.bootstraplauncher@2.0.2/cpw.mods.bootstraplauncher.BootstrapLauncher.main(BootstrapLauncher.java:69) [bootstraplauncher-2.0.2.jar:?]
[04Apr2026 00:41:34.039] [main/ERROR] [net.minecraft.world.item.crafting.RecipeManager/]: Parsing error loading recipe cataclysm_spellbooks:mechanical_brace
com.google.gson.JsonParseException: Unknown registry key in ResourceKey[minecraft:root / minecraft:item]: cataclysm_spellbooks:mechanical_brace; Failed to parse either. First: Not a json array: {"item":"cataclysm_spellbooks:mechanical_scrap"}; Second: No key tag in MapLike[{"item":"cataclysm_spellbooks:mechanical_scrap"}]; Unknown registry key in ResourceKey[minecraft:root / minecraft:item]: cataclysm_spellbooks:mechanical_scrap
	at MC-BOOTSTRAP/datafixerupper@8.0.16/com.mojang.serialization.DataResult$Error.getOrThrow(DataResult.java:287) ~[datafixerupper-8.0.16.jar%23100!/:?]
	at TRANSFORMER/minecraft@1.21.1/net.minecraft.world.item.crafting.RecipeManager.apply(RecipeManager.java:60) ~[server-1.21.1-20240808.144430-srg.jar%23444!/:?]
	at TRANSFORMER/minecraft@1.21.1/net.minecraft.world.item.crafting.RecipeManager.apply(RecipeManager.java:36) ~[server-1.21.1-20240808.144430-srg.jar%23444!/:?]
	at TRANSFORMER/minecraft@1.21.1/net.minecraft.server.packs.resources.SimplePreparableReloadListener.lambda$reload$1(SimplePreparableReloadListener.java:19) ~[server-1.21.1-20240808.144430-srg.jar%23444!/:?]
	at java.base/java.util.concurrent.CompletableFuture$UniAccept.tryFire(CompletableFuture.java:718) ~[?:?]
	at java.base/java.util.concurrent.CompletableFuture$Completion.run(CompletableFuture.java:482) ~[?:?]
	at TRANSFORMER/minecraft@1.21.1/net.minecraft.server.packs.resources.SimpleReloadInstance.lambda$new$3(SimpleReloadInstance.java:69) ~[server-1.21.1-20240808.144430-srg.jar%23444!/:?]
	at TRANSFORMER/minecraft@1.21.1/net.minecraft.Util.blockUntilDone(Util.java:872) ~[server-1.21.1-20240808.144430-srg.jar%23444!/:?]
	at TRANSFORMER/minecraft@1.21.1/net.minecraft.Util.blockUntilDone(Util.java:861) ~[server-1.21.1-20240808.144430-srg.jar%23444!/:?]
	at TRANSFORMER/minecraft@1.21.1/net.minecraft.server.Main.main(Main.java:204) ~[server-1.21.1-20240808.144430-srg.jar%23444!/:?]
	at java.base/jdk.internal.reflect.DirectMethodHandleAccessor.invoke(DirectMethodHandleAccessor.java:103) ~[?:?]
	at java.base/java.lang.reflect.Method.invoke(Method.java:580) ~[?:?]
	at MC-BOOTSTRAP/fml_loader@4.0.42/net.neoforged.fml.loading.targets.CommonLaunchHandler.runTarget(CommonLaunchHandler.java:136) ~[loader-4.0.42.jar%2359!/:4.0]
	at MC-BOOTSTRAP/fml_loader@4.0.42/net.neoforged.fml.loading.targets.CommonLaunchHandler.serverService(CommonLaunchHandler.java:128) ~[loader-4.0.42.jar%2359!/:4.0]
	at MC-BOOTSTRAP/fml_loader@4.0.42/net.neoforged.fml.loading.targets.CommonServerLaunchHandler.runService(CommonServerLaunchHandler.java:32) ~[loader-4.0.42.jar%2359!/:4.0]
	at MC-BOOTSTRAP/fml_loader@4.0.42/net.neoforged.fml.loading.targets.CommonLaunchHandler.lambda$launchService$4(CommonLaunchHandler.java:118) ~[loader-4.0.42.jar%2359!/:4.0]
	at MC-BOOTSTRAP/cpw.mods.modlauncher@11.0.5/cpw.mods.modlauncher.LaunchServiceHandlerDecorator.launch(LaunchServiceHandlerDecorator.java:30) [modlauncher-11.0.5.jar%2364!/:?]
	at MC-BOOTSTRAP/cpw.mods.modlauncher@11.0.5/cpw.mods.modlauncher.LaunchServiceHandler.launch(LaunchServiceHandler.java:53) [modlauncher-11.0.5.jar%2364!/:?]
	at MC-BOOTSTRAP/cpw.mods.modlauncher@11.0.5/cpw.mods.modlauncher.LaunchServiceHandler.launch(LaunchServiceHandler.java:71) [modlauncher-11.0.5.jar%2364!/:?]
	at MC-BOOTSTRAP/cpw.mods.modlauncher@11.0.5/cpw.mods.modlauncher.Launcher.run(Launcher.java:103) [modlauncher-11.0.5.jar%2364!/:?]
	at MC-BOOTSTRAP/cpw.mods.modlauncher@11.0.5/cpw.mods.modlauncher.Launcher.main(Launcher.java:74) [modlauncher-11.0.5.jar%2364!/:?]
	at MC-BOOTSTRAP/cpw.mods.modlauncher@11.0.5/cpw.mods.modlauncher.BootstrapLaunchConsumer.accept(BootstrapLaunchConsumer.java:26) [modlauncher-11.0.5.jar%2364!/:?]
	at MC-BOOTSTRAP/cpw.mods.modlauncher@11.0.5/cpw.mods.modlauncher.BootstrapLaunchConsumer.accept(BootstrapLaunchConsumer.java:23) [modlauncher-11.0.5.jar%2364!/:?]
	at cpw.mods.bootstraplauncher@2.0.2/cpw.mods.bootstraplauncher.BootstrapLauncher.run(BootstrapLauncher.java:210) [bootstraplauncher-2.0.2.jar:?]
	at cpw.mods.bootstraplauncher@2.0.2/cpw.mods.bootstraplauncher.BootstrapLauncher.main(BootstrapLauncher.java:69) [bootstraplauncher-2.0.2.jar:?]
[04Apr2026 00:41:34.041] [main/ERROR] [net.minecraft.world.item.crafting.RecipeManager/]: Parsing error loading recipe cataclysm_spellbooks:smithing/excelsius_speed_chestplate_upgrade
com.google.gson.JsonParseException: Failed to parse either. First: Not a json array: {"item":"cataclysm_spellbooks:excel_upgrade_cooldown"}; Second: No key tag in MapLike[{"item":"cataclysm_spellbooks:excel_upgrade_cooldown"}]; Unknown registry key in ResourceKey[minecraft:root / minecraft:item]: cataclysm_spellbooks:excel_upgrade_cooldown
	at MC-BOOTSTRAP/datafixerupper@8.0.16/com.mojang.serialization.DataResult$Error.getOrThrow(DataResult.java:287) ~[datafixerupper-8.0.16.jar%23100!/:?]
	at TRANSFORMER/minecraft@1.21.1/net.minecraft.world.item.crafting.RecipeManager.apply(RecipeManager.java:60) ~[server-1.21.1-20240808.144430-srg.jar%23444!/:?]
	at TRANSFORMER/minecraft@1.21.1/net.minecraft.world.item.crafting.RecipeManager.apply(RecipeManager.java:36) ~[server-1.21.1-20240808.144430-srg.jar%23444!/:?]
	at TRANSFORMER/minecraft@1.21.1/net.minecraft.server.packs.resources.SimplePreparableReloadListener.lambda$reload$1(SimplePreparableReloadListener.java:19) ~[server-1.21.1-20240808.144430-srg.jar%23444!/:?]
	at java.base/java.util.concurrent.CompletableFuture$UniAccept.tryFire(CompletableFuture.java:718) ~[?:?]
	at java.base/java.util.concurrent.CompletableFuture$Completion.run(CompletableFuture.java:482) ~[?:?]
	at TRANSFORMER/minecraft@1.21.1/net.minecraft.server.packs.resources.SimpleReloadInstance.lambda$new$3(SimpleReloadInstance.java:69) ~[server-1.21.1-20240808.144430-srg.jar%23444!/:?]
	at TRANSFORMER/minecraft@1.21.1/net.minecraft.Util.blockUntilDone(Util.java:872) ~[server-1.21.1-20240808.144430-srg.jar%23444!/:?]
	at TRANSFORMER/minecraft@1.21.1/net.minecraft.Util.blockUntilDone(Util.java:861) ~[server-1.21.1-20240808.144430-srg.jar%23444!/:?]
	at TRANSFORMER/minecraft@1.21.1/net.minecraft.server.Main.main(Main.java:204) ~[server-1.21.1-20240808.144430-srg.jar%23444!/:?]
	at java.base/jdk.internal.reflect.DirectMethodHandleAccessor.invoke(DirectMethodHandleAccessor.java:103) ~[?:?]
	at java.base/java.lang.reflect.Method.invoke(Method.java:580) ~[?:?]
	at MC-BOOTSTRAP/fml_loader@4.0.42/net.neoforged.fml.loading.targets.CommonLaunchHandler.runTarget(CommonLaunchHandler.java:136) ~[loader-4.0.42.jar%2359!/:4.0]
	at MC-BOOTSTRAP/fml_loader@4.0.42/net.neoforged.fml.loading.targets.CommonLaunchHandler.serverService(CommonLaunchHandler.java:128) ~[loader-4.0.42.jar%2359!/:4.0]
	at MC-BOOTSTRAP/fml_loader@4.0.42/net.neoforged.fml.loading.targets.CommonServerLaunchHandler.runService(CommonServerLaunchHandler.java:32) ~[loader-4.0.42.jar%2359!/:4.0]
	at MC-BOOTSTRAP/fml_loader@4.0.42/net.neoforged.fml.loading.targets.CommonLaunchHandler.lambda$launchService$4(CommonLaunchHandler.java:118) ~[loader-4.0.42.jar%2359!/:4.0]
	at MC-BOOTSTRAP/cpw.mods.modlauncher@11.0.5/cpw.mods.modlauncher.LaunchServiceHandlerDecorator.launch(LaunchServiceHandlerDecorator.java:30) [modlauncher-11.0.5.jar%2364!/:?]
	at MC-BOOTSTRAP/cpw.mods.modlauncher@11.0.5/cpw.mods.modlauncher.LaunchServiceHandler.launch(LaunchServiceHandler.java:53) [modlauncher-11.0.5.jar%2364!/:?]
	at MC-BOOTSTRAP/cpw.mods.modlauncher@11.0.5/cpw.mods.modlauncher.LaunchServiceHandler.launch(LaunchServiceHandler.java:71) [modlauncher-11.0.5.jar%2364!/:?]
	at MC-BOOTSTRAP/cpw.mods.modlauncher@11.0.5/cpw.mods.modlauncher.Launcher.run(Launcher.java:103) [modlauncher-11.0.5.jar%2364!/:?]
	at MC-BOOTSTRAP/cpw.mods.modlauncher@11.0.5/cpw.mods.modlauncher.Launcher.main(Launcher.java:74) [modlauncher-11.0.5.jar%2364!/:?]
	at MC-BOOTSTRAP/cpw.mods.modlauncher@11.0.5/cpw.mods.modlauncher.BootstrapLaunchConsumer.accept(BootstrapLaunchConsumer.java:26) [modlauncher-11.0.5.jar%2364!/:?]
	at MC-BOOTSTRAP/cpw.mods.modlauncher@11.0.5/cpw.mods.modlauncher.BootstrapLaunchConsumer.accept(BootstrapLaunchConsumer.java:23) [modlauncher-11.0.5.jar%2364!/:?]
	at cpw.mods.bootstraplauncher@2.0.2/cpw.mods.bootstraplauncher.BootstrapLauncher.run(BootstrapLauncher.java:210) [bootstraplauncher-2.0.2.jar:?]
	at cpw.mods.bootstraplauncher@2.0.2/cpw.mods.bootstraplauncher.BootstrapLauncher.main(BootstrapLauncher.java:69) [bootstraplauncher-2.0.2.jar:?]
[04Apr2026 00:41:34.043] [main/ERROR] [net.minecraft.world.item.crafting.RecipeManager/]: Parsing error loading recipe create:milling/compat/biomeswevegone/purple_rose
com.google.gson.JsonParseException: Failed to parse either. First: Failed to parse either. First: No key tag in MapLike[{"item":"biomeswevegone:purple_rose"}]; No key fluid in MapLike[{"item":"biomeswevegone:purple_rose"}]; Fluid ingredient cannot be empty, at least one item must be defined; No key children in MapLike[{"type":"neoforge:compound","ingredients":[{"item":"biomeswevegone:purple_rose"}]}]; Second: Failed to parse either. First: No key amount in MapLike[{"type":"neoforge:compound","ingredients":[{"item":"biomeswevegone:purple_rose"}]}]; No key fluid in MapLike[{"type":"neoforge:compound","ingredients":[{"item":"biomeswevegone:purple_rose"}]}]; Invalid Type: neoforge:compound; Second: No key amount in MapLike[{"type":"neoforge:compound","ingredients":[{"item":"biomeswevegone:purple_rose"}]}]; No key fluid_tag in MapLike[{"type":"neoforge:compound","ingredients":[{"item":"biomeswevegone:purple_rose"}]}]; Invalid Type: neoforge:compound; Second: Failed to parse either. First: Not a json array: {"type":"neoforge:compound","ingredients":[{"item":"biomeswevegone:purple_rose"}]}; Second: No key tag in MapLike[{"item":"biomeswevegone:purple_rose"}]; Unknown registry key in ResourceKey[minecraft:root / minecraft:item]: biomeswevegone:purple_rose; Item array cannot be empty, at least one item must be defined; No key children in MapLike[{"type":"neoforge:compound","ingredients":[{"item":"biomeswevegone:purple_rose"}]}]
	at MC-BOOTSTRAP/datafixerupper@8.0.16/com.mojang.serialization.DataResult$Error.getOrThrow(DataResult.java:287) ~[datafixerupper-8.0.16.jar%23100!/:?]
	at TRANSFORMER/minecraft@1.21.1/net.minecraft.world.item.crafting.RecipeManager.apply(RecipeManager.java:60) ~[server-1.21.1-20240808.144430-srg.jar%23444!/:?]
	at TRANSFORMER/minecraft@1.21.1/net.minecraft.world.item.crafting.RecipeManager.apply(RecipeManager.java:36) ~[server-1.21.1-20240808.144430-srg.jar%23444!/:?]
	at TRANSFORMER/minecraft@1.21.1/net.minecraft.server.packs.resources.SimplePreparableReloadListener.lambda$reload$1(SimplePreparableReloadListener.java:19) ~[server-1.21.1-20240808.144430-srg.jar%23444!/:?]
	at java.base/java.util.concurrent.CompletableFuture$UniAccept.tryFire(CompletableFuture.java:718) ~[?:?]
	at java.base/java.util.concurrent.CompletableFuture$Completion.run(CompletableFuture.java:482) ~[?:?]
	at TRANSFORMER/minecraft@1.21.1/net.minecraft.server.packs.resources.SimpleReloadInstance.lambda$new$3(SimpleReloadInstance.java:69) ~[server-1.21.1-20240808.144430-srg.jar%23444!/:?]
	at TRANSFORMER/minecraft@1.21.1/net.minecraft.Util.blockUntilDone(Util.java:872) ~[server-1.21.1-20240808.144430-srg.jar%23444!/:?]
	at TRANSFORMER/minecraft@1.21.1/net.minecraft.Util.blockUntilDone(Util.java:861) ~[server-1.21.1-20240808.144430-srg.jar%23444!/:?]
	at TRANSFORMER/minecraft@1.21.1/net.minecraft.server.Main.main(Main.java:204) ~[server-1.21.1-20240808.144430-srg.jar%23444!/:?]
	at java.base/jdk.internal.reflect.DirectMethodHandleAccessor.invoke(DirectMethodHandleAccessor.java:103) ~[?:?]
	at java.base/java.lang.reflect.Method.invoke(Method.java:580) ~[?:?]
	at MC-BOOTSTRAP/fml_loader@4.0.42/net.neoforged.fml.loading.targets.CommonLaunchHandler.runTarget(CommonLaunchHandler.java:136) ~[loader-4.0.42.jar%2359!/:4.0]
	at MC-BOOTSTRAP/fml_loader@4.0.42/net.neoforged.fml.loading.targets.CommonLaunchHandler.serverService(CommonLaunchHandler.java:128) ~[loader-4.0.42.jar%2359!/:4.0]
	at MC-BOOTSTRAP/fml_loader@4.0.42/net.neoforged.fml.loading.targets.CommonServerLaunchHandler.runService(CommonServerLaunchHandler.java:32) ~[loader-4.0.42.jar%2359!/:4.0]
	at MC-BOOTSTRAP/fml_loader@4.0.42/net.neoforged.fml.loading.targets.CommonLaunchHandler.lambda$launchService$4(CommonLaunchHandler.java:118) ~[loader-4.0.42.jar%2359!/:4.0]
	at MC-BOOTSTRAP/cpw.mods.modlauncher@11.0.5/cpw.mods.modlauncher.LaunchServiceHandlerDecorator.launch(LaunchServiceHandlerDecorator.java:30) [modlauncher-11.0.5.jar%2364!/:?]
	at MC-BOOTSTRAP/cpw.mods.modlauncher@11.0.5/cpw.mods.modlauncher.LaunchServiceHandler.launch(LaunchServiceHandler.java:53) [modlauncher-11.0.5.jar%2364!/:?]
	at MC-BOOTSTRAP/cpw.mods.modlauncher@11.0.5/cpw.mods.modlauncher.LaunchServiceHandler.launch(LaunchServiceHandler.java:71) [modlauncher-11.0.5.jar%2364!/:?]
	at MC-BOOTSTRAP/cpw.mods.modlauncher@11.0.5/cpw.mods.modlauncher.Launcher.run(Launcher.java:103) [modlauncher-11.0.5.jar%2364!/:?]
	at MC-BOOTSTRAP/cpw.mods.modlauncher@11.0.5/cpw.mods.modlauncher.Launcher.main(Launcher.java:74) [modlauncher-11.0.5.jar%2364!/:?]
	at MC-BOOTSTRAP/cpw.mods.modlauncher@11.0.5/cpw.mods.modlauncher.BootstrapLaunchConsumer.accept(BootstrapLaunchConsumer.java:26) [modlauncher-11.0.5.jar%2364!/:?]
	at MC-BOOTSTRAP/cpw.mods.modlauncher@11.0.5/cpw.mods.modlauncher.BootstrapLaunchConsumer.accept(BootstrapLaunchConsumer.java:23) [modlauncher-11.0.5.jar%2364!/:?]
	at cpw.mods.bootstraplauncher@2.0.2/cpw.mods.bootstraplauncher.BootstrapLauncher.run(BootstrapLauncher.java:210) [bootstraplauncher-2.0.2.jar:?]
	at cpw.mods.bootstraplauncher@2.0.2/cpw.mods.bootstraplauncher.BootstrapLauncher.main(BootstrapLauncher.java:69) [bootstraplauncher-2.0.2.jar:?]
[04Apr2026 00:41:34.049] [main/ERROR] [net.minecraft.world.item.crafting.RecipeManager/]: Parsing error loading recipe createdeco:placard
com.google.gson.JsonParseException: No key id in MapLike[{"item":"create:placard"}]
	at MC-BOOTSTRAP/datafixerupper@8.0.16/com.mojang.serialization.DataResult$Error.getOrThrow(DataResult.java:287) ~[datafixerupper-8.0.16.jar%23100!/:?]
	at TRANSFORMER/minecraft@1.21.1/net.minecraft.world.item.crafting.RecipeManager.apply(RecipeManager.java:60) ~[server-1.21.1-20240808.144430-srg.jar%23444!/:?]
	at TRANSFORMER/minecraft@1.21.1/net.minecraft.world.item.crafting.RecipeManager.apply(RecipeManager.java:36) ~[server-1.21.1-20240808.144430-srg.jar%23444!/:?]
	at TRANSFORMER/minecraft@1.21.1/net.minecraft.server.packs.resources.SimplePreparableReloadListener.lambda$reload$1(SimplePreparableReloadListener.java:19) ~[server-1.21.1-20240808.144430-srg.jar%23444!/:?]
	at java.base/java.util.concurrent.CompletableFuture$UniAccept.tryFire(CompletableFuture.java:718) ~[?:?]
	at java.base/java.util.concurrent.CompletableFuture$Completion.run(CompletableFuture.java:482) ~[?:?]
	at TRANSFORMER/minecraft@1.21.1/net.minecraft.server.packs.resources.SimpleReloadInstance.lambda$new$3(SimpleReloadInstance.java:69) ~[server-1.21.1-20240808.144430-srg.jar%23444!/:?]
	at TRANSFORMER/minecraft@1.21.1/net.minecraft.Util.blockUntilDone(Util.java:872) ~[server-1.21.1-20240808.144430-srg.jar%23444!/:?]
	at TRANSFORMER/minecraft@1.21.1/net.minecraft.Util.blockUntilDone(Util.java:861) ~[server-1.21.1-20240808.144430-srg.jar%23444!/:?]
	at TRANSFORMER/minecraft@1.21.1/net.minecraft.server.Main.main(Main.java:204) ~[server-1.21.1-20240808.144430-srg.jar%23444!/:?]
	at java.base/jdk.internal.reflect.DirectMethodHandleAccessor.invoke(DirectMethodHandleAccessor.java:103) ~[?:?]
	at java.base/java.lang.reflect.Method.invoke(Method.java:580) ~[?:?]
	at MC-BOOTSTRAP/fml_loader@4.0.42/net.neoforged.fml.loading.targets.CommonLaunchHandler.runTarget(CommonLaunchHandler.java:136) ~[loader-4.0.42.jar%2359!/:4.0]
	at MC-BOOTSTRAP/fml_loader@4.0.42/net.neoforged.fml.loading.targets.CommonLaunchHandler.serverService(CommonLaunchHandler.java:128) ~[loader-4.0.42.jar%2359!/:4.0]
	at MC-BOOTSTRAP/fml_loader@4.0.42/net.neoforged.fml.loading.targets.CommonServerLaunchHandler.runService(CommonServerLaunchHandler.java:32) ~[loader-4.0.42.jar%2359!/:4.0]
	at MC-BOOTSTRAP/fml_loader@4.0.42/net.neoforged.fml.loading.targets.CommonLaunchHandler.lambda$launchService$4(CommonLaunchHandler.java:118) ~[loader-4.0.42.jar%2359!/:4.0]
	at MC-BOOTSTRAP/cpw.mods.modlauncher@11.0.5/cpw.mods.modlauncher.LaunchServiceHandlerDecorator.launch(LaunchServiceHandlerDecorator.java:30) [modlauncher-11.0.5.jar%2364!/:?]
	at MC-BOOTSTRAP/cpw.mods.modlauncher@11.0.5/cpw.mods.modlauncher.LaunchServiceHandler.launch(LaunchServiceHandler.java:53) [modlauncher-11.0.5.jar%2364!/:?]
	at MC-BOOTSTRAP/cpw.mods.modlauncher@11.0.5/cpw.mods.modlauncher.LaunchServiceHandler.launch(LaunchServiceHandler.java:71) [modlauncher-11.0.5.jar%2364!/:?]
	at MC-BOOTSTRAP/cpw.mods.modlauncher@11.0.5/cpw.mods.modlauncher.Launcher.run(Launcher.java:103) [modlauncher-11.0.5.jar%2364!/:?]
	at MC-BOOTSTRAP/cpw.mods.modlauncher@11.0.5/cpw.mods.modlauncher.Launcher.main(Launcher.java:74) [modlauncher-11.0.5.jar%2364!/:?]
	at MC-BOOTSTRAP/cpw.mods.modlauncher@11.0.5/cpw.mods.modlauncher.BootstrapLaunchConsumer.accept(BootstrapLaunchConsumer.java:26) [modlauncher-11.0.5.jar%2364!/:?]
	at MC-BOOTSTRAP/cpw.mods.modlauncher@11.0.5/cpw.mods.modlauncher.BootstrapLaunchConsumer.accept(BootstrapLaunchConsumer.java:23) [modlauncher-11.0.5.jar%2364!/:?]
	at cpw.mods.bootstraplauncher@2.0.2/cpw.mods.bootstraplauncher.BootstrapLauncher.run(BootstrapLauncher.java:210) [bootstraplauncher-2.0.2.jar:?]
	at cpw.mods.bootstraplauncher@2.0.2/cpw.mods.bootstraplauncher.BootstrapLauncher.main(BootstrapLauncher.java:69) [bootstraplauncher-2.0.2.jar:?]
[04Apr2026 00:41:34.057] [main/ERROR] [net.minecraft.world.item.crafting.RecipeManager/]: Parsing error loading recipe cataclysm_spellbooks:frozen_tablet
com.google.gson.JsonParseException: Unknown registry key in ResourceKey[minecraft:root / minecraft:item]: cataclysm_spellbooks:frozen_tablet; Map entry 'f' : Failed to parse either. First: Not a json array: {"item":"cataclysm_spellbooks:frozen_knowledge_fragment"}; Second: No key tag in MapLike[{"item":"cataclysm_spellbooks:frozen_knowledge_fragment"}]; Unknown registry key in ResourceKey[minecraft:root / minecraft:item]: cataclysm_spellbooks:frozen_knowledge_fragment
	at MC-BOOTSTRAP/datafixerupper@8.0.16/com.mojang.serialization.DataResult$Error.getOrThrow(DataResult.java:287) ~[datafixerupper-8.0.16.jar%23100!/:?]
	at TRANSFORMER/minecraft@1.21.1/net.minecraft.world.item.crafting.RecipeManager.apply(RecipeManager.java:60) ~[server-1.21.1-20240808.144430-srg.jar%23444!/:?]
	at TRANSFORMER/minecraft@1.21.1/net.minecraft.world.item.crafting.RecipeManager.apply(RecipeManager.java:36) ~[server-1.21.1-20240808.144430-srg.jar%23444!/:?]
	at TRANSFORMER/minecraft@1.21.1/net.minecraft.server.packs.resources.SimplePreparableReloadListener.lambda$reload$1(SimplePreparableReloadListener.java:19) ~[server-1.21.1-20240808.144430-srg.jar%23444!/:?]
	at java.base/java.util.concurrent.CompletableFuture$UniAccept.tryFire(CompletableFuture.java:718) ~[?:?]
	at java.base/java.util.concurrent.CompletableFuture$Completion.run(CompletableFuture.java:482) ~[?:?]
	at TRANSFORMER/minecraft@1.21.1/net.minecraft.server.packs.resources.SimpleReloadInstance.lambda$new$3(SimpleReloadInstance.java:69) ~[server-1.21.1-20240808.144430-srg.jar%23444!/:?]
	at TRANSFORMER/minecraft@1.21.1/net.minecraft.Util.blockUntilDone(Util.java:872) ~[server-1.21.1-20240808.144430-srg.jar%23444!/:?]
	at TRANSFORMER/minecraft@1.21.1/net.minecraft.Util.blockUntilDone(Util.java:861) ~[server-1.21.1-20240808.144430-srg.jar%23444!/:?]
	at TRANSFORMER/minecraft@1.21.1/net.minecraft.server.Main.main(Main.java:204) ~[server-1.21.1-20240808.144430-srg.jar%23444!/:?]
	at java.base/jdk.internal.reflect.DirectMethodHandleAccessor.invoke(DirectMethodHandleAccessor.java:103) ~[?:?]
	at java.base/java.lang.reflect.Method.invoke(Method.java:580) ~[?:?]
	at MC-BOOTSTRAP/fml_loader@4.0.42/net.neoforged.fml.loading.targets.CommonLaunchHandler.runTarget(CommonLaunchHandler.java:136) ~[loader-4.0.42.jar%2359!/:4.0]
	at MC-BOOTSTRAP/fml_loader@4.0.42/net.neoforged.fml.loading.targets.CommonLaunchHandler.serverService(CommonLaunchHandler.java:128) ~[loader-4.0.42.jar%2359!/:4.0]
	at MC-BOOTSTRAP/fml_loader@4.0.42/net.neoforged.fml.loading.targets.CommonServerLaunchHandler.runService(CommonServerLaunchHandler.java:32) ~[loader-4.0.42.jar%2359!/:4.0]
	at MC-BOOTSTRAP/fml_loader@4.0.42/net.neoforged.fml.loading.targets.CommonLaunchHandler.lambda$launchService$4(CommonLaunchHandler.java:118) ~[loader-4.0.42.jar%2359!/:4.0]
	at MC-BOOTSTRAP/cpw.mods.modlauncher@11.0.5/cpw.mods.modlauncher.LaunchServiceHandlerDecorator.launch(LaunchServiceHandlerDecorator.java:30) [modlauncher-11.0.5.jar%2364!/:?]
	at MC-BOOTSTRAP/cpw.mods.modlauncher@11.0.5/cpw.mods.modlauncher.LaunchServiceHandler.launch(LaunchServiceHandler.java:53) [modlauncher-11.0.5.jar%2364!/:?]
	at MC-BOOTSTRAP/cpw.mods.modlauncher@11.0.5/cpw.mods.modlauncher.LaunchServiceHandler.launch(LaunchServiceHandler.java:71) [modlauncher-11.0.5.jar%2364!/:?]
	at MC-BOOTSTRAP/cpw.mods.modlauncher@11.0.5/cpw.mods.modlauncher.Launcher.run(Launcher.java:103) [modlauncher-11.0.5.jar%2364!/:?]
	at MC-BOOTSTRAP/cpw.mods.modlauncher@11.0.5/cpw.mods.modlauncher.Launcher.main(Launcher.java:74) [modlauncher-11.0.5.jar%2364!/:?]
	at MC-BOOTSTRAP/cpw.mods.modlauncher@11.0.5/cpw.mods.modlauncher.BootstrapLaunchConsumer.accept(BootstrapLaunchConsumer.java:26) [modlauncher-11.0.5.jar%2364!/:?]
	at MC-BOOTSTRAP/cpw.mods.modlauncher@11.0.5/cpw.mods.modlauncher.BootstrapLaunchConsumer.accept(BootstrapLaunchConsumer.java:23) [modlauncher-11.0.5.jar%2364!/:?]
	at cpw.mods.bootstraplauncher@2.0.2/cpw.mods.bootstraplauncher.BootstrapLauncher.run(BootstrapLauncher.java:210) [bootstraplauncher-2.0.2.jar:?]
	at cpw.mods.bootstraplauncher@2.0.2/cpw.mods.bootstraplauncher.BootstrapLauncher.main(BootstrapLauncher.java:69) [bootstraplauncher-2.0.2.jar:?]
[04Apr2026 00:41:34.062] [NeoForge Version Check/INFO] [net.neoforged.fml.VersionChecker/]: [enderstorage] Found status: UP_TO_DATE Current: 2.13.0.191 Target: null
[04Apr2026 00:41:34.062] [NeoForge Version Check/INFO] [net.neoforged.fml.VersionChecker/]: [moonlight] Starting version check at https://api.modrinth.com/updates/moonlight/neoforge_updates.json
[04Apr2026 00:41:34.064] [main/ERROR] [net.minecraft.world.item.crafting.RecipeManager/]: Parsing error loading recipe create:pressing/compat/biomeswevegone/lush_grass_path
com.google.gson.JsonParseException: Failed to parse either. First: Failed to parse either. First: No key tag in MapLike[{"item":"biomeswevegone:lush_grass"}]; No key fluid in MapLike[{"item":"biomeswevegone:lush_grass"}]; Fluid ingredient cannot be empty, at least one item must be defined; No key children in MapLike[{"type":"neoforge:compound","ingredients":[{"item":"biomeswevegone:lush_grass"}]}]; Second: Failed to parse either. First: No key amount in MapLike[{"type":"neoforge:compound","ingredients":[{"item":"biomeswevegone:lush_grass"}]}]; No key fluid in MapLike[{"type":"neoforge:compound","ingredients":[{"item":"biomeswevegone:lush_grass"}]}]; Invalid Type: neoforge:compound; Second: No key amount in MapLike[{"type":"neoforge:compound","ingredients":[{"item":"biomeswevegone:lush_grass"}]}]; No key fluid_tag in MapLike[{"type":"neoforge:compound","ingredients":[{"item":"biomeswevegone:lush_grass"}]}]; Invalid Type: neoforge:compound; Second: Failed to parse either. First: Not a json array: {"type":"neoforge:compound","ingredients":[{"item":"biomeswevegone:lush_grass"}]}; Second: No key tag in MapLike[{"item":"biomeswevegone:lush_grass"}]; Unknown registry key in ResourceKey[minecraft:root / minecraft:item]: biomeswevegone:lush_grass; Item array cannot be empty, at least one item must be defined; No key children in MapLike[{"type":"neoforge:compound","ingredients":[{"item":"biomeswevegone:lush_grass"}]}]
	at MC-BOOTSTRAP/datafixerupper@8.0.16/com.mojang.serialization.DataResult$Error.getOrThrow(DataResult.java:287) ~[datafixerupper-8.0.16.jar%23100!/:?]
	at TRANSFORMER/minecraft@1.21.1/net.minecraft.world.item.crafting.RecipeManager.apply(RecipeManager.java:60) ~[server-1.21.1-20240808.144430-srg.jar%23444!/:?]
	at TRANSFORMER/minecraft@1.21.1/net.minecraft.world.item.crafting.RecipeManager.apply(RecipeManager.java:36) ~[server-1.21.1-20240808.144430-srg.jar%23444!/:?]
	at TRANSFORMER/minecraft@1.21.1/net.minecraft.server.packs.resources.SimplePreparableReloadListener.lambda$reload$1(SimplePreparableReloadListener.java:19) ~[server-1.21.1-20240808.144430-srg.jar%23444!/:?]
	at java.base/java.util.concurrent.CompletableFuture$UniAccept.tryFire(CompletableFuture.java:718) ~[?:?]
	at java.base/java.util.concurrent.CompletableFuture$Completion.run(CompletableFuture.java:482) ~[?:?]
	at TRANSFORMER/minecraft@1.21.1/net.minecraft.server.packs.resources.SimpleReloadInstance.lambda$new$3(SimpleReloadInstance.java:69) ~[server-1.21.1-20240808.144430-srg.jar%23444!/:?]
	at TRANSFORMER/minecraft@1.21.1/net.minecraft.Util.blockUntilDone(Util.java:872) ~[server-1.21.1-20240808.144430-srg.jar%23444!/:?]
	at TRANSFORMER/minecraft@1.21.1/net.minecraft.Util.blockUntilDone(Util.java:861) ~[server-1.21.1-20240808.144430-srg.jar%23444!/:?]
	at TRANSFORMER/minecraft@1.21.1/net.minecraft.server.Main.main(Main.java:204) ~[server-1.21.1-20240808.144430-srg.jar%23444!/:?]
	at java.base/jdk.internal.reflect.DirectMethodHandleAccessor.invoke(DirectMethodHandleAccessor.java:103) ~[?:?]
	at java.base/java.lang.reflect.Method.invoke(Method.java:580) ~[?:?]
	at MC-BOOTSTRAP/fml_loader@4.0.42/net.neoforged.fml.loading.targets.CommonLaunchHandler.runTarget(CommonLaunchHandler.java:136) ~[loader-4.0.42.jar%2359!/:4.0]
	at MC-BOOTSTRAP/fml_loader@4.0.42/net.neoforged.fml.loading.targets.CommonLaunchHandler.serverService(CommonLaunchHandler.java:128) ~[loader-4.0.42.jar%2359!/:4.0]
	at MC-BOOTSTRAP/fml_loader@4.0.42/net.neoforged.fml.loading.targets.CommonServerLaunchHandler.runService(CommonServerLaunchHandler.java:32) ~[loader-4.0.42.jar%2359!/:4.0]
	at MC-BOOTSTRAP/fml_loader@4.0.42/net.neoforged.fml.loading.targets.CommonLaunchHandler.lambda$launchService$4(CommonLaunchHandler.java:118) ~[loader-4.0.42.jar%2359!/:4.0]
	at MC-BOOTSTRAP/cpw.mods.modlauncher@11.0.5/cpw.mods.modlauncher.LaunchServiceHandlerDecorator.launch(LaunchServiceHandlerDecorator.java:30) [modlauncher-11.0.5.jar%2364!/:?]
	at MC-BOOTSTRAP/cpw.mods.modlauncher@11.0.5/cpw.mods.modlauncher.LaunchServiceHandler.launch(LaunchServiceHandler.java:53) [modlauncher-11.0.5.jar%2364!/:?]
	at MC-BOOTSTRAP/cpw.mods.modlauncher@11.0.5/cpw.mods.modlauncher.LaunchServiceHandler.launch(LaunchServiceHandler.java:71) [modlauncher-11.0.5.jar%2364!/:?]
	at MC-BOOTSTRAP/cpw.mods.modlauncher@11.0.5/cpw.mods.modlauncher.Launcher.run(Launcher.java:103) [modlauncher-11.0.5.jar%2364!/:?]
	at MC-BOOTSTRAP/cpw.mods.modlauncher@11.0.5/cpw.mods.modlauncher.Launcher.main(Launcher.java:74) [modlauncher-11.0.5.jar%2364!/:?]
	at MC-BOOTSTRAP/cpw.mods.modlauncher@11.0.5/cpw.mods.modlauncher.BootstrapLaunchConsumer.accept(BootstrapLaunchConsumer.java:26) [modlauncher-11.0.5.jar%2364!/:?]
	at MC-BOOTSTRAP/cpw.mods.modlauncher@11.0.5/cpw.mods.modlauncher.BootstrapLaunchConsumer.accept(BootstrapLaunchConsumer.java:23) [modlauncher-11.0.5.jar%2364!/:?]
	at cpw.mods.bootstraplauncher@2.0.2/cpw.mods.bootstraplauncher.BootstrapLauncher.run(BootstrapLauncher.java:210) [bootstraplauncher-2.0.2.jar:?]
	at cpw.mods.bootstraplauncher@2.0.2/cpw.mods.bootstraplauncher.BootstrapLauncher.main(BootstrapLauncher.java:69) [bootstraplauncher-2.0.2.jar:?]
[04Apr2026 00:41:34.073] [main/ERROR] [net.minecraft.world.item.crafting.RecipeManager/]: Parsing error loading recipe create:cutting/echo_wood
com.google.gson.JsonParseException: Failed to parse either. First: No key amount in MapLike[{"item":"deeperdarker:stripped_echo_wood"}]; No key id in MapLike[{"item":"deeperdarker:stripped_echo_wood"}]; Second: Failed to parse either. First: No key id in MapLike[{"item":"deeperdarker:stripped_echo_wood"}]; Second: Failed to parse either. First: Not a JSON object: "deeperdarker:stripped_echo_wood"; Second: Compat cannot be deserialized
	at MC-BOOTSTRAP/datafixerupper@8.0.16/com.mojang.serialization.DataResult$Error.getOrThrow(DataResult.java:287) ~[datafixerupper-8.0.16.jar%23100!/:?]
	at TRANSFORMER/minecraft@1.21.1/net.minecraft.world.item.crafting.RecipeManager.apply(RecipeManager.java:60) ~[server-1.21.1-20240808.144430-srg.jar%23444!/:?]
	at TRANSFORMER/minecraft@1.21.1/net.minecraft.world.item.crafting.RecipeManager.apply(RecipeManager.java:36) ~[server-1.21.1-20240808.144430-srg.jar%23444!/:?]
	at TRANSFORMER/minecraft@1.21.1/net.minecraft.server.packs.resources.SimplePreparableReloadListener.lambda$reload$1(SimplePreparableReloadListener.java:19) ~[server-1.21.1-20240808.144430-srg.jar%23444!/:?]
	at java.base/java.util.concurrent.CompletableFuture$UniAccept.tryFire(CompletableFuture.java:718) ~[?:?]
	at java.base/java.util.concurrent.CompletableFuture$Completion.run(CompletableFuture.java:482) ~[?:?]
	at TRANSFORMER/minecraft@1.21.1/net.minecraft.server.packs.resources.SimpleReloadInstance.lambda$new$3(SimpleReloadInstance.java:69) ~[server-1.21.1-20240808.144430-srg.jar%23444!/:?]
	at TRANSFORMER/minecraft@1.21.1/net.minecraft.Util.blockUntilDone(Util.java:872) ~[server-1.21.1-20240808.144430-srg.jar%23444!/:?]
	at TRANSFORMER/minecraft@1.21.1/net.minecraft.Util.blockUntilDone(Util.java:861) ~[server-1.21.1-20240808.144430-srg.jar%23444!/:?]
	at TRANSFORMER/minecraft@1.21.1/net.minecraft.server.Main.main(Main.java:204) ~[server-1.21.1-20240808.144430-srg.jar%23444!/:?]
	at java.base/jdk.internal.reflect.DirectMethodHandleAccessor.invoke(DirectMethodHandleAccessor.java:103) ~[?:?]
	at java.base/java.lang.reflect.Method.invoke(Method.java:580) ~[?:?]
	at MC-BOOTSTRAP/fml_loader@4.0.42/net.neoforged.fml.loading.targets.CommonLaunchHandler.runTarget(CommonLaunchHandler.java:136) ~[loader-4.0.42.jar%2359!/:4.0]
	at MC-BOOTSTRAP/fml_loader@4.0.42/net.neoforged.fml.loading.targets.CommonLaunchHandler.serverService(CommonLaunchHandler.java:128) ~[loader-4.0.42.jar%2359!/:4.0]
	at MC-BOOTSTRAP/fml_loader@4.0.42/net.neoforged.fml.loading.targets.CommonServerLaunchHandler.runService(CommonServerLaunchHandler.java:32) ~[loader-4.0.42.jar%2359!/:4.0]
	at MC-BOOTSTRAP/fml_loader@4.0.42/net.neoforged.fml.loading.targets.CommonLaunchHandler.lambda$launchService$4(CommonLaunchHandler.java:118) ~[loader-4.0.42.jar%2359!/:4.0]
	at MC-BOOTSTRAP/cpw.mods.modlauncher@11.0.5/cpw.mods.modlauncher.LaunchServiceHandlerDecorator.launch(LaunchServiceHandlerDecorator.java:30) [modlauncher-11.0.5.jar%2364!/:?]
	at MC-BOOTSTRAP/cpw.mods.modlauncher@11.0.5/cpw.mods.modlauncher.LaunchServiceHandler.launch(LaunchServiceHandler.java:53) [modlauncher-11.0.5.jar%2364!/:?]
	at MC-BOOTSTRAP/cpw.mods.modlauncher@11.0.5/cpw.mods.modlauncher.LaunchServiceHandler.launch(LaunchServiceHandler.java:71) [modlauncher-11.0.5.jar%2364!/:?]
	at MC-BOOTSTRAP/cpw.mods.modlauncher@11.0.5/cpw.mods.modlauncher.Launcher.run(Launcher.java:103) [modlauncher-11.0.5.jar%2364!/:?]
	at MC-BOOTSTRAP/cpw.mods.modlauncher@11.0.5/cpw.mods.modlauncher.Launcher.main(Launcher.java:74) [modlauncher-11.0.5.jar%2364!/:?]
	at MC-BOOTSTRAP/cpw.mods.modlauncher@11.0.5/cpw.mods.modlauncher.BootstrapLaunchConsumer.accept(BootstrapLaunchConsumer.java:26) [modlauncher-11.0.5.jar%2364!/:?]
	at MC-BOOTSTRAP/cpw.mods.modlauncher@11.0.5/cpw.mods.modlauncher.BootstrapLaunchConsumer.accept(BootstrapLaunchConsumer.java:23) [modlauncher-11.0.5.jar%2364!/:?]
	at cpw.mods.bootstraplauncher@2.0.2/cpw.mods.bootstraplauncher.BootstrapLauncher.run(BootstrapLauncher.java:210) [bootstraplauncher-2.0.2.jar:?]
	at cpw.mods.bootstraplauncher@2.0.2/cpw.mods.bootstraplauncher.BootstrapLauncher.main(BootstrapLauncher.java:69) [bootstraplauncher-2.0.2.jar:?]
[04Apr2026 00:41:34.086] [main/ERROR] [net.minecraft.world.item.crafting.RecipeManager/]: Parsing error loading recipe create:milling/compat/biomeswevegone/orchid
com.google.gson.JsonParseException: Failed to parse either. First: Failed to parse either. First: No key tag in MapLike[{"item":"biomeswevegone:orchid"}]; No key fluid in MapLike[{"item":"biomeswevegone:orchid"}]; Fluid ingredient cannot be empty, at least one item must be defined; No key children in MapLike[{"type":"neoforge:compound","ingredients":[{"item":"biomeswevegone:orchid"}]}]; Second: Failed to parse either. First: No key amount in MapLike[{"type":"neoforge:compound","ingredients":[{"item":"biomeswevegone:orchid"}]}]; No key fluid in MapLike[{"type":"neoforge:compound","ingredients":[{"item":"biomeswevegone:orchid"}]}]; Invalid Type: neoforge:compound; Second: No key amount in MapLike[{"type":"neoforge:compound","ingredients":[{"item":"biomeswevegone:orchid"}]}]; No key fluid_tag in MapLike[{"type":"neoforge:compound","ingredients":[{"item":"biomeswevegone:orchid"}]}]; Invalid Type: neoforge:compound; Second: Failed to parse either. First: Not a json array: {"type":"neoforge:compound","ingredients":[{"item":"biomeswevegone:orchid"}]}; Second: No key tag in MapLike[{"item":"biomeswevegone:orchid"}]; Unknown registry key in ResourceKey[minecraft:root / minecraft:item]: biomeswevegone:orchid; Item array cannot be empty, at least one item must be defined; No key children in MapLike[{"type":"neoforge:compound","ingredients":[{"item":"biomeswevegone:orchid"}]}]
	at MC-BOOTSTRAP/datafixerupper@8.0.16/com.mojang.serialization.DataResult$Error.getOrThrow(DataResult.java:287) ~[datafixerupper-8.0.16.jar%23100!/:?]
	at TRANSFORMER/minecraft@1.21.1/net.minecraft.world.item.crafting.RecipeManager.apply(RecipeManager.java:60) ~[server-1.21.1-20240808.144430-srg.jar%23444!/:?]
	at TRANSFORMER/minecraft@1.21.1/net.minecraft.world.item.crafting.RecipeManager.apply(RecipeManager.java:36) ~[server-1.21.1-20240808.144430-srg.jar%23444!/:?]
	at TRANSFORMER/minecraft@1.21.1/net.minecraft.server.packs.resources.SimplePreparableReloadListener.lambda$reload$1(SimplePreparableReloadListener.java:19) ~[server-1.21.1-20240808.144430-srg.jar%23444!/:?]
	at java.base/java.util.concurrent.CompletableFuture$UniAccept.tryFire(CompletableFuture.java:718) ~[?:?]
	at java.base/java.util.concurrent.CompletableFuture$Completion.run(CompletableFuture.java:482) ~[?:?]
	at TRANSFORMER/minecraft@1.21.1/net.minecraft.server.packs.resources.SimpleReloadInstance.lambda$new$3(SimpleReloadInstance.java:69) ~[server-1.21.1-20240808.144430-srg.jar%23444!/:?]
	at TRANSFORMER/minecraft@1.21.1/net.minecraft.Util.blockUntilDone(Util.java:872) ~[server-1.21.1-20240808.144430-srg.jar%23444!/:?]
	at TRANSFORMER/minecraft@1.21.1/net.minecraft.Util.blockUntilDone(Util.java:861) ~[server-1.21.1-20240808.144430-srg.jar%23444!/:?]
	at TRANSFORMER/minecraft@1.21.1/net.minecraft.server.Main.main(Main.java:204) ~[server-1.21.1-20240808.144430-srg.jar%23444!/:?]
	at java.base/jdk.internal.reflect.DirectMethodHandleAccessor.invoke(DirectMethodHandleAccessor.java:103) ~[?:?]
	at java.base/java.lang.reflect.Method.invoke(Method.java:580) ~[?:?]
	at MC-BOOTSTRAP/fml_loader@4.0.42/net.neoforged.fml.loading.targets.CommonLaunchHandler.runTarget(CommonLaunchHandler.java:136) ~[loader-4.0.42.jar%2359!/:4.0]
	at MC-BOOTSTRAP/fml_loader@4.0.42/net.neoforged.fml.loading.targets.CommonLaunchHandler.serverService(CommonLaunchHandler.java:128) ~[loader-4.0.42.jar%2359!/:4.0]
	at MC-BOOTSTRAP/fml_loader@4.0.42/net.neoforged.fml.loading.targets.CommonServerLaunchHandler.runService(CommonServerLaunchHandler.java:32) ~[loader-4.0.42.jar%2359!/:4.0]
	at MC-BOOTSTRAP/fml_loader@4.0.42/net.neoforged.fml.loading.targets.CommonLaunchHandler.lambda$launchService$4(CommonLaunchHandler.java:118) ~[loader-4.0.42.jar%2359!/:4.0]
	at MC-BOOTSTRAP/cpw.mods.modlauncher@11.0.5/cpw.mods.modlauncher.LaunchServiceHandlerDecorator.launch(LaunchServiceHandlerDecorator.java:30) [modlauncher-11.0.5.jar%2364!/:?]
	at MC-BOOTSTRAP/cpw.mods.modlauncher@11.0.5/cpw.mods.modlauncher.LaunchServiceHandler.launch(LaunchServiceHandler.java:53) [modlauncher-11.0.5.jar%2364!/:?]
	at MC-BOOTSTRAP/cpw.mods.modlauncher@11.0.5/cpw.mods.modlauncher.LaunchServiceHandler.launch(LaunchServiceHandler.java:71) [modlauncher-11.0.5.jar%2364!/:?]
	at MC-BOOTSTRAP/cpw.mods.modlauncher@11.0.5/cpw.mods.modlauncher.Launcher.run(Launcher.java:103) [modlauncher-11.0.5.jar%2364!/:?]
	at MC-BOOTSTRAP/cpw.mods.modlauncher@11.0.5/cpw.mods.modlauncher.Launcher.main(Launcher.java:74) [modlauncher-11.0.5.jar%2364!/:?]
	at MC-BOOTSTRAP/cpw.mods.modlauncher@11.0.5/cpw.mods.modlauncher.BootstrapLaunchConsumer.accept(BootstrapLaunchConsumer.java:26) [modlauncher-11.0.5.jar%2364!/:?]
	at MC-BOOTSTRAP/cpw.mods.modlauncher@11.0.5/cpw.mods.modlauncher.BootstrapLaunchConsumer.accept(BootstrapLaunchConsumer.java:23) [modlauncher-11.0.5.jar%2364!/:?]
	at cpw.mods.bootstraplauncher@2.0.2/cpw.mods.bootstraplauncher.BootstrapLauncher.run(BootstrapLauncher.java:210) [bootstraplauncher-2.0.2.jar:?]
	at cpw.mods.bootstraplauncher@2.0.2/cpw.mods.bootstraplauncher.BootstrapLauncher.main(BootstrapLauncher.java:69) [bootstraplauncher-2.0.2.jar:?]
[04Apr2026 00:41:34.091] [main/ERROR] [net.minecraft.world.item.crafting.RecipeManager/]: Parsing error loading recipe farmersdelight:cutting/echo_trapdoor
com.google.gson.JsonParseException: Failed to parse either. First: Not a json array: {"type":"farmersdelight:tool_action","action":"axe_dig"}; Second: Unknown registry key in ResourceKey[minecraft:root / neoforge:ingredient_serializer]: farmersdelight:tool_action
	at MC-BOOTSTRAP/datafixerupper@8.0.16/com.mojang.serialization.DataResult$Error.getOrThrow(DataResult.java:287) ~[datafixerupper-8.0.16.jar%23100!/:?]
	at TRANSFORMER/minecraft@1.21.1/net.minecraft.world.item.crafting.RecipeManager.apply(RecipeManager.java:60) ~[server-1.21.1-20240808.144430-srg.jar%23444!/:?]
	at TRANSFORMER/minecraft@1.21.1/net.minecraft.world.item.crafting.RecipeManager.apply(RecipeManager.java:36) ~[server-1.21.1-20240808.144430-srg.jar%23444!/:?]
	at TRANSFORMER/minecraft@1.21.1/net.minecraft.server.packs.resources.SimplePreparableReloadListener.lambda$reload$1(SimplePreparableReloadListener.java:19) ~[server-1.21.1-20240808.144430-srg.jar%23444!/:?]
	at java.base/java.util.concurrent.CompletableFuture$UniAccept.tryFire(CompletableFuture.java:718) ~[?:?]
	at java.base/java.util.concurrent.CompletableFuture$Completion.run(CompletableFuture.java:482) ~[?:?]
	at TRANSFORMER/minecraft@1.21.1/net.minecraft.server.packs.resources.SimpleReloadInstance.lambda$new$3(SimpleReloadInstance.java:69) ~[server-1.21.1-20240808.144430-srg.jar%23444!/:?]
	at TRANSFORMER/minecraft@1.21.1/net.minecraft.Util.blockUntilDone(Util.java:872) ~[server-1.21.1-20240808.144430-srg.jar%23444!/:?]
	at TRANSFORMER/minecraft@1.21.1/net.minecraft.Util.blockUntilDone(Util.java:861) ~[server-1.21.1-20240808.144430-srg.jar%23444!/:?]
	at TRANSFORMER/minecraft@1.21.1/net.minecraft.server.Main.main(Main.java:204) ~[server-1.21.1-20240808.144430-srg.jar%23444!/:?]
	at java.base/jdk.internal.reflect.DirectMethodHandleAccessor.invoke(DirectMethodHandleAccessor.java:103) ~[?:?]
	at java.base/java.lang.reflect.Method.invoke(Method.java:580) ~[?:?]
	at MC-BOOTSTRAP/fml_loader@4.0.42/net.neoforged.fml.loading.targets.CommonLaunchHandler.runTarget(CommonLaunchHandler.java:136) ~[loader-4.0.42.jar%2359!/:4.0]
	at MC-BOOTSTRAP/fml_loader@4.0.42/net.neoforged.fml.loading.targets.CommonLaunchHandler.serverService(CommonLaunchHandler.java:128) ~[loader-4.0.42.jar%2359!/:4.0]
	at MC-BOOTSTRAP/fml_loader@4.0.42/net.neoforged.fml.loading.targets.CommonServerLaunchHandler.runService(CommonServerLaunchHandler.java:32) ~[loader-4.0.42.jar%2359!/:4.0]
	at MC-BOOTSTRAP/fml_loader@4.0.42/net.neoforged.fml.loading.targets.CommonLaunchHandler.lambda$launchService$4(CommonLaunchHandler.java:118) ~[loader-4.0.42.jar%2359!/:4.0]
	at MC-BOOTSTRAP/cpw.mods.modlauncher@11.0.5/cpw.mods.modlauncher.LaunchServiceHandlerDecorator.launch(LaunchServiceHandlerDecorator.java:30) [modlauncher-11.0.5.jar%2364!/:?]
	at MC-BOOTSTRAP/cpw.mods.modlauncher@11.0.5/cpw.mods.modlauncher.LaunchServiceHandler.launch(LaunchServiceHandler.java:53) [modlauncher-11.0.5.jar%2364!/:?]
	at MC-BOOTSTRAP/cpw.mods.modlauncher@11.0.5/cpw.mods.modlauncher.LaunchServiceHandler.launch(LaunchServiceHandler.java:71) [modlauncher-11.0.5.jar%2364!/:?]
	at MC-BOOTSTRAP/cpw.mods.modlauncher@11.0.5/cpw.mods.modlauncher.Launcher.run(Launcher.java:103) [modlauncher-11.0.5.jar%2364!/:?]
	at MC-BOOTSTRAP/cpw.mods.modlauncher@11.0.5/cpw.mods.modlauncher.Launcher.main(Launcher.java:74) [modlauncher-11.0.5.jar%2364!/:?]
	at MC-BOOTSTRAP/cpw.mods.modlauncher@11.0.5/cpw.mods.modlauncher.BootstrapLaunchConsumer.accept(BootstrapLaunchConsumer.java:26) [modlauncher-11.0.5.jar%2364!/:?]
	at MC-BOOTSTRAP/cpw.mods.modlauncher@11.0.5/cpw.mods.modlauncher.BootstrapLaunchConsumer.accept(BootstrapLaunchConsumer.java:23) [modlauncher-11.0.5.jar%2364!/:?]
	at cpw.mods.bootstraplauncher@2.0.2/cpw.mods.bootstraplauncher.BootstrapLauncher.run(BootstrapLauncher.java:210) [bootstraplauncher-2.0.2.jar:?]
	at cpw.mods.bootstraplauncher@2.0.2/cpw.mods.bootstraplauncher.BootstrapLauncher.main(BootstrapLauncher.java:69) [bootstraplauncher-2.0.2.jar:?]
[04Apr2026 00:41:34.093] [main/ERROR] [net.minecraft.world.item.crafting.RecipeManager/]: Parsing error loading recipe create:crushing/sculk_stone_copper_ore
com.google.gson.JsonParseException: Failed to parse either. First: No key amount in MapLike[{"chance":0.125,"item":"deeperdarker:cobbled_sculk_stone"}]; No key id in MapLike[{"chance":0.125,"item":"deeperdarker:cobbled_sculk_stone"}]; Second: Failed to parse either. First: No key id in MapLike[{"chance":0.125,"item":"deeperdarker:cobbled_sculk_stone"}]; Second: Failed to parse either. First: Not a JSON object: "deeperdarker:cobbled_sculk_stone"; Second: Compat cannot be deserialized; Failed to parse either. First: No key amount in MapLike[{"item":"create:experience_nugget"}]; No key id in MapLike[{"item":"create:experience_nugget"}]; Second: Failed to parse either. First: No key id in MapLike[{"item":"create:experience_nugget"}]; Second: Failed to parse either. First: Not a JSON object: "create:experience_nugget"; Second: Compat cannot be deserialized; Failed to parse either. First: No key amount in MapLike[{"chance":0.75,"item":"create:crushed_raw_copper"}]; No key id in MapLike[{"chance":0.75,"item":"create:crushed_raw_copper"}]; Second: Failed to parse either. First: No key id in MapLike[{"chance":0.75,"item":"create:crushed_raw_copper"}]; Second: Failed to parse either. First: Not a JSON object: "create:crushed_raw_copper"; Second: Compat cannot be deserialized; Failed to parse either. First: No key amount in MapLike[{"count":10,"item":"create:crushed_raw_copper"}]; No key id in MapLike[{"count":10,"item":"create:crushed_raw_copper"}]; Second: Failed to parse either. First: No key id in MapLike[{"count":10,"item":"create:crushed_raw_copper"}]; Second: Failed to parse either. First: Not a JSON object: "create:crushed_raw_copper"; Second: Compat cannot be deserialized
	at MC-BOOTSTRAP/datafixerupper@8.0.16/com.mojang.serialization.DataResult$Error.getOrThrow(DataResult.java:287) ~[datafixerupper-8.0.16.jar%23100!/:?]
	at TRANSFORMER/minecraft@1.21.1/net.minecraft.world.item.crafting.RecipeManager.apply(RecipeManager.java:60) ~[server-1.21.1-20240808.144430-srg.jar%23444!/:?]
	at TRANSFORMER/minecraft@1.21.1/net.minecraft.world.item.crafting.RecipeManager.apply(RecipeManager.java:36) ~[server-1.21.1-20240808.144430-srg.jar%23444!/:?]
	at TRANSFORMER/minecraft@1.21.1/net.minecraft.server.packs.resources.SimplePreparableReloadListener.lambda$reload$1(SimplePreparableReloadListener.java:19) ~[server-1.21.1-20240808.144430-srg.jar%23444!/:?]
	at java.base/java.util.concurrent.CompletableFuture$UniAccept.tryFire(CompletableFuture.java:718) ~[?:?]
	at java.base/java.util.concurrent.CompletableFuture$Completion.run(CompletableFuture.java:482) ~[?:?]
	at TRANSFORMER/minecraft@1.21.1/net.minecraft.server.packs.resources.SimpleReloadInstance.lambda$new$3(SimpleReloadInstance.java:69) ~[server-1.21.1-20240808.144430-srg.jar%23444!/:?]
	at TRANSFORMER/minecraft@1.21.1/net.minecraft.Util.blockUntilDone(Util.java:872) ~[server-1.21.1-20240808.144430-srg.jar%23444!/:?]
	at TRANSFORMER/minecraft@1.21.1/net.minecraft.Util.blockUntilDone(Util.java:861) ~[server-1.21.1-20240808.144430-srg.jar%23444!/:?]
	at TRANSFORMER/minecraft@1.21.1/net.minecraft.server.Main.main(Main.java:204) ~[server-1.21.1-20240808.144430-srg.jar%23444!/:?]
	at java.base/jdk.internal.reflect.DirectMethodHandleAccessor.invoke(DirectMethodHandleAccessor.java:103) ~[?:?]
	at java.base/java.lang.reflect.Method.invoke(Method.java:580) ~[?:?]
	at MC-BOOTSTRAP/fml_loader@4.0.42/net.neoforged.fml.loading.targets.CommonLaunchHandler.runTarget(CommonLaunchHandler.java:136) ~[loader-4.0.42.jar%2359!/:4.0]
	at MC-BOOTSTRAP/fml_loader@4.0.42/net.neoforged.fml.loading.targets.CommonLaunchHandler.serverService(CommonLaunchHandler.java:128) ~[loader-4.0.42.jar%2359!/:4.0]
	at MC-BOOTSTRAP/fml_loader@4.0.42/net.neoforged.fml.loading.targets.CommonServerLaunchHandler.runService(CommonServerLaunchHandler.java:32) ~[loader-4.0.42.jar%2359!/:4.0]
	at MC-BOOTSTRAP/fml_loader@4.0.42/net.neoforged.fml.loading.targets.CommonLaunchHandler.lambda$launchService$4(CommonLaunchHandler.java:118) ~[loader-4.0.42.jar%2359!/:4.0]
	at MC-BOOTSTRAP/cpw.mods.modlauncher@11.0.5/cpw.mods.modlauncher.LaunchServiceHandlerDecorator.launch(LaunchServiceHandlerDecorator.java:30) [modlauncher-11.0.5.jar%2364!/:?]
	at MC-BOOTSTRAP/cpw.mods.modlauncher@11.0.5/cpw.mods.modlauncher.LaunchServiceHandler.launch(LaunchServiceHandler.java:53) [modlauncher-11.0.5.jar%2364!/:?]
	at MC-BOOTSTRAP/cpw.mods.modlauncher@11.0.5/cpw.mods.modlauncher.LaunchServiceHandler.launch(LaunchServiceHandler.java:71) [modlauncher-11.0.5.jar%2364!/:?]
	at MC-BOOTSTRAP/cpw.mods.modlauncher@11.0.5/cpw.mods.modlauncher.Launcher.run(Launcher.java:103) [modlauncher-11.0.5.jar%2364!/:?]
	at MC-BOOTSTRAP/cpw.mods.modlauncher@11.0.5/cpw.mods.modlauncher.Launcher.main(Launcher.java:74) [modlauncher-11.0.5.jar%2364!/:?]
	at MC-BOOTSTRAP/cpw.mods.modlauncher@11.0.5/cpw.mods.modlauncher.BootstrapLaunchConsumer.accept(BootstrapLaunchConsumer.java:26) [modlauncher-11.0.5.jar%2364!/:?]
	at MC-BOOTSTRAP/cpw.mods.modlauncher@11.0.5/cpw.mods.modlauncher.BootstrapLaunchConsumer.accept(BootstrapLaunchConsumer.java:23) [modlauncher-11.0.5.jar%2364!/:?]
	at cpw.mods.bootstraplauncher@2.0.2/cpw.mods.bootstraplauncher.BootstrapLauncher.run(BootstrapLauncher.java:210) [bootstraplauncher-2.0.2.jar:?]
	at cpw.mods.bootstraplauncher@2.0.2/cpw.mods.bootstraplauncher.BootstrapLauncher.main(BootstrapLauncher.java:69) [bootstraplauncher-2.0.2.jar:?]
[04Apr2026 00:41:34.106] [main/ERROR] [net.minecraft.world.item.crafting.RecipeManager/]: Parsing error loading recipe cataclysm_spellbooks:smithing/excelsius_resist_chestplate_upgrade
com.google.gson.JsonParseException: Failed to parse either. First: Not a json array: {"item":"cataclysm_spellbooks:excel_upgrade_resistence"}; Second: No key tag in MapLike[{"item":"cataclysm_spellbooks:excel_upgrade_resistence"}]; Unknown registry key in ResourceKey[minecraft:root / minecraft:item]: cataclysm_spellbooks:excel_upgrade_resistence
	at MC-BOOTSTRAP/datafixerupper@8.0.16/com.mojang.serialization.DataResult$Error.getOrThrow(DataResult.java:287) ~[datafixerupper-8.0.16.jar%23100!/:?]
	at TRANSFORMER/minecraft@1.21.1/net.minecraft.world.item.crafting.RecipeManager.apply(RecipeManager.java:60) ~[server-1.21.1-20240808.144430-srg.jar%23444!/:?]
	at TRANSFORMER/minecraft@1.21.1/net.minecraft.world.item.crafting.RecipeManager.apply(RecipeManager.java:36) ~[server-1.21.1-20240808.144430-srg.jar%23444!/:?]
	at TRANSFORMER/minecraft@1.21.1/net.minecraft.server.packs.resources.SimplePreparableReloadListener.lambda$reload$1(SimplePreparableReloadListener.java:19) ~[server-1.21.1-20240808.144430-srg.jar%23444!/:?]
	at java.base/java.util.concurrent.CompletableFuture$UniAccept.tryFire(CompletableFuture.java:718) ~[?:?]
	at java.base/java.util.concurrent.CompletableFuture$Completion.run(CompletableFuture.java:482) ~[?:?]
	at TRANSFORMER/minecraft@1.21.1/net.minecraft.server.packs.resources.SimpleReloadInstance.lambda$new$3(SimpleReloadInstance.java:69) ~[server-1.21.1-20240808.144430-srg.jar%23444!/:?]
	at TRANSFORMER/minecraft@1.21.1/net.minecraft.Util.blockUntilDone(Util.java:872) ~[server-1.21.1-20240808.144430-srg.jar%23444!/:?]
	at TRANSFORMER/minecraft@1.21.1/net.minecraft.Util.blockUntilDone(Util.java:861) ~[server-1.21.1-20240808.144430-srg.jar%23444!/:?]
	at TRANSFORMER/minecraft@1.21.1/net.minecraft.server.Main.main(Main.java:204) ~[server-1.21.1-20240808.144430-srg.jar%23444!/:?]
	at java.base/jdk.internal.reflect.DirectMethodHandleAccessor.invoke(DirectMethodHandleAccessor.java:103) ~[?:?]
	at java.base/java.lang.reflect.Method.invoke(Method.java:580) ~[?:?]
	at MC-BOOTSTRAP/fml_loader@4.0.42/net.neoforged.fml.loading.targets.CommonLaunchHandler.runTarget(CommonLaunchHandler.java:136) ~[loader-4.0.42.jar%2359!/:4.0]
	at MC-BOOTSTRAP/fml_loader@4.0.42/net.neoforged.fml.loading.targets.CommonLaunchHandler.serverService(CommonLaunchHandler.java:128) ~[loader-4.0.42.jar%2359!/:4.0]
	at MC-BOOTSTRAP/fml_loader@4.0.42/net.neoforged.fml.loading.targets.CommonServerLaunchHandler.runService(CommonServerLaunchHandler.java:32) ~[loader-4.0.42.jar%2359!/:4.0]
	at MC-BOOTSTRAP/fml_loader@4.0.42/net.neoforged.fml.loading.targets.CommonLaunchHandler.lambda$launchService$4(CommonLaunchHandler.java:118) ~[loader-4.0.42.jar%2359!/:4.0]
	at MC-BOOTSTRAP/cpw.mods.modlauncher@11.0.5/cpw.mods.modlauncher.LaunchServiceHandlerDecorator.launch(LaunchServiceHandlerDecorator.java:30) [modlauncher-11.0.5.jar%2364!/:?]
	at MC-BOOTSTRAP/cpw.mods.modlauncher@11.0.5/cpw.mods.modlauncher.LaunchServiceHandler.launch(LaunchServiceHandler.java:53) [modlauncher-11.0.5.jar%2364!/:?]
	at MC-BOOTSTRAP/cpw.mods.modlauncher@11.0.5/cpw.mods.modlauncher.LaunchServiceHandler.launch(LaunchServiceHandler.java:71) [modlauncher-11.0.5.jar%2364!/:?]
	at MC-BOOTSTRAP/cpw.mods.modlauncher@11.0.5/cpw.mods.modlauncher.Launcher.run(Launcher.java:103) [modlauncher-11.0.5.jar%2364!/:?]
	at MC-BOOTSTRAP/cpw.mods.modlauncher@11.0.5/cpw.mods.modlauncher.Launcher.main(Launcher.java:74) [modlauncher-11.0.5.jar%2364!/:?]
	at MC-BOOTSTRAP/cpw.mods.modlauncher@11.0.5/cpw.mods.modlauncher.BootstrapLaunchConsumer.accept(BootstrapLaunchConsumer.java:26) [modlauncher-11.0.5.jar%2364!/:?]
	at MC-BOOTSTRAP/cpw.mods.modlauncher@11.0.5/cpw.mods.modlauncher.BootstrapLaunchConsumer.accept(BootstrapLaunchConsumer.java:23) [modlauncher-11.0.5.jar%2364!/:?]
	at cpw.mods.bootstraplauncher@2.0.2/cpw.mods.bootstraplauncher.BootstrapLauncher.run(BootstrapLauncher.java:210) [bootstraplauncher-2.0.2.jar:?]
	at cpw.mods.bootstraplauncher@2.0.2/cpw.mods.bootstraplauncher.BootstrapLauncher.main(BootstrapLauncher.java:69) [bootstraplauncher-2.0.2.jar:?]
[04Apr2026 00:41:34.113] [main/ERROR] [net.minecraft.world.item.crafting.RecipeManager/]: Parsing error loading recipe create_things_and_misc:schematic_chair
com.google.gson.JsonParseException: Unknown registry key in ResourceKey[minecraft:root / minecraft:item]: create_things_and_misc:deleted_mod_element
	at MC-BOOTSTRAP/datafixerupper@8.0.16/com.mojang.serialization.DataResult$Error.getOrThrow(DataResult.java:287) ~[datafixerupper-8.0.16.jar%23100!/:?]
	at TRANSFORMER/minecraft@1.21.1/net.minecraft.world.item.crafting.RecipeManager.apply(RecipeManager.java:60) ~[server-1.21.1-20240808.144430-srg.jar%23444!/:?]
	at TRANSFORMER/minecraft@1.21.1/net.minecraft.world.item.crafting.RecipeManager.apply(RecipeManager.java:36) ~[server-1.21.1-20240808.144430-srg.jar%23444!/:?]
	at TRANSFORMER/minecraft@1.21.1/net.minecraft.server.packs.resources.SimplePreparableReloadListener.lambda$reload$1(SimplePreparableReloadListener.java:19) ~[server-1.21.1-20240808.144430-srg.jar%23444!/:?]
	at java.base/java.util.concurrent.CompletableFuture$UniAccept.tryFire(CompletableFuture.java:718) ~[?:?]
	at java.base/java.util.concurrent.CompletableFuture$Completion.run(CompletableFuture.java:482) ~[?:?]
	at TRANSFORMER/minecraft@1.21.1/net.minecraft.server.packs.resources.SimpleReloadInstance.lambda$new$3(SimpleReloadInstance.java:69) ~[server-1.21.1-20240808.144430-srg.jar%23444!/:?]
	at TRANSFORMER/minecraft@1.21.1/net.minecraft.Util.blockUntilDone(Util.java:872) ~[server-1.21.1-20240808.144430-srg.jar%23444!/:?]
	at TRANSFORMER/minecraft@1.21.1/net.minecraft.Util.blockUntilDone(Util.java:861) ~[server-1.21.1-20240808.144430-srg.jar%23444!/:?]
	at TRANSFORMER/minecraft@1.21.1/net.minecraft.server.Main.main(Main.java:204) ~[server-1.21.1-20240808.144430-srg.jar%23444!/:?]
	at java.base/jdk.internal.reflect.DirectMethodHandleAccessor.invoke(DirectMethodHandleAccessor.java:103) ~[?:?]
	at java.base/java.lang.reflect.Method.invoke(Method.java:580) ~[?:?]
	at MC-BOOTSTRAP/fml_loader@4.0.42/net.neoforged.fml.loading.targets.CommonLaunchHandler.runTarget(CommonLaunchHandler.java:136) ~[loader-4.0.42.jar%2359!/:4.0]
	at MC-BOOTSTRAP/fml_loader@4.0.42/net.neoforged.fml.loading.targets.CommonLaunchHandler.serverService(CommonLaunchHandler.java:128) ~[loader-4.0.42.jar%2359!/:4.0]
	at MC-BOOTSTRAP/fml_loader@4.0.42/net.neoforged.fml.loading.targets.CommonServerLaunchHandler.runService(CommonServerLaunchHandler.java:32) ~[loader-4.0.42.jar%2359!/:4.0]
	at MC-BOOTSTRAP/fml_loader@4.0.42/net.neoforged.fml.loading.targets.CommonLaunchHandler.lambda$launchService$4(CommonLaunchHandler.java:118) ~[loader-4.0.42.jar%2359!/:4.0]
	at MC-BOOTSTRAP/cpw.mods.modlauncher@11.0.5/cpw.mods.modlauncher.LaunchServiceHandlerDecorator.launch(LaunchServiceHandlerDecorator.java:30) [modlauncher-11.0.5.jar%2364!/:?]
	at MC-BOOTSTRAP/cpw.mods.modlauncher@11.0.5/cpw.mods.modlauncher.LaunchServiceHandler.launch(LaunchServiceHandler.java:53) [modlauncher-11.0.5.jar%2364!/:?]
	at MC-BOOTSTRAP/cpw.mods.modlauncher@11.0.5/cpw.mods.modlauncher.LaunchServiceHandler.launch(LaunchServiceHandler.java:71) [modlauncher-11.0.5.jar%2364!/:?]
	at MC-BOOTSTRAP/cpw.mods.modlauncher@11.0.5/cpw.mods.modlauncher.Launcher.run(Launcher.java:103) [modlauncher-11.0.5.jar%2364!/:?]
	at MC-BOOTSTRAP/cpw.mods.modlauncher@11.0.5/cpw.mods.modlauncher.Launcher.main(Launcher.java:74) [modlauncher-11.0.5.jar%2364!/:?]
	at MC-BOOTSTRAP/cpw.mods.modlauncher@11.0.5/cpw.mods.modlauncher.BootstrapLaunchConsumer.accept(BootstrapLaunchConsumer.java:26) [modlauncher-11.0.5.jar%2364!/:?]
	at MC-BOOTSTRAP/cpw.mods.modlauncher@11.0.5/cpw.mods.modlauncher.BootstrapLaunchConsumer.accept(BootstrapLaunchConsumer.java:23) [modlauncher-11.0.5.jar%2364!/:?]
	at cpw.mods.bootstraplauncher@2.0.2/cpw.mods.bootstraplauncher.BootstrapLauncher.run(BootstrapLauncher.java:210) [bootstraplauncher-2.0.2.jar:?]
	at cpw.mods.bootstraplauncher@2.0.2/cpw.mods.bootstraplauncher.BootstrapLauncher.main(BootstrapLauncher.java:69) [bootstraplauncher-2.0.2.jar:?]
[04Apr2026 00:41:34.121] [main/ERROR] [net.minecraft.world.item.crafting.RecipeManager/]: Parsing error loading recipe cataclysm_spellbooks:smithing/excelsius_power_visors_upgrade
com.google.gson.JsonParseException: Failed to parse either. First: Not a json array: {"item":"cataclysm_spellbooks:excel_upgrade_mana"}; Second: No key tag in MapLike[{"item":"cataclysm_spellbooks:excel_upgrade_mana"}]; Unknown registry key in ResourceKey[minecraft:root / minecraft:item]: cataclysm_spellbooks:excel_upgrade_mana
	at MC-BOOTSTRAP/datafixerupper@8.0.16/com.mojang.serialization.DataResult$Error.getOrThrow(DataResult.java:287) ~[datafixerupper-8.0.16.jar%23100!/:?]
	at TRANSFORMER/minecraft@1.21.1/net.minecraft.world.item.crafting.RecipeManager.apply(RecipeManager.java:60) ~[server-1.21.1-20240808.144430-srg.jar%23444!/:?]
	at TRANSFORMER/minecraft@1.21.1/net.minecraft.world.item.crafting.RecipeManager.apply(RecipeManager.java:36) ~[server-1.21.1-20240808.144430-srg.jar%23444!/:?]
	at TRANSFORMER/minecraft@1.21.1/net.minecraft.server.packs.resources.SimplePreparableReloadListener.lambda$reload$1(SimplePreparableReloadListener.java:19) ~[server-1.21.1-20240808.144430-srg.jar%23444!/:?]
	at java.base/java.util.concurrent.CompletableFuture$UniAccept.tryFire(CompletableFuture.java:718) ~[?:?]
	at java.base/java.util.concurrent.CompletableFuture$Completion.run(CompletableFuture.java:482) ~[?:?]
	at TRANSFORMER/minecraft@1.21.1/net.minecraft.server.packs.resources.SimpleReloadInstance.lambda$new$3(SimpleReloadInstance.java:69) ~[server-1.21.1-20240808.144430-srg.jar%23444!/:?]
	at TRANSFORMER/minecraft@1.21.1/net.minecraft.Util.blockUntilDone(Util.java:872) ~[server-1.21.1-20240808.144430-srg.jar%23444!/:?]
	at TRANSFORMER/minecraft@1.21.1/net.minecraft.Util.blockUntilDone(Util.java:861) ~[server-1.21.1-20240808.144430-srg.jar%23444!/:?]
	at TRANSFORMER/minecraft@1.21.1/net.minecraft.server.Main.main(Main.java:204) ~[server-1.21.1-20240808.144430-srg.jar%23444!/:?]
	at java.base/jdk.internal.reflect.DirectMethodHandleAccessor.invoke(DirectMethodHandleAccessor.java:103) ~[?:?]
	at java.base/java.lang.reflect.Method.invoke(Method.java:580) ~[?:?]
	at MC-BOOTSTRAP/fml_loader@4.0.42/net.neoforged.fml.loading.targets.CommonLaunchHandler.runTarget(CommonLaunchHandler.java:136) ~[loader-4.0.42.jar%2359!/:4.0]
	at MC-BOOTSTRAP/fml_loader@4.0.42/net.neoforged.fml.loading.targets.CommonLaunchHandler.serverService(CommonLaunchHandler.java:128) ~[loader-4.0.42.jar%2359!/:4.0]
	at MC-BOOTSTRAP/fml_loader@4.0.42/net.neoforged.fml.loading.targets.CommonServerLaunchHandler.runService(CommonServerLaunchHandler.java:32) ~[loader-4.0.42.jar%2359!/:4.0]
	at MC-BOOTSTRAP/fml_loader@4.0.42/net.neoforged.fml.loading.targets.CommonLaunchHandler.lambda$launchService$4(CommonLaunchHandler.java:118) ~[loader-4.0.42.jar%2359!/:4.0]
	at MC-BOOTSTRAP/cpw.mods.modlauncher@11.0.5/cpw.mods.modlauncher.LaunchServiceHandlerDecorator.launch(LaunchServiceHandlerDecorator.java:30) [modlauncher-11.0.5.jar%2364!/:?]
	at MC-BOOTSTRAP/cpw.mods.modlauncher@11.0.5/cpw.mods.modlauncher.LaunchServiceHandler.launch(LaunchServiceHandler.java:53) [modlauncher-11.0.5.jar%2364!/:?]
	at MC-BOOTSTRAP/cpw.mods.modlauncher@11.0.5/cpw.mods.modlauncher.LaunchServiceHandler.launch(LaunchServiceHandler.java:71) [modlauncher-11.0.5.jar%2364!/:?]
	at MC-BOOTSTRAP/cpw.mods.modlauncher@11.0.5/cpw.mods.modlauncher.Launcher.run(Launcher.java:103) [modlauncher-11.0.5.jar%2364!/:?]
	at MC-BOOTSTRAP/cpw.mods.modlauncher@11.0.5/cpw.mods.modlauncher.Launcher.main(Launcher.java:74) [modlauncher-11.0.5.jar%2364!/:?]
	at MC-BOOTSTRAP/cpw.mods.modlauncher@11.0.5/cpw.mods.modlauncher.BootstrapLaunchConsumer.accept(BootstrapLaunchConsumer.java:26) [modlauncher-11.0.5.jar%2364!/:?]
	at MC-BOOTSTRAP/cpw.mods.modlauncher@11.0.5/cpw.mods.modlauncher.BootstrapLaunchConsumer.accept(BootstrapLaunchConsumer.java:23) [modlauncher-11.0.5.jar%2364!/:?]
	at cpw.mods.bootstraplauncher@2.0.2/cpw.mods.bootstraplauncher.BootstrapLauncher.run(BootstrapLauncher.java:210) [bootstraplauncher-2.0.2.jar:?]
	at cpw.mods.bootstraplauncher@2.0.2/cpw.mods.bootstraplauncher.BootstrapLauncher.main(BootstrapLauncher.java:69) [bootstraplauncher-2.0.2.jar:?]
[04Apr2026 00:41:34.131] [main/ERROR] [net.minecraft.world.item.crafting.RecipeManager/]: Parsing error loading recipe create:milling/compat/biomeswevegone/torch_ginger
com.google.gson.JsonParseException: Failed to parse either. First: Failed to parse either. First: No key tag in MapLike[{"item":"biomeswevegone:torch_ginger"}]; No key fluid in MapLike[{"item":"biomeswevegone:torch_ginger"}]; Fluid ingredient cannot be empty, at least one item must be defined; No key children in MapLike[{"type":"neoforge:compound","ingredients":[{"item":"biomeswevegone:torch_ginger"}]}]; Second: Failed to parse either. First: No key amount in MapLike[{"type":"neoforge:compound","ingredients":[{"item":"biomeswevegone:torch_ginger"}]}]; No key fluid in MapLike[{"type":"neoforge:compound","ingredients":[{"item":"biomeswevegone:torch_ginger"}]}]; Invalid Type: neoforge:compound; Second: No key amount in MapLike[{"type":"neoforge:compound","ingredients":[{"item":"biomeswevegone:torch_ginger"}]}]; No key fluid_tag in MapLike[{"type":"neoforge:compound","ingredients":[{"item":"biomeswevegone:torch_ginger"}]}]; Invalid Type: neoforge:compound; Second: Failed to parse either. First: Not a json array: {"type":"neoforge:compound","ingredients":[{"item":"biomeswevegone:torch_ginger"}]}; Second: No key tag in MapLike[{"item":"biomeswevegone:torch_ginger"}]; Unknown registry key in ResourceKey[minecraft:root / minecraft:item]: biomeswevegone:torch_ginger; Item array cannot be empty, at least one item must be defined; No key children in MapLike[{"type":"neoforge:compound","ingredients":[{"item":"biomeswevegone:torch_ginger"}]}]
	at MC-BOOTSTRAP/datafixerupper@8.0.16/com.mojang.serialization.DataResult$Error.getOrThrow(DataResult.java:287) ~[datafixerupper-8.0.16.jar%23100!/:?]
	at TRANSFORMER/minecraft@1.21.1/net.minecraft.world.item.crafting.RecipeManager.apply(RecipeManager.java:60) ~[server-1.21.1-20240808.144430-srg.jar%23444!/:?]
	at TRANSFORMER/minecraft@1.21.1/net.minecraft.world.item.crafting.RecipeManager.apply(RecipeManager.java:36) ~[server-1.21.1-20240808.144430-srg.jar%23444!/:?]
	at TRANSFORMER/minecraft@1.21.1/net.minecraft.server.packs.resources.SimplePreparableReloadListener.lambda$reload$1(SimplePreparableReloadListener.java:19) ~[server-1.21.1-20240808.144430-srg.jar%23444!/:?]
	at java.base/java.util.concurrent.CompletableFuture$UniAccept.tryFire(CompletableFuture.java:718) ~[?:?]
	at java.base/java.util.concurrent.CompletableFuture$Completion.run(CompletableFuture.java:482) ~[?:?]
	at TRANSFORMER/minecraft@1.21.1/net.minecraft.server.packs.resources.SimpleReloadInstance.lambda$new$3(SimpleReloadInstance.java:69) ~[server-1.21.1-20240808.144430-srg.jar%23444!/:?]
	at TRANSFORMER/minecraft@1.21.1/net.minecraft.Util.blockUntilDone(Util.java:872) ~[server-1.21.1-20240808.144430-srg.jar%23444!/:?]
	at TRANSFORMER/minecraft@1.21.1/net.minecraft.Util.blockUntilDone(Util.java:861) ~[server-1.21.1-20240808.144430-srg.jar%23444!/:?]
	at TRANSFORMER/minecraft@1.21.1/net.minecraft.server.Main.main(Main.java:204) ~[server-1.21.1-20240808.144430-srg.jar%23444!/:?]
	at java.base/jdk.internal.reflect.DirectMethodHandleAccessor.invoke(DirectMethodHandleAccessor.java:103) ~[?:?]
	at java.base/java.lang.reflect.Method.invoke(Method.java:580) ~[?:?]
	at MC-BOOTSTRAP/fml_loader@4.0.42/net.neoforged.fml.loading.targets.CommonLaunchHandler.runTarget(CommonLaunchHandler.java:136) ~[loader-4.0.42.jar%2359!/:4.0]
	at MC-BOOTSTRAP/fml_loader@4.0.42/net.neoforged.fml.loading.targets.CommonLaunchHandler.serverService(CommonLaunchHandler.java:128) ~[loader-4.0.42.jar%2359!/:4.0]
	at MC-BOOTSTRAP/fml_loader@4.0.42/net.neoforged.fml.loading.targets.CommonServerLaunchHandler.runService(CommonServerLaunchHandler.java:32) ~[loader-4.0.42.jar%2359!/:4.0]
	at MC-BOOTSTRAP/fml_loader@4.0.42/net.neoforged.fml.loading.targets.CommonLaunchHandler.lambda$launchService$4(CommonLaunchHandler.java:118) ~[loader-4.0.42.jar%2359!/:4.0]
	at MC-BOOTSTRAP/cpw.mods.modlauncher@11.0.5/cpw.mods.modlauncher.LaunchServiceHandlerDecorator.launch(LaunchServiceHandlerDecorator.java:30) [modlauncher-11.0.5.jar%2364!/:?]
	at MC-BOOTSTRAP/cpw.mods.modlauncher@11.0.5/cpw.mods.modlauncher.LaunchServiceHandler.launch(LaunchServiceHandler.java:53) [modlauncher-11.0.5.jar%2364!/:?]
	at MC-BOOTSTRAP/cpw.mods.modlauncher@11.0.5/cpw.mods.modlauncher.LaunchServiceHandler.launch(LaunchServiceHandler.java:71) [modlauncher-11.0.5.jar%2364!/:?]
	at MC-BOOTSTRAP/cpw.mods.modlauncher@11.0.5/cpw.mods.modlauncher.Launcher.run(Launcher.java:103) [modlauncher-11.0.5.jar%2364!/:?]
	at MC-BOOTSTRAP/cpw.mods.modlauncher@11.0.5/cpw.mods.modlauncher.Launcher.main(Launcher.java:74) [modlauncher-11.0.5.jar%2364!/:?]
	at MC-BOOTSTRAP/cpw.mods.modlauncher@11.0.5/cpw.mods.modlauncher.BootstrapLaunchConsumer.accept(BootstrapLaunchConsumer.java:26) [modlauncher-11.0.5.jar%2364!/:?]
	at MC-BOOTSTRAP/cpw.mods.modlauncher@11.0.5/cpw.mods.modlauncher.BootstrapLaunchConsumer.accept(BootstrapLaunchConsumer.java:23) [modlauncher-11.0.5.jar%2364!/:?]
	at cpw.mods.bootstraplauncher@2.0.2/cpw.mods.bootstraplauncher.BootstrapLauncher.run(BootstrapLauncher.java:210) [bootstraplauncher-2.0.2.jar:?]
	at cpw.mods.bootstraplauncher@2.0.2/cpw.mods.bootstraplauncher.BootstrapLauncher.main(BootstrapLauncher.java:69) [bootstraplauncher-2.0.2.jar:?]
[04Apr2026 00:41:34.155] [main/ERROR] [net.minecraft.world.item.crafting.RecipeManager/]: Parsing error loading recipe oritechthings:atomicforge/accelerator_speed_sensor
com.google.gson.JsonParseException: Exception occurred when decoding a given StructField: [Field: results]
	at MC-BOOTSTRAP/datafixerupper@8.0.16/com.mojang.serialization.DataResult$Error.getOrThrow(DataResult.java:287) ~[datafixerupper-8.0.16.jar%23100!/:?]
	at TRANSFORMER/minecraft@1.21.1/net.minecraft.world.item.crafting.RecipeManager.apply(RecipeManager.java:60) ~[server-1.21.1-20240808.144430-srg.jar%23444!/:?]
	at TRANSFORMER/minecraft@1.21.1/net.minecraft.world.item.crafting.RecipeManager.apply(RecipeManager.java:36) ~[server-1.21.1-20240808.144430-srg.jar%23444!/:?]
	at TRANSFORMER/minecraft@1.21.1/net.minecraft.server.packs.resources.SimplePreparableReloadListener.lambda$reload$1(SimplePreparableReloadListener.java:19) ~[server-1.21.1-20240808.144430-srg.jar%23444!/:?]
	at java.base/java.util.concurrent.CompletableFuture$UniAccept.tryFire(CompletableFuture.java:718) ~[?:?]
	at java.base/java.util.concurrent.CompletableFuture$Completion.run(CompletableFuture.java:482) ~[?:?]
	at TRANSFORMER/minecraft@1.21.1/net.minecraft.server.packs.resources.SimpleReloadInstance.lambda$new$3(SimpleReloadInstance.java:69) ~[server-1.21.1-20240808.144430-srg.jar%23444!/:?]
	at TRANSFORMER/minecraft@1.21.1/net.minecraft.Util.blockUntilDone(Util.java:872) ~[server-1.21.1-20240808.144430-srg.jar%23444!/:?]
	at TRANSFORMER/minecraft@1.21.1/net.minecraft.Util.blockUntilDone(Util.java:861) ~[server-1.21.1-20240808.144430-srg.jar%23444!/:?]
	at TRANSFORMER/minecraft@1.21.1/net.minecraft.server.Main.main(Main.java:204) ~[server-1.21.1-20240808.144430-srg.jar%23444!/:?]
	at java.base/jdk.internal.reflect.DirectMethodHandleAccessor.invoke(DirectMethodHandleAccessor.java:103) ~[?:?]
	at java.base/java.lang.reflect.Method.invoke(Method.java:580) ~[?:?]
	at MC-BOOTSTRAP/fml_loader@4.0.42/net.neoforged.fml.loading.targets.CommonLaunchHandler.runTarget(CommonLaunchHandler.java:136) ~[loader-4.0.42.jar%2359!/:4.0]
	at MC-BOOTSTRAP/fml_loader@4.0.42/net.neoforged.fml.loading.targets.CommonLaunchHandler.serverService(CommonLaunchHandler.java:128) ~[loader-4.0.42.jar%2359!/:4.0]
	at MC-BOOTSTRAP/fml_loader@4.0.42/net.neoforged.fml.loading.targets.CommonServerLaunchHandler.runService(CommonServerLaunchHandler.java:32) ~[loader-4.0.42.jar%2359!/:4.0]
	at MC-BOOTSTRAP/fml_loader@4.0.42/net.neoforged.fml.loading.targets.CommonLaunchHandler.lambda$launchService$4(CommonLaunchHandler.java:118) ~[loader-4.0.42.jar%2359!/:4.0]
	at MC-BOOTSTRAP/cpw.mods.modlauncher@11.0.5/cpw.mods.modlauncher.LaunchServiceHandlerDecorator.launch(LaunchServiceHandlerDecorator.java:30) [modlauncher-11.0.5.jar%2364!/:?]
	at MC-BOOTSTRAP/cpw.mods.modlauncher@11.0.5/cpw.mods.modlauncher.LaunchServiceHandler.launch(LaunchServiceHandler.java:53) [modlauncher-11.0.5.jar%2364!/:?]
	at MC-BOOTSTRAP/cpw.mods.modlauncher@11.0.5/cpw.mods.modlauncher.LaunchServiceHandler.launch(LaunchServiceHandler.java:71) [modlauncher-11.0.5.jar%2364!/:?]
	at MC-BOOTSTRAP/cpw.mods.modlauncher@11.0.5/cpw.mods.modlauncher.Launcher.run(Launcher.java:103) [modlauncher-11.0.5.jar%2364!/:?]
	at MC-BOOTSTRAP/cpw.mods.modlauncher@11.0.5/cpw.mods.modlauncher.Launcher.main(Launcher.java:74) [modlauncher-11.0.5.jar%2364!/:?]
	at MC-BOOTSTRAP/cpw.mods.modlauncher@11.0.5/cpw.mods.modlauncher.BootstrapLaunchConsumer.accept(BootstrapLaunchConsumer.java:26) [modlauncher-11.0.5.jar%2364!/:?]
	at MC-BOOTSTRAP/cpw.mods.modlauncher@11.0.5/cpw.mods.modlauncher.BootstrapLaunchConsumer.accept(BootstrapLaunchConsumer.java:23) [modlauncher-11.0.5.jar%2364!/:?]
	at cpw.mods.bootstraplauncher@2.0.2/cpw.mods.bootstraplauncher.BootstrapLauncher.run(BootstrapLauncher.java:210) [bootstraplauncher-2.0.2.jar:?]
	at cpw.mods.bootstraplauncher@2.0.2/cpw.mods.bootstraplauncher.BootstrapLauncher.main(BootstrapLauncher.java:69) [bootstraplauncher-2.0.2.jar:?]
[04Apr2026 00:41:34.165] [main/ERROR] [net.minecraft.world.item.crafting.RecipeManager/]: Parsing error loading recipe create:crushing/compat/biomeswevegone/brimstone_nether_quartz_ore
com.google.gson.JsonParseException: Failed to parse either. First: Failed to parse either. First: No key tag in MapLike[{"item":"biomeswevegone:brimstone_nether_quartz_ore"}]; No key fluid in MapLike[{"item":"biomeswevegone:brimstone_nether_quartz_ore"}]; Fluid ingredient cannot be empty, at least one item must be defined; No key children in MapLike[{"type":"neoforge:compound","ingredients":[{"item":"biomeswevegone:brimstone_nether_quartz_ore"}]}]; Second: Failed to parse either. First: No key amount in MapLike[{"type":"neoforge:compound","ingredients":[{"item":"biomeswevegone:brimstone_nether_quartz_ore"}]}]; No key fluid in MapLike[{"type":"neoforge:compound","ingredients":[{"item":"biomeswevegone:brimstone_nether_quartz_ore"}]}]; Invalid Type: neoforge:compound; Second: No key amount in MapLike[{"type":"neoforge:compound","ingredients":[{"item":"biomeswevegone:brimstone_nether_quartz_ore"}]}]; No key fluid_tag in MapLike[{"type":"neoforge:compound","ingredients":[{"item":"biomeswevegone:brimstone_nether_quartz_ore"}]}]; Invalid Type: neoforge:compound; Second: Failed to parse either. First: Not a json array: {"type":"neoforge:compound","ingredients":[{"item":"biomeswevegone:brimstone_nether_quartz_ore"}]}; Second: No key tag in MapLike[{"item":"biomeswevegone:brimstone_nether_quartz_ore"}]; Unknown registry key in ResourceKey[minecraft:root / minecraft:item]: biomeswevegone:brimstone_nether_quartz_ore; Item array cannot be empty, at least one item must be defined; No key children in MapLike[{"type":"neoforge:compound","ingredients":[{"item":"biomeswevegone:brimstone_nether_quartz_ore"}]}]
	at MC-BOOTSTRAP/datafixerupper@8.0.16/com.mojang.serialization.DataResult$Error.getOrThrow(DataResult.java:287) ~[datafixerupper-8.0.16.jar%23100!/:?]
	at TRANSFORMER/minecraft@1.21.1/net.minecraft.world.item.crafting.RecipeManager.apply(RecipeManager.java:60) ~[server-1.21.1-20240808.144430-srg.jar%23444!/:?]
	at TRANSFORMER/minecraft@1.21.1/net.minecraft.world.item.crafting.RecipeManager.apply(RecipeManager.java:36) ~[server-1.21.1-20240808.144430-srg.jar%23444!/:?]
	at TRANSFORMER/minecraft@1.21.1/net.minecraft.server.packs.resources.SimplePreparableReloadListener.lambda$reload$1(SimplePreparableReloadListener.java:19) ~[server-1.21.1-20240808.144430-srg.jar%23444!/:?]
	at java.base/java.util.concurrent.CompletableFuture$UniAccept.tryFire(CompletableFuture.java:718) ~[?:?]
	at java.base/java.util.concurrent.CompletableFuture$Completion.run(CompletableFuture.java:482) ~[?:?]
	at TRANSFORMER/minecraft@1.21.1/net.minecraft.server.packs.resources.SimpleReloadInstance.lambda$new$3(SimpleReloadInstance.java:69) ~[server-1.21.1-20240808.144430-srg.jar%23444!/:?]
	at TRANSFORMER/minecraft@1.21.1/net.minecraft.Util.blockUntilDone(Util.java:872) ~[server-1.21.1-20240808.144430-srg.jar%23444!/:?]
	at TRANSFORMER/minecraft@1.21.1/net.minecraft.Util.blockUntilDone(Util.java:861) ~[server-1.21.1-20240808.144430-srg.jar%23444!/:?]
	at TRANSFORMER/minecraft@1.21.1/net.minecraft.server.Main.main(Main.java:204) ~[server-1.21.1-20240808.144430-srg.jar%23444!/:?]
	at java.base/jdk.internal.reflect.DirectMethodHandleAccessor.invoke(DirectMethodHandleAccessor.java:103) ~[?:?]
	at java.base/java.lang.reflect.Method.invoke(Method.java:580) ~[?:?]
	at MC-BOOTSTRAP/fml_loader@4.0.42/net.neoforged.fml.loading.targets.CommonLaunchHandler.runTarget(CommonLaunchHandler.java:136) ~[loader-4.0.42.jar%2359!/:4.0]
	at MC-BOOTSTRAP/fml_loader@4.0.42/net.neoforged.fml.loading.targets.CommonLaunchHandler.serverService(CommonLaunchHandler.java:128) ~[loader-4.0.42.jar%2359!/:4.0]
	at MC-BOOTSTRAP/fml_loader@4.0.42/net.neoforged.fml.loading.targets.CommonServerLaunchHandler.runService(CommonServerLaunchHandler.java:32) ~[loader-4.0.42.jar%2359!/:4.0]
	at MC-BOOTSTRAP/fml_loader@4.0.42/net.neoforged.fml.loading.targets.CommonLaunchHandler.lambda$launchService$4(CommonLaunchHandler.java:118) ~[loader-4.0.42.jar%2359!/:4.0]
	at MC-BOOTSTRAP/cpw.mods.modlauncher@11.0.5/cpw.mods.modlauncher.LaunchServiceHandlerDecorator.launch(LaunchServiceHandlerDecorator.java:30) [modlauncher-11.0.5.jar%2364!/:?]
	at MC-BOOTSTRAP/cpw.mods.modlauncher@11.0.5/cpw.mods.modlauncher.LaunchServiceHandler.launch(LaunchServiceHandler.java:53) [modlauncher-11.0.5.jar%2364!/:?]
	at MC-BOOTSTRAP/cpw.mods.modlauncher@11.0.5/cpw.mods.modlauncher.LaunchServiceHandler.launch(LaunchServiceHandler.java:71) [modlauncher-11.0.5.jar%2364!/:?]
	at MC-BOOTSTRAP/cpw.mods.modlauncher@11.0.5/cpw.mods.modlauncher.Launcher.run(Launcher.java:103) [modlauncher-11.0.5.jar%2364!/:?]
	at MC-BOOTSTRAP/cpw.mods.modlauncher@11.0.5/cpw.mods.modlauncher.Launcher.main(Launcher.java:74) [modlauncher-11.0.5.jar%2364!/:?]
	at MC-BOOTSTRAP/cpw.mods.modlauncher@11.0.5/cpw.mods.modlauncher.BootstrapLaunchConsumer.accept(BootstrapLaunchConsumer.java:26) [modlauncher-11.0.5.jar%2364!/:?]
	at MC-BOOTSTRAP/cpw.mods.modlauncher@11.0.5/cpw.mods.modlauncher.BootstrapLaunchConsumer.accept(BootstrapLaunchConsumer.java:23) [modlauncher-11.0.5.jar%2364!/:?]
	at cpw.mods.bootstraplauncher@2.0.2/cpw.mods.bootstraplauncher.BootstrapLauncher.run(BootstrapLauncher.java:210) [bootstraplauncher-2.0.2.jar:?]
	at cpw.mods.bootstraplauncher@2.0.2/cpw.mods.bootstraplauncher.BootstrapLauncher.main(BootstrapLauncher.java:69) [bootstraplauncher-2.0.2.jar:?]
[04Apr2026 00:41:34.168] [main/ERROR] [net.minecraft.world.item.crafting.RecipeManager/]: Parsing error loading recipe farmersdelight:cutting/echo_log
com.google.gson.JsonParseException: Not a JSON object: "minecraft:item.axe.strip"; Failed to parse either. First: Not a json array: {"type":"farmersdelight:tool_action","action":"axe_strip"}; Second: Unknown registry key in ResourceKey[minecraft:root / neoforge:ingredient_serializer]: farmersdelight:tool_action
	at MC-BOOTSTRAP/datafixerupper@8.0.16/com.mojang.serialization.DataResult$Error.getOrThrow(DataResult.java:287) ~[datafixerupper-8.0.16.jar%23100!/:?]
	at TRANSFORMER/minecraft@1.21.1/net.minecraft.world.item.crafting.RecipeManager.apply(RecipeManager.java:60) ~[server-1.21.1-20240808.144430-srg.jar%23444!/:?]
	at TRANSFORMER/minecraft@1.21.1/net.minecraft.world.item.crafting.RecipeManager.apply(RecipeManager.java:36) ~[server-1.21.1-20240808.144430-srg.jar%23444!/:?]
	at TRANSFORMER/minecraft@1.21.1/net.minecraft.server.packs.resources.SimplePreparableReloadListener.lambda$reload$1(SimplePreparableReloadListener.java:19) ~[server-1.21.1-20240808.144430-srg.jar%23444!/:?]
	at java.base/java.util.concurrent.CompletableFuture$UniAccept.tryFire(CompletableFuture.java:718) ~[?:?]
	at java.base/java.util.concurrent.CompletableFuture$Completion.run(CompletableFuture.java:482) ~[?:?]
	at TRANSFORMER/minecraft@1.21.1/net.minecraft.server.packs.resources.SimpleReloadInstance.lambda$new$3(SimpleReloadInstance.java:69) ~[server-1.21.1-20240808.144430-srg.jar%23444!/:?]
	at TRANSFORMER/minecraft@1.21.1/net.minecraft.Util.blockUntilDone(Util.java:872) ~[server-1.21.1-20240808.144430-srg.jar%23444!/:?]
	at TRANSFORMER/minecraft@1.21.1/net.minecraft.Util.blockUntilDone(Util.java:861) ~[server-1.21.1-20240808.144430-srg.jar%23444!/:?]
	at TRANSFORMER/minecraft@1.21.1/net.minecraft.server.Main.main(Main.java:204) ~[server-1.21.1-20240808.144430-srg.jar%23444!/:?]
	at java.base/jdk.internal.reflect.DirectMethodHandleAccessor.invoke(DirectMethodHandleAccessor.java:103) ~[?:?]
	at java.base/java.lang.reflect.Method.invoke(Method.java:580) ~[?:?]
	at MC-BOOTSTRAP/fml_loader@4.0.42/net.neoforged.fml.loading.targets.CommonLaunchHandler.runTarget(CommonLaunchHandler.java:136) ~[loader-4.0.42.jar%2359!/:4.0]
	at MC-BOOTSTRAP/fml_loader@4.0.42/net.neoforged.fml.loading.targets.CommonLaunchHandler.serverService(CommonLaunchHandler.java:128) ~[loader-4.0.42.jar%2359!/:4.0]
	at MC-BOOTSTRAP/fml_loader@4.0.42/net.neoforged.fml.loading.targets.CommonServerLaunchHandler.runService(CommonServerLaunchHandler.java:32) ~[loader-4.0.42.jar%2359!/:4.0]
	at MC-BOOTSTRAP/fml_loader@4.0.42/net.neoforged.fml.loading.targets.CommonLaunchHandler.lambda$launchService$4(CommonLaunchHandler.java:118) ~[loader-4.0.42.jar%2359!/:4.0]
	at MC-BOOTSTRAP/cpw.mods.modlauncher@11.0.5/cpw.mods.modlauncher.LaunchServiceHandlerDecorator.launch(LaunchServiceHandlerDecorator.java:30) [modlauncher-11.0.5.jar%2364!/:?]
	at MC-BOOTSTRAP/cpw.mods.modlauncher@11.0.5/cpw.mods.modlauncher.LaunchServiceHandler.launch(LaunchServiceHandler.java:53) [modlauncher-11.0.5.jar%2364!/:?]
	at MC-BOOTSTRAP/cpw.mods.modlauncher@11.0.5/cpw.mods.modlauncher.LaunchServiceHandler.launch(LaunchServiceHandler.java:71) [modlauncher-11.0.5.jar%2364!/:?]
	at MC-BOOTSTRAP/cpw.mods.modlauncher@11.0.5/cpw.mods.modlauncher.Launcher.run(Launcher.java:103) [modlauncher-11.0.5.jar%2364!/:?]
	at MC-BOOTSTRAP/cpw.mods.modlauncher@11.0.5/cpw.mods.modlauncher.Launcher.main(Launcher.java:74) [modlauncher-11.0.5.jar%2364!/:?]
	at MC-BOOTSTRAP/cpw.mods.modlauncher@11.0.5/cpw.mods.modlauncher.BootstrapLaunchConsumer.accept(BootstrapLaunchConsumer.java:26) [modlauncher-11.0.5.jar%2364!/:?]
	at MC-BOOTSTRAP/cpw.mods.modlauncher@11.0.5/cpw.mods.modlauncher.BootstrapLaunchConsumer.accept(BootstrapLaunchConsumer.java:23) [modlauncher-11.0.5.jar%2364!/:?]
	at cpw.mods.bootstraplauncher@2.0.2/cpw.mods.bootstraplauncher.BootstrapLauncher.run(BootstrapLauncher.java:210) [bootstraplauncher-2.0.2.jar:?]
	at cpw.mods.bootstraplauncher@2.0.2/cpw.mods.bootstraplauncher.BootstrapLauncher.main(BootstrapLauncher.java:69) [bootstraplauncher-2.0.2.jar:?]
[04Apr2026 00:41:34.169] [main/ERROR] [net.minecraft.world.item.crafting.RecipeManager/]: Parsing error loading recipe cataclysm_spellbooks:the_berserker_upgrade
com.google.gson.JsonParseException: Failed to parse either. First: Not a json array: {"item":"cataclysm_spellbooks:mechanical_weapon_parts"}; Second: No key tag in MapLike[{"item":"cataclysm_spellbooks:mechanical_weapon_parts"}]; Unknown registry key in ResourceKey[minecraft:root / minecraft:item]: cataclysm_spellbooks:mechanical_weapon_parts; Failed to parse either. First: Not a json array: {"item":"cataclysm_spellbooks:gauntlet_of_gattling"}; Second: No key tag in MapLike[{"item":"cataclysm_spellbooks:gauntlet_of_gattling"}]; Unknown registry key in ResourceKey[minecraft:root / minecraft:item]: cataclysm_spellbooks:gauntlet_of_gattling; Unknown registry key in ResourceKey[minecraft:root / minecraft:item]: cataclysm_spellbooks:the_berserker
	at MC-BOOTSTRAP/datafixerupper@8.0.16/com.mojang.serialization.DataResult$Error.getOrThrow(DataResult.java:287) ~[datafixerupper-8.0.16.jar%23100!/:?]
	at TRANSFORMER/minecraft@1.21.1/net.minecraft.world.item.crafting.RecipeManager.apply(RecipeManager.java:60) ~[server-1.21.1-20240808.144430-srg.jar%23444!/:?]
	at TRANSFORMER/minecraft@1.21.1/net.minecraft.world.item.crafting.RecipeManager.apply(RecipeManager.java:36) ~[server-1.21.1-20240808.144430-srg.jar%23444!/:?]
	at TRANSFORMER/minecraft@1.21.1/net.minecraft.server.packs.resources.SimplePreparableReloadListener.lambda$reload$1(SimplePreparableReloadListener.java:19) ~[server-1.21.1-20240808.144430-srg.jar%23444!/:?]
	at java.base/java.util.concurrent.CompletableFuture$UniAccept.tryFire(CompletableFuture.java:718) ~[?:?]
	at java.base/java.util.concurrent.CompletableFuture$Completion.run(CompletableFuture.java:482) ~[?:?]
	at TRANSFORMER/minecraft@1.21.1/net.minecraft.server.packs.resources.SimpleReloadInstance.lambda$new$3(SimpleReloadInstance.java:69) ~[server-1.21.1-20240808.144430-srg.jar%23444!/:?]
	at TRANSFORMER/minecraft@1.21.1/net.minecraft.Util.blockUntilDone(Util.java:872) ~[server-1.21.1-20240808.144430-srg.jar%23444!/:?]
	at TRANSFORMER/minecraft@1.21.1/net.minecraft.Util.blockUntilDone(Util.java:861) ~[server-1.21.1-20240808.144430-srg.jar%23444!/:?]
	at TRANSFORMER/minecraft@1.21.1/net.minecraft.server.Main.main(Main.java:204) ~[server-1.21.1-20240808.144430-srg.jar%23444!/:?]
	at java.base/jdk.internal.reflect.DirectMethodHandleAccessor.invoke(DirectMethodHandleAccessor.java:103) ~[?:?]
	at java.base/java.lang.reflect.Method.invoke(Method.java:580) ~[?:?]
	at MC-BOOTSTRAP/fml_loader@4.0.42/net.neoforged.fml.loading.targets.CommonLaunchHandler.runTarget(CommonLaunchHandler.java:136) ~[loader-4.0.42.jar%2359!/:4.0]
	at MC-BOOTSTRAP/fml_loader@4.0.42/net.neoforged.fml.loading.targets.CommonLaunchHandler.serverService(CommonLaunchHandler.java:128) ~[loader-4.0.42.jar%2359!/:4.0]
	at MC-BOOTSTRAP/fml_loader@4.0.42/net.neoforged.fml.loading.targets.CommonServerLaunchHandler.runService(CommonServerLaunchHandler.java:32) ~[loader-4.0.42.jar%2359!/:4.0]
	at MC-BOOTSTRAP/fml_loader@4.0.42/net.neoforged.fml.loading.targets.CommonLaunchHandler.lambda$launchService$4(CommonLaunchHandler.java:118) ~[loader-4.0.42.jar%2359!/:4.0]
	at MC-BOOTSTRAP/cpw.mods.modlauncher@11.0.5/cpw.mods.modlauncher.LaunchServiceHandlerDecorator.launch(LaunchServiceHandlerDecorator.java:30) [modlauncher-11.0.5.jar%2364!/:?]
	at MC-BOOTSTRAP/cpw.mods.modlauncher@11.0.5/cpw.mods.modlauncher.LaunchServiceHandler.launch(LaunchServiceHandler.java:53) [modlauncher-11.0.5.jar%2364!/:?]
	at MC-BOOTSTRAP/cpw.mods.modlauncher@11.0.5/cpw.mods.modlauncher.LaunchServiceHandler.launch(LaunchServiceHandler.java:71) [modlauncher-11.0.5.jar%2364!/:?]
	at MC-BOOTSTRAP/cpw.mods.modlauncher@11.0.5/cpw.mods.modlauncher.Launcher.run(Launcher.java:103) [modlauncher-11.0.5.jar%2364!/:?]
	at MC-BOOTSTRAP/cpw.mods.modlauncher@11.0.5/cpw.mods.modlauncher.Launcher.main(Launcher.java:74) [modlauncher-11.0.5.jar%2364!/:?]
	at MC-BOOTSTRAP/cpw.mods.modlauncher@11.0.5/cpw.mods.modlauncher.BootstrapLaunchConsumer.accept(BootstrapLaunchConsumer.java:26) [modlauncher-11.0.5.jar%2364!/:?]
	at MC-BOOTSTRAP/cpw.mods.modlauncher@11.0.5/cpw.mods.modlauncher.BootstrapLaunchConsumer.accept(BootstrapLaunchConsumer.java:23) [modlauncher-11.0.5.jar%2364!/:?]
	at cpw.mods.bootstraplauncher@2.0.2/cpw.mods.bootstraplauncher.BootstrapLauncher.run(BootstrapLauncher.java:210) [bootstraplauncher-2.0.2.jar:?]
	at cpw.mods.bootstraplauncher@2.0.2/cpw.mods.bootstraplauncher.BootstrapLauncher.main(BootstrapLauncher.java:69) [bootstraplauncher-2.0.2.jar:?]
[04Apr2026 00:41:34.174] [main/ERROR] [net.minecraft.world.item.crafting.RecipeManager/]: Parsing error loading recipe farmersdelight:cutting/echo_sign
com.google.gson.JsonParseException: Failed to parse either. First: Not a json array: {"type":"farmersdelight:tool_action","action":"axe_dig"}; Second: Unknown registry key in ResourceKey[minecraft:root / neoforge:ingredient_serializer]: farmersdelight:tool_action
	at MC-BOOTSTRAP/datafixerupper@8.0.16/com.mojang.serialization.DataResult$Error.getOrThrow(DataResult.java:287) ~[datafixerupper-8.0.16.jar%23100!/:?]
	at TRANSFORMER/minecraft@1.21.1/net.minecraft.world.item.crafting.RecipeManager.apply(RecipeManager.java:60) ~[server-1.21.1-20240808.144430-srg.jar%23444!/:?]
	at TRANSFORMER/minecraft@1.21.1/net.minecraft.world.item.crafting.RecipeManager.apply(RecipeManager.java:36) ~[server-1.21.1-20240808.144430-srg.jar%23444!/:?]
	at TRANSFORMER/minecraft@1.21.1/net.minecraft.server.packs.resources.SimplePreparableReloadListener.lambda$reload$1(SimplePreparableReloadListener.java:19) ~[server-1.21.1-20240808.144430-srg.jar%23444!/:?]
	at java.base/java.util.concurrent.CompletableFuture$UniAccept.tryFire(CompletableFuture.java:718) ~[?:?]
	at java.base/java.util.concurrent.CompletableFuture$Completion.run(CompletableFuture.java:482) ~[?:?]
	at TRANSFORMER/minecraft@1.21.1/net.minecraft.server.packs.resources.SimpleReloadInstance.lambda$new$3(SimpleReloadInstance.java:69) ~[server-1.21.1-20240808.144430-srg.jar%23444!/:?]
	at TRANSFORMER/minecraft@1.21.1/net.minecraft.Util.blockUntilDone(Util.java:872) ~[server-1.21.1-20240808.144430-srg.jar%23444!/:?]
	at TRANSFORMER/minecraft@1.21.1/net.minecraft.Util.blockUntilDone(Util.java:861) ~[server-1.21.1-20240808.144430-srg.jar%23444!/:?]
	at TRANSFORMER/minecraft@1.21.1/net.minecraft.server.Main.main(Main.java:204) ~[server-1.21.1-20240808.144430-srg.jar%23444!/:?]
	at java.base/jdk.internal.reflect.DirectMethodHandleAccessor.invoke(DirectMethodHandleAccessor.java:103) ~[?:?]
	at java.base/java.lang.reflect.Method.invoke(Method.java:580) ~[?:?]
	at MC-BOOTSTRAP/fml_loader@4.0.42/net.neoforged.fml.loading.targets.CommonLaunchHandler.runTarget(CommonLaunchHandler.java:136) ~[loader-4.0.42.jar%2359!/:4.0]
	at MC-BOOTSTRAP/fml_loader@4.0.42/net.neoforged.fml.loading.targets.CommonLaunchHandler.serverService(CommonLaunchHandler.java:128) ~[loader-4.0.42.jar%2359!/:4.0]
	at MC-BOOTSTRAP/fml_loader@4.0.42/net.neoforged.fml.loading.targets.CommonServerLaunchHandler.runService(CommonServerLaunchHandler.java:32) ~[loader-4.0.42.jar%2359!/:4.0]
	at MC-BOOTSTRAP/fml_loader@4.0.42/net.neoforged.fml.loading.targets.CommonLaunchHandler.lambda$launchService$4(CommonLaunchHandler.java:118) ~[loader-4.0.42.jar%2359!/:4.0]
	at MC-BOOTSTRAP/cpw.mods.modlauncher@11.0.5/cpw.mods.modlauncher.LaunchServiceHandlerDecorator.launch(LaunchServiceHandlerDecorator.java:30) [modlauncher-11.0.5.jar%2364!/:?]
	at MC-BOOTSTRAP/cpw.mods.modlauncher@11.0.5/cpw.mods.modlauncher.LaunchServiceHandler.launch(LaunchServiceHandler.java:53) [modlauncher-11.0.5.jar%2364!/:?]
	at MC-BOOTSTRAP/cpw.mods.modlauncher@11.0.5/cpw.mods.modlauncher.LaunchServiceHandler.launch(LaunchServiceHandler.java:71) [modlauncher-11.0.5.jar%2364!/:?]
	at MC-BOOTSTRAP/cpw.mods.modlauncher@11.0.5/cpw.mods.modlauncher.Launcher.run(Launcher.java:103) [modlauncher-11.0.5.jar%2364!/:?]
	at MC-BOOTSTRAP/cpw.mods.modlauncher@11.0.5/cpw.mods.modlauncher.Launcher.main(Launcher.java:74) [modlauncher-11.0.5.jar%2364!/:?]
	at MC-BOOTSTRAP/cpw.mods.modlauncher@11.0.5/cpw.mods.modlauncher.BootstrapLaunchConsumer.accept(BootstrapLaunchConsumer.java:26) [modlauncher-11.0.5.jar%2364!/:?]
	at MC-BOOTSTRAP/cpw.mods.modlauncher@11.0.5/cpw.mods.modlauncher.BootstrapLaunchConsumer.accept(BootstrapLaunchConsumer.java:23) [modlauncher-11.0.5.jar%2364!/:?]
	at cpw.mods.bootstraplauncher@2.0.2/cpw.mods.bootstraplauncher.BootstrapLauncher.run(BootstrapLauncher.java:210) [bootstraplauncher-2.0.2.jar:?]
	at cpw.mods.bootstraplauncher@2.0.2/cpw.mods.bootstraplauncher.BootstrapLauncher.main(BootstrapLauncher.java:69) [bootstraplauncher-2.0.2.jar:?]
[04Apr2026 00:41:34.176] [main/ERROR] [net.minecraft.world.item.crafting.RecipeManager/]: Parsing error loading recipe create:crushing/gloomslate_iron_ore
com.google.gson.JsonParseException: Failed to parse either. First: No key amount in MapLike[{"chance":0.125,"item":"deeperdarker:cobbled_gloomslate"}]; No key id in MapLike[{"chance":0.125,"item":"deeperdarker:cobbled_gloomslate"}]; Second: Failed to parse either. First: No key id in MapLike[{"chance":0.125,"item":"deeperdarker:cobbled_gloomslate"}]; Second: Failed to parse either. First: Not a JSON object: "deeperdarker:cobbled_gloomslate"; Second: Compat cannot be deserialized; Failed to parse either. First: No key amount in MapLike[{"item":"create:experience_nugget"}]; No key id in MapLike[{"item":"create:experience_nugget"}]; Second: Failed to parse either. First: No key id in MapLike[{"item":"create:experience_nugget"}]; Second: Failed to parse either. First: Not a JSON object: "create:experience_nugget"; Second: Compat cannot be deserialized; Failed to parse either. First: No key amount in MapLike[{"chance":0.75,"item":"create:crushed_raw_iron"}]; No key id in MapLike[{"chance":0.75,"item":"create:crushed_raw_iron"}]; Second: Failed to parse either. First: No key id in MapLike[{"chance":0.75,"item":"create:crushed_raw_iron"}]; Second: Failed to parse either. First: Not a JSON object: "create:crushed_raw_iron"; Second: Compat cannot be deserialized; Failed to parse either. First: No key amount in MapLike[{"count":3,"item":"create:crushed_raw_iron"}]; No key id in MapLike[{"count":3,"item":"create:crushed_raw_iron"}]; Second: Failed to parse either. First: No key id in MapLike[{"count":3,"item":"create:crushed_raw_iron"}]; Second: Failed to parse either. First: Not a JSON object: "create:crushed_raw_iron"; Second: Compat cannot be deserialized
	at MC-BOOTSTRAP/datafixerupper@8.0.16/com.mojang.serialization.DataResult$Error.getOrThrow(DataResult.java:287) ~[datafixerupper-8.0.16.jar%23100!/:?]
	at TRANSFORMER/minecraft@1.21.1/net.minecraft.world.item.crafting.RecipeManager.apply(RecipeManager.java:60) ~[server-1.21.1-20240808.144430-srg.jar%23444!/:?]
	at TRANSFORMER/minecraft@1.21.1/net.minecraft.world.item.crafting.RecipeManager.apply(RecipeManager.java:36) ~[server-1.21.1-20240808.144430-srg.jar%23444!/:?]
	at TRANSFORMER/minecraft@1.21.1/net.minecraft.server.packs.resources.SimplePreparableReloadListener.lambda$reload$1(SimplePreparableReloadListener.java:19) ~[server-1.21.1-20240808.144430-srg.jar%23444!/:?]
	at java.base/java.util.concurrent.CompletableFuture$UniAccept.tryFire(CompletableFuture.java:718) ~[?:?]
	at java.base/java.util.concurrent.CompletableFuture$Completion.run(CompletableFuture.java:482) ~[?:?]
	at TRANSFORMER/minecraft@1.21.1/net.minecraft.server.packs.resources.SimpleReloadInstance.lambda$new$3(SimpleReloadInstance.java:69) ~[server-1.21.1-20240808.144430-srg.jar%23444!/:?]
	at TRANSFORMER/minecraft@1.21.1/net.minecraft.Util.blockUntilDone(Util.java:872) ~[server-1.21.1-20240808.144430-srg.jar%23444!/:?]
	at TRANSFORMER/minecraft@1.21.1/net.minecraft.Util.blockUntilDone(Util.java:861) ~[server-1.21.1-20240808.144430-srg.jar%23444!/:?]
	at TRANSFORMER/minecraft@1.21.1/net.minecraft.server.Main.main(Main.java:204) ~[server-1.21.1-20240808.144430-srg.jar%23444!/:?]
	at java.base/jdk.internal.reflect.DirectMethodHandleAccessor.invoke(DirectMethodHandleAccessor.java:103) ~[?:?]
	at java.base/java.lang.reflect.Method.invoke(Method.java:580) ~[?:?]
	at MC-BOOTSTRAP/fml_loader@4.0.42/net.neoforged.fml.loading.targets.CommonLaunchHandler.runTarget(CommonLaunchHandler.java:136) ~[loader-4.0.42.jar%2359!/:4.0]
	at MC-BOOTSTRAP/fml_loader@4.0.42/net.neoforged.fml.loading.targets.CommonLaunchHandler.serverService(CommonLaunchHandler.java:128) ~[loader-4.0.42.jar%2359!/:4.0]
	at MC-BOOTSTRAP/fml_loader@4.0.42/net.neoforged.fml.loading.targets.CommonServerLaunchHandler.runService(CommonServerLaunchHandler.java:32) ~[loader-4.0.42.jar%2359!/:4.0]
	at MC-BOOTSTRAP/fml_loader@4.0.42/net.neoforged.fml.loading.targets.CommonLaunchHandler.lambda$launchService$4(CommonLaunchHandler.java:118) ~[loader-4.0.42.jar%2359!/:4.0]
	at MC-BOOTSTRAP/cpw.mods.modlauncher@11.0.5/cpw.mods.modlauncher.LaunchServiceHandlerDecorator.launch(LaunchServiceHandlerDecorator.java:30) [modlauncher-11.0.5.jar%2364!/:?]
	at MC-BOOTSTRAP/cpw.mods.modlauncher@11.0.5/cpw.mods.modlauncher.LaunchServiceHandler.launch(LaunchServiceHandler.java:53) [modlauncher-11.0.5.jar%2364!/:?]
	at MC-BOOTSTRAP/cpw.mods.modlauncher@11.0.5/cpw.mods.modlauncher.LaunchServiceHandler.launch(LaunchServiceHandler.java:71) [modlauncher-11.0.5.jar%2364!/:?]
	at MC-BOOTSTRAP/cpw.mods.modlauncher@11.0.5/cpw.mods.modlauncher.Launcher.run(Launcher.java:103) [modlauncher-11.0.5.jar%2364!/:?]
	at MC-BOOTSTRAP/cpw.mods.modlauncher@11.0.5/cpw.mods.modlauncher.Launcher.main(Launcher.java:74) [modlauncher-11.0.5.jar%2364!/:?]
	at MC-BOOTSTRAP/cpw.mods.modlauncher@11.0.5/cpw.mods.modlauncher.BootstrapLaunchConsumer.accept(BootstrapLaunchConsumer.java:26) [modlauncher-11.0.5.jar%2364!/:?]
	at MC-BOOTSTRAP/cpw.mods.modlauncher@11.0.5/cpw.mods.modlauncher.BootstrapLaunchConsumer.accept(BootstrapLaunchConsumer.java:23) [modlauncher-11.0.5.jar%2364!/:?]
	at cpw.mods.bootstraplauncher@2.0.2/cpw.mods.bootstraplauncher.BootstrapLauncher.run(BootstrapLauncher.java:210) [bootstraplauncher-2.0.2.jar:?]
	at cpw.mods.bootstraplauncher@2.0.2/cpw.mods.bootstraplauncher.BootstrapLauncher.main(BootstrapLauncher.java:69) [bootstraplauncher-2.0.2.jar:?]
[04Apr2026 00:41:34.184] [main/ERROR] [net.minecraft.world.item.crafting.RecipeManager/]: Parsing error loading recipe cataclysm_spellbooks:excel_upgrade_mana
com.google.gson.JsonParseException: Unknown registry key in ResourceKey[minecraft:root / minecraft:item]: cataclysm_spellbooks:excel_upgrade_mana; Map entry 's' : Failed to parse either. First: Not a json array: {"item":"cataclysm_spellbooks:mechanical_scrap"}; Second: No key tag in MapLike[{"item":"cataclysm_spellbooks:mechanical_scrap"}]; Unknown registry key in ResourceKey[minecraft:root / minecraft:item]: cataclysm_spellbooks:mechanical_scrap
	at MC-BOOTSTRAP/datafixerupper@8.0.16/com.mojang.serialization.DataResult$Error.getOrThrow(DataResult.java:287) ~[datafixerupper-8.0.16.jar%23100!/:?]
	at TRANSFORMER/minecraft@1.21.1/net.minecraft.world.item.crafting.RecipeManager.apply(RecipeManager.java:60) ~[server-1.21.1-20240808.144430-srg.jar%23444!/:?]
	at TRANSFORMER/minecraft@1.21.1/net.minecraft.world.item.crafting.RecipeManager.apply(RecipeManager.java:36) ~[server-1.21.1-20240808.144430-srg.jar%23444!/:?]
	at TRANSFORMER/minecraft@1.21.1/net.minecraft.server.packs.resources.SimplePreparableReloadListener.lambda$reload$1(SimplePreparableReloadListener.java:19) ~[server-1.21.1-20240808.144430-srg.jar%23444!/:?]
	at java.base/java.util.concurrent.CompletableFuture$UniAccept.tryFire(CompletableFuture.java:718) ~[?:?]
	at java.base/java.util.concurrent.CompletableFuture$Completion.run(CompletableFuture.java:482) ~[?:?]
	at TRANSFORMER/minecraft@1.21.1/net.minecraft.server.packs.resources.SimpleReloadInstance.lambda$new$3(SimpleReloadInstance.java:69) ~[server-1.21.1-20240808.144430-srg.jar%23444!/:?]
	at TRANSFORMER/minecraft@1.21.1/net.minecraft.Util.blockUntilDone(Util.java:872) ~[server-1.21.1-20240808.144430-srg.jar%23444!/:?]
	at TRANSFORMER/minecraft@1.21.1/net.minecraft.Util.blockUntilDone(Util.java:861) ~[server-1.21.1-20240808.144430-srg.jar%23444!/:?]
	at TRANSFORMER/minecraft@1.21.1/net.minecraft.server.Main.main(Main.java:204) ~[server-1.21.1-20240808.144430-srg.jar%23444!/:?]
	at java.base/jdk.internal.reflect.DirectMethodHandleAccessor.invoke(DirectMethodHandleAccessor.java:103) ~[?:?]
	at java.base/java.lang.reflect.Method.invoke(Method.java:580) ~[?:?]
	at MC-BOOTSTRAP/fml_loader@4.0.42/net.neoforged.fml.loading.targets.CommonLaunchHandler.runTarget(CommonLaunchHandler.java:136) ~[loader-4.0.42.jar%2359!/:4.0]
	at MC-BOOTSTRAP/fml_loader@4.0.42/net.neoforged.fml.loading.targets.CommonLaunchHandler.serverService(CommonLaunchHandler.java:128) ~[loader-4.0.42.jar%2359!/:4.0]
	at MC-BOOTSTRAP/fml_loader@4.0.42/net.neoforged.fml.loading.targets.CommonServerLaunchHandler.runService(CommonServerLaunchHandler.java:32) ~[loader-4.0.42.jar%2359!/:4.0]
	at MC-BOOTSTRAP/fml_loader@4.0.42/net.neoforged.fml.loading.targets.CommonLaunchHandler.lambda$launchService$4(CommonLaunchHandler.java:118) ~[loader-4.0.42.jar%2359!/:4.0]
	at MC-BOOTSTRAP/cpw.mods.modlauncher@11.0.5/cpw.mods.modlauncher.LaunchServiceHandlerDecorator.launch(LaunchServiceHandlerDecorator.java:30) [modlauncher-11.0.5.jar%2364!/:?]
	at MC-BOOTSTRAP/cpw.mods.modlauncher@11.0.5/cpw.mods.modlauncher.LaunchServiceHandler.launch(LaunchServiceHandler.java:53) [modlauncher-11.0.5.jar%2364!/:?]
	at MC-BOOTSTRAP/cpw.mods.modlauncher@11.0.5/cpw.mods.modlauncher.LaunchServiceHandler.launch(LaunchServiceHandler.java:71) [modlauncher-11.0.5.jar%2364!/:?]
	at MC-BOOTSTRAP/cpw.mods.modlauncher@11.0.5/cpw.mods.modlauncher.Launcher.run(Launcher.java:103) [modlauncher-11.0.5.jar%2364!/:?]
	at MC-BOOTSTRAP/cpw.mods.modlauncher@11.0.5/cpw.mods.modlauncher.Launcher.main(Launcher.java:74) [modlauncher-11.0.5.jar%2364!/:?]
	at MC-BOOTSTRAP/cpw.mods.modlauncher@11.0.5/cpw.mods.modlauncher.BootstrapLaunchConsumer.accept(BootstrapLaunchConsumer.java:26) [modlauncher-11.0.5.jar%2364!/:?]
	at MC-BOOTSTRAP/cpw.mods.modlauncher@11.0.5/cpw.mods.modlauncher.BootstrapLaunchConsumer.accept(BootstrapLaunchConsumer.java:23) [modlauncher-11.0.5.jar%2364!/:?]
	at cpw.mods.bootstraplauncher@2.0.2/cpw.mods.bootstraplauncher.BootstrapLauncher.run(BootstrapLauncher.java:210) [bootstraplauncher-2.0.2.jar:?]
	at cpw.mods.bootstraplauncher@2.0.2/cpw.mods.bootstraplauncher.BootstrapLauncher.main(BootstrapLauncher.java:69) [bootstraplauncher-2.0.2.jar:?]
[04Apr2026 00:41:34.191] [NeoForge Version Check/WARN] [net.neoforged.fml.VersionChecker/]: Failed to process update information
java.lang.NullPointerException: Cannot invoke "java.util.Map.get(Object)" because "promos" is null
	at MC-BOOTSTRAP/fml_loader@4.0.42/net.neoforged.fml.VersionChecker$1.process(VersionChecker.java:173) ~[loader-4.0.42.jar%2359!/:4.0]
	at java.base/java.lang.Iterable.forEach(Iterable.java:75) [?:?]
	at MC-BOOTSTRAP/fml_loader@4.0.42/net.neoforged.fml.VersionChecker$1.run(VersionChecker.java:105) [loader-4.0.42.jar%2359!/:4.0]
[04Apr2026 00:41:34.191] [NeoForge Version Check/INFO] [net.neoforged.fml.VersionChecker/]: [ae2wtlib] Starting version check at https://api.modrinth.com/updates/applied-energistics-2-wireless-terminals/forge_updates.json?neoforge=only
[04Apr2026 00:41:34.192] [main/ERROR] [net.minecraft.world.item.crafting.RecipeManager/]: Parsing error loading recipe cataclysm_spellbooks:excel_upgrade_resistence
com.google.gson.JsonParseException: Unknown registry key in ResourceKey[minecraft:root / minecraft:item]: cataclysm_spellbooks:excel_upgrade_resistence; Map entry 's' : Failed to parse either. First: Not a json array: {"item":"cataclysm_spellbooks:mechanical_scrap"}; Second: No key tag in MapLike[{"item":"cataclysm_spellbooks:mechanical_scrap"}]; Unknown registry key in ResourceKey[minecraft:root / minecraft:item]: cataclysm_spellbooks:mechanical_scrap
	at MC-BOOTSTRAP/datafixerupper@8.0.16/com.mojang.serialization.DataResult$Error.getOrThrow(DataResult.java:287) ~[datafixerupper-8.0.16.jar%23100!/:?]
	at TRANSFORMER/minecraft@1.21.1/net.minecraft.world.item.crafting.RecipeManager.apply(RecipeManager.java:60) ~[server-1.21.1-20240808.144430-srg.jar%23444!/:?]
	at TRANSFORMER/minecraft@1.21.1/net.minecraft.world.item.crafting.RecipeManager.apply(RecipeManager.java:36) ~[server-1.21.1-20240808.144430-srg.jar%23444!/:?]
	at TRANSFORMER/minecraft@1.21.1/net.minecraft.server.packs.resources.SimplePreparableReloadListener.lambda$reload$1(SimplePreparableReloadListener.java:19) ~[server-1.21.1-20240808.144430-srg.jar%23444!/:?]
	at java.base/java.util.concurrent.CompletableFuture$UniAccept.tryFire(CompletableFuture.java:718) ~[?:?]
	at java.base/java.util.concurrent.CompletableFuture$Completion.run(CompletableFuture.java:482) ~[?:?]
	at TRANSFORMER/minecraft@1.21.1/net.minecraft.server.packs.resources.SimpleReloadInstance.lambda$new$3(SimpleReloadInstance.java:69) ~[server-1.21.1-20240808.144430-srg.jar%23444!/:?]
	at TRANSFORMER/minecraft@1.21.1/net.minecraft.Util.blockUntilDone(Util.java:872) ~[server-1.21.1-20240808.144430-srg.jar%23444!/:?]
	at TRANSFORMER/minecraft@1.21.1/net.minecraft.Util.blockUntilDone(Util.java:861) ~[server-1.21.1-20240808.144430-srg.jar%23444!/:?]
	at TRANSFORMER/minecraft@1.21.1/net.minecraft.server.Main.main(Main.java:204) ~[server-1.21.1-20240808.144430-srg.jar%23444!/:?]
	at java.base/jdk.internal.reflect.DirectMethodHandleAccessor.invoke(DirectMethodHandleAccessor.java:103) ~[?:?]
	at java.base/java.lang.reflect.Method.invoke(Method.java:580) ~[?:?]
	at MC-BOOTSTRAP/fml_loader@4.0.42/net.neoforged.fml.loading.targets.CommonLaunchHandler.runTarget(CommonLaunchHandler.java:136) ~[loader-4.0.42.jar%2359!/:4.0]
	at MC-BOOTSTRAP/fml_loader@4.0.42/net.neoforged.fml.loading.targets.CommonLaunchHandler.serverService(CommonLaunchHandler.java:128) ~[loader-4.0.42.jar%2359!/:4.0]
	at MC-BOOTSTRAP/fml_loader@4.0.42/net.neoforged.fml.loading.targets.CommonServerLaunchHandler.runService(CommonServerLaunchHandler.java:32) ~[loader-4.0.42.jar%2359!/:4.0]
	at MC-BOOTSTRAP/fml_loader@4.0.42/net.neoforged.fml.loading.targets.CommonLaunchHandler.lambda$launchService$4(CommonLaunchHandler.java:118) ~[loader-4.0.42.jar%2359!/:4.0]
	at MC-BOOTSTRAP/cpw.mods.modlauncher@11.0.5/cpw.mods.modlauncher.LaunchServiceHandlerDecorator.launch(LaunchServiceHandlerDecorator.java:30) [modlauncher-11.0.5.jar%2364!/:?]
	at MC-BOOTSTRAP/cpw.mods.modlauncher@11.0.5/cpw.mods.modlauncher.LaunchServiceHandler.launch(LaunchServiceHandler.java:53) [modlauncher-11.0.5.jar%2364!/:?]
	at MC-BOOTSTRAP/cpw.mods.modlauncher@11.0.5/cpw.mods.modlauncher.LaunchServiceHandler.launch(LaunchServiceHandler.java:71) [modlauncher-11.0.5.jar%2364!/:?]
	at MC-BOOTSTRAP/cpw.mods.modlauncher@11.0.5/cpw.mods.modlauncher.Launcher.run(Launcher.java:103) [modlauncher-11.0.5.jar%2364!/:?]
	at MC-BOOTSTRAP/cpw.mods.modlauncher@11.0.5/cpw.mods.modlauncher.Launcher.main(Launcher.java:74) [modlauncher-11.0.5.jar%2364!/:?]
	at MC-BOOTSTRAP/cpw.mods.modlauncher@11.0.5/cpw.mods.modlauncher.BootstrapLaunchConsumer.accept(BootstrapLaunchConsumer.java:26) [modlauncher-11.0.5.jar%2364!/:?]
	at MC-BOOTSTRAP/cpw.mods.modlauncher@11.0.5/cpw.mods.modlauncher.BootstrapLaunchConsumer.accept(BootstrapLaunchConsumer.java:23) [modlauncher-11.0.5.jar%2364!/:?]
	at cpw.mods.bootstraplauncher@2.0.2/cpw.mods.bootstraplauncher.BootstrapLauncher.run(BootstrapLauncher.java:210) [bootstraplauncher-2.0.2.jar:?]
	at cpw.mods.bootstraplauncher@2.0.2/cpw.mods.bootstraplauncher.BootstrapLauncher.main(BootstrapLauncher.java:69) [bootstraplauncher-2.0.2.jar:?]
[04Apr2026 00:41:34.203] [main/ERROR] [net.minecraft.world.item.crafting.RecipeManager/]: Parsing error loading recipe create:cutting/stripped_echo_wood
com.google.gson.JsonParseException: Failed to parse either. First: No key amount in MapLike[{"count":6,"item":"deeperdarker:echo_planks"}]; No key id in MapLike[{"count":6,"item":"deeperdarker:echo_planks"}]; Second: Failed to parse either. First: No key id in MapLike[{"count":6,"item":"deeperdarker:echo_planks"}]; Second: Failed to parse either. First: Not a JSON object: "deeperdarker:echo_planks"; Second: Compat cannot be deserialized
	at MC-BOOTSTRAP/datafixerupper@8.0.16/com.mojang.serialization.DataResult$Error.getOrThrow(DataResult.java:287) ~[datafixerupper-8.0.16.jar%23100!/:?]
	at TRANSFORMER/minecraft@1.21.1/net.minecraft.world.item.crafting.RecipeManager.apply(RecipeManager.java:60) ~[server-1.21.1-20240808.144430-srg.jar%23444!/:?]
	at TRANSFORMER/minecraft@1.21.1/net.minecraft.world.item.crafting.RecipeManager.apply(RecipeManager.java:36) ~[server-1.21.1-20240808.144430-srg.jar%23444!/:?]
	at TRANSFORMER/minecraft@1.21.1/net.minecraft.server.packs.resources.SimplePreparableReloadListener.lambda$reload$1(SimplePreparableReloadListener.java:19) ~[server-1.21.1-20240808.144430-srg.jar%23444!/:?]
	at java.base/java.util.concurrent.CompletableFuture$UniAccept.tryFire(CompletableFuture.java:718) ~[?:?]
	at java.base/java.util.concurrent.CompletableFuture$Completion.run(CompletableFuture.java:482) ~[?:?]
	at TRANSFORMER/minecraft@1.21.1/net.minecraft.server.packs.resources.SimpleReloadInstance.lambda$new$3(SimpleReloadInstance.java:69) ~[server-1.21.1-20240808.144430-srg.jar%23444!/:?]
	at TRANSFORMER/minecraft@1.21.1/net.minecraft.Util.blockUntilDone(Util.java:872) ~[server-1.21.1-20240808.144430-srg.jar%23444!/:?]
	at TRANSFORMER/minecraft@1.21.1/net.minecraft.Util.blockUntilDone(Util.java:861) ~[server-1.21.1-20240808.144430-srg.jar%23444!/:?]
	at TRANSFORMER/minecraft@1.21.1/net.minecraft.server.Main.main(Main.java:204) ~[server-1.21.1-20240808.144430-srg.jar%23444!/:?]
	at java.base/jdk.internal.reflect.DirectMethodHandleAccessor.invoke(DirectMethodHandleAccessor.java:103) ~[?:?]
	at java.base/java.lang.reflect.Method.invoke(Method.java:580) ~[?:?]
	at MC-BOOTSTRAP/fml_loader@4.0.42/net.neoforged.fml.loading.targets.CommonLaunchHandler.runTarget(CommonLaunchHandler.java:136) ~[loader-4.0.42.jar%2359!/:4.0]
	at MC-BOOTSTRAP/fml_loader@4.0.42/net.neoforged.fml.loading.targets.CommonLaunchHandler.serverService(CommonLaunchHandler.java:128) ~[loader-4.0.42.jar%2359!/:4.0]
	at MC-BOOTSTRAP/fml_loader@4.0.42/net.neoforged.fml.loading.targets.CommonServerLaunchHandler.runService(CommonServerLaunchHandler.java:32) ~[loader-4.0.42.jar%2359!/:4.0]
	at MC-BOOTSTRAP/fml_loader@4.0.42/net.neoforged.fml.loading.targets.CommonLaunchHandler.lambda$launchService$4(CommonLaunchHandler.java:118) ~[loader-4.0.42.jar%2359!/:4.0]
	at MC-BOOTSTRAP/cpw.mods.modlauncher@11.0.5/cpw.mods.modlauncher.LaunchServiceHandlerDecorator.launch(LaunchServiceHandlerDecorator.java:30) [modlauncher-11.0.5.jar%2364!/:?]
	at MC-BOOTSTRAP/cpw.mods.modlauncher@11.0.5/cpw.mods.modlauncher.LaunchServiceHandler.launch(LaunchServiceHandler.java:53) [modlauncher-11.0.5.jar%2364!/:?]
	at MC-BOOTSTRAP/cpw.mods.modlauncher@11.0.5/cpw.mods.modlauncher.LaunchServiceHandler.launch(LaunchServiceHandler.java:71) [modlauncher-11.0.5.jar%2364!/:?]
	at MC-BOOTSTRAP/cpw.mods.modlauncher@11.0.5/cpw.mods.modlauncher.Launcher.run(Launcher.java:103) [modlauncher-11.0.5.jar%2364!/:?]
	at MC-BOOTSTRAP/cpw.mods.modlauncher@11.0.5/cpw.mods.modlauncher.Launcher.main(Launcher.java:74) [modlauncher-11.0.5.jar%2364!/:?]
	at MC-BOOTSTRAP/cpw.mods.modlauncher@11.0.5/cpw.mods.modlauncher.BootstrapLaunchConsumer.accept(BootstrapLaunchConsumer.java:26) [modlauncher-11.0.5.jar%2364!/:?]
	at MC-BOOTSTRAP/cpw.mods.modlauncher@11.0.5/cpw.mods.modlauncher.BootstrapLaunchConsumer.accept(BootstrapLaunchConsumer.java:23) [modlauncher-11.0.5.jar%2364!/:?]
	at cpw.mods.bootstraplauncher@2.0.2/cpw.mods.bootstraplauncher.BootstrapLauncher.run(BootstrapLauncher.java:210) [bootstraplauncher-2.0.2.jar:?]
	at cpw.mods.bootstraplauncher@2.0.2/cpw.mods.bootstraplauncher.BootstrapLauncher.main(BootstrapLauncher.java:69) [bootstraplauncher-2.0.2.jar:?]
[04Apr2026 00:41:34.209] [main/ERROR] [net.minecraft.world.item.crafting.RecipeManager/]: Parsing error loading recipe cataclysm_spellbooks:technomancy_upgrade_orb
com.google.gson.JsonParseException: Map entry 'r' : Failed to parse either. First: Not a json array: {"item":"cataclysm_spellbooks:technomancy_rune"}; Second: No key tag in MapLike[{"item":"cataclysm_spellbooks:technomancy_rune"}]; Unknown registry key in ResourceKey[minecraft:root / minecraft:item]: cataclysm_spellbooks:technomancy_rune
	at MC-BOOTSTRAP/datafixerupper@8.0.16/com.mojang.serialization.DataResult$Error.getOrThrow(DataResult.java:287) ~[datafixerupper-8.0.16.jar%23100!/:?]
	at TRANSFORMER/minecraft@1.21.1/net.minecraft.world.item.crafting.RecipeManager.apply(RecipeManager.java:60) ~[server-1.21.1-20240808.144430-srg.jar%23444!/:?]
	at TRANSFORMER/minecraft@1.21.1/net.minecraft.world.item.crafting.RecipeManager.apply(RecipeManager.java:36) ~[server-1.21.1-20240808.144430-srg.jar%23444!/:?]
	at TRANSFORMER/minecraft@1.21.1/net.minecraft.server.packs.resources.SimplePreparableReloadListener.lambda$reload$1(SimplePreparableReloadListener.java:19) ~[server-1.21.1-20240808.144430-srg.jar%23444!/:?]
	at java.base/java.util.concurrent.CompletableFuture$UniAccept.tryFire(CompletableFuture.java:718) ~[?:?]
	at java.base/java.util.concurrent.CompletableFuture$Completion.run(CompletableFuture.java:482) ~[?:?]
	at TRANSFORMER/minecraft@1.21.1/net.minecraft.server.packs.resources.SimpleReloadInstance.lambda$new$3(SimpleReloadInstance.java:69) ~[server-1.21.1-20240808.144430-srg.jar%23444!/:?]
	at TRANSFORMER/minecraft@1.21.1/net.minecraft.Util.blockUntilDone(Util.java:872) ~[server-1.21.1-20240808.144430-srg.jar%23444!/:?]
	at TRANSFORMER/minecraft@1.21.1/net.minecraft.Util.blockUntilDone(Util.java:861) ~[server-1.21.1-20240808.144430-srg.jar%23444!/:?]
	at TRANSFORMER/minecraft@1.21.1/net.minecraft.server.Main.main(Main.java:204) ~[server-1.21.1-20240808.144430-srg.jar%23444!/:?]
	at java.base/jdk.internal.reflect.DirectMethodHandleAccessor.invoke(DirectMethodHandleAccessor.java:103) ~[?:?]
	at java.base/java.lang.reflect.Method.invoke(Method.java:580) ~[?:?]
	at MC-BOOTSTRAP/fml_loader@4.0.42/net.neoforged.fml.loading.targets.CommonLaunchHandler.runTarget(CommonLaunchHandler.java:136) ~[loader-4.0.42.jar%2359!/:4.0]
	at MC-BOOTSTRAP/fml_loader@4.0.42/net.neoforged.fml.loading.targets.CommonLaunchHandler.serverService(CommonLaunchHandler.java:128) ~[loader-4.0.42.jar%2359!/:4.0]
	at MC-BOOTSTRAP/fml_loader@4.0.42/net.neoforged.fml.loading.targets.CommonServerLaunchHandler.runService(CommonServerLaunchHandler.java:32) ~[loader-4.0.42.jar%2359!/:4.0]
	at MC-BOOTSTRAP/fml_loader@4.0.42/net.neoforged.fml.loading.targets.CommonLaunchHandler.lambda$launchService$4(CommonLaunchHandler.java:118) ~[loader-4.0.42.jar%2359!/:4.0]
	at MC-BOOTSTRAP/cpw.mods.modlauncher@11.0.5/cpw.mods.modlauncher.LaunchServiceHandlerDecorator.launch(LaunchServiceHandlerDecorator.java:30) [modlauncher-11.0.5.jar%2364!/:?]
	at MC-BOOTSTRAP/cpw.mods.modlauncher@11.0.5/cpw.mods.modlauncher.LaunchServiceHandler.launch(LaunchServiceHandler.java:53) [modlauncher-11.0.5.jar%2364!/:?]
	at MC-BOOTSTRAP/cpw.mods.modlauncher@11.0.5/cpw.mods.modlauncher.LaunchServiceHandler.launch(LaunchServiceHandler.java:71) [modlauncher-11.0.5.jar%2364!/:?]
	at MC-BOOTSTRAP/cpw.mods.modlauncher@11.0.5/cpw.mods.modlauncher.Launcher.run(Launcher.java:103) [modlauncher-11.0.5.jar%2364!/:?]
	at MC-BOOTSTRAP/cpw.mods.modlauncher@11.0.5/cpw.mods.modlauncher.Launcher.main(Launcher.java:74) [modlauncher-11.0.5.jar%2364!/:?]
	at MC-BOOTSTRAP/cpw.mods.modlauncher@11.0.5/cpw.mods.modlauncher.BootstrapLaunchConsumer.accept(BootstrapLaunchConsumer.java:26) [modlauncher-11.0.5.jar%2364!/:?]
	at MC-BOOTSTRAP/cpw.mods.modlauncher@11.0.5/cpw.mods.modlauncher.BootstrapLaunchConsumer.accept(BootstrapLaunchConsumer.java:23) [modlauncher-11.0.5.jar%2364!/:?]
	at cpw.mods.bootstraplauncher@2.0.2/cpw.mods.bootstraplauncher.BootstrapLauncher.run(BootstrapLauncher.java:210) [bootstraplauncher-2.0.2.jar:?]
	at cpw.mods.bootstraplauncher@2.0.2/cpw.mods.bootstraplauncher.BootstrapLauncher.main(BootstrapLauncher.java:69) [bootstraplauncher-2.0.2.jar:?]
[04Apr2026 00:41:34.211] [main/ERROR] [net.minecraft.world.item.crafting.RecipeManager/]: Parsing error loading recipe create:crushing/gloomslate_redstone_ore
com.google.gson.JsonParseException: Failed to parse either. First: No key amount in MapLike[{"chance":0.125,"item":"deeperdarker:cobbled_gloomslate"}]; No key id in MapLike[{"chance":0.125,"item":"deeperdarker:cobbled_gloomslate"}]; Second: Failed to parse either. First: No key id in MapLike[{"chance":0.125,"item":"deeperdarker:cobbled_gloomslate"}]; Second: Failed to parse either. First: Not a JSON object: "deeperdarker:cobbled_gloomslate"; Second: Compat cannot be deserialized; Failed to parse either. First: No key amount in MapLike[{"item":"create:experience_nugget"}]; No key id in MapLike[{"item":"create:experience_nugget"}]; Second: Failed to parse either. First: No key id in MapLike[{"item":"create:experience_nugget"}]; Second: Failed to parse either. First: Not a JSON object: "create:experience_nugget"; Second: Compat cannot be deserialized; Failed to parse either. First: No key amount in MapLike[{"chance":0.5,"item":"minecraft:redstone"}]; No key id in MapLike[{"chance":0.5,"item":"minecraft:redstone"}]; Second: Failed to parse either. First: No key id in MapLike[{"chance":0.5,"item":"minecraft:redstone"}]; Second: Failed to parse either. First: Not a JSON object: "minecraft:redstone"; Second: Compat cannot be deserialized; Failed to parse either. First: No key amount in MapLike[{"count":12,"item":"minecraft:redstone"}]; No key id in MapLike[{"count":12,"item":"minecraft:redstone"}]; Second: Failed to parse either. First: No key id in MapLike[{"count":12,"item":"minecraft:redstone"}]; Second: Failed to parse either. First: Not a JSON object: "minecraft:redstone"; Second: Compat cannot be deserialized
	at MC-BOOTSTRAP/datafixerupper@8.0.16/com.mojang.serialization.DataResult$Error.getOrThrow(DataResult.java:287) ~[datafixerupper-8.0.16.jar%23100!/:?]
	at TRANSFORMER/minecraft@1.21.1/net.minecraft.world.item.crafting.RecipeManager.apply(RecipeManager.java:60) ~[server-1.21.1-20240808.144430-srg.jar%23444!/:?]
	at TRANSFORMER/minecraft@1.21.1/net.minecraft.world.item.crafting.RecipeManager.apply(RecipeManager.java:36) ~[server-1.21.1-20240808.144430-srg.jar%23444!/:?]
	at TRANSFORMER/minecraft@1.21.1/net.minecraft.server.packs.resources.SimplePreparableReloadListener.lambda$reload$1(SimplePreparableReloadListener.java:19) ~[server-1.21.1-20240808.144430-srg.jar%23444!/:?]
	at java.base/java.util.concurrent.CompletableFuture$UniAccept.tryFire(CompletableFuture.java:718) ~[?:?]
	at java.base/java.util.concurrent.CompletableFuture$Completion.run(CompletableFuture.java:482) ~[?:?]
	at TRANSFORMER/minecraft@1.21.1/net.minecraft.server.packs.resources.SimpleReloadInstance.lambda$new$3(SimpleReloadInstance.java:69) ~[server-1.21.1-20240808.144430-srg.jar%23444!/:?]
	at TRANSFORMER/minecraft@1.21.1/net.minecraft.Util.blockUntilDone(Util.java:872) ~[server-1.21.1-20240808.144430-srg.jar%23444!/:?]
	at TRANSFORMER/minecraft@1.21.1/net.minecraft.Util.blockUntilDone(Util.java:861) ~[server-1.21.1-20240808.144430-srg.jar%23444!/:?]
	at TRANSFORMER/minecraft@1.21.1/net.minecraft.server.Main.main(Main.java:204) ~[server-1.21.1-20240808.144430-srg.jar%23444!/:?]
	at java.base/jdk.internal.reflect.DirectMethodHandleAccessor.invoke(DirectMethodHandleAccessor.java:103) ~[?:?]
	at java.base/java.lang.reflect.Method.invoke(Method.java:580) ~[?:?]
	at MC-BOOTSTRAP/fml_loader@4.0.42/net.neoforged.fml.loading.targets.CommonLaunchHandler.runTarget(CommonLaunchHandler.java:136) ~[loader-4.0.42.jar%2359!/:4.0]
	at MC-BOOTSTRAP/fml_loader@4.0.42/net.neoforged.fml.loading.targets.CommonLaunchHandler.serverService(CommonLaunchHandler.java:128) ~[loader-4.0.42.jar%2359!/:4.0]
	at MC-BOOTSTRAP/fml_loader@4.0.42/net.neoforged.fml.loading.targets.CommonServerLaunchHandler.runService(CommonServerLaunchHandler.java:32) ~[loader-4.0.42.jar%2359!/:4.0]
	at MC-BOOTSTRAP/fml_loader@4.0.42/net.neoforged.fml.loading.targets.CommonLaunchHandler.lambda$launchService$4(CommonLaunchHandler.java:118) ~[loader-4.0.42.jar%2359!/:4.0]
	at MC-BOOTSTRAP/cpw.mods.modlauncher@11.0.5/cpw.mods.modlauncher.LaunchServiceHandlerDecorator.launch(LaunchServiceHandlerDecorator.java:30) [modlauncher-11.0.5.jar%2364!/:?]
	at MC-BOOTSTRAP/cpw.mods.modlauncher@11.0.5/cpw.mods.modlauncher.LaunchServiceHandler.launch(LaunchServiceHandler.java:53) [modlauncher-11.0.5.jar%2364!/:?]
	at MC-BOOTSTRAP/cpw.mods.modlauncher@11.0.5/cpw.mods.modlauncher.LaunchServiceHandler.launch(LaunchServiceHandler.java:71) [modlauncher-11.0.5.jar%2364!/:?]
	at MC-BOOTSTRAP/cpw.mods.modlauncher@11.0.5/cpw.mods.modlauncher.Launcher.run(Launcher.java:103) [modlauncher-11.0.5.jar%2364!/:?]
	at MC-BOOTSTRAP/cpw.mods.modlauncher@11.0.5/cpw.mods.modlauncher.Launcher.main(Launcher.java:74) [modlauncher-11.0.5.jar%2364!/:?]
	at MC-BOOTSTRAP/cpw.mods.modlauncher@11.0.5/cpw.mods.modlauncher.BootstrapLaunchConsumer.accept(BootstrapLaunchConsumer.java:26) [modlauncher-11.0.5.jar%2364!/:?]
	at MC-BOOTSTRAP/cpw.mods.modlauncher@11.0.5/cpw.mods.modlauncher.BootstrapLaunchConsumer.accept(BootstrapLaunchConsumer.java:23) [modlauncher-11.0.5.jar%2364!/:?]
	at cpw.mods.bootstraplauncher@2.0.2/cpw.mods.bootstraplauncher.BootstrapLauncher.run(BootstrapLauncher.java:210) [bootstraplauncher-2.0.2.jar:?]
	at cpw.mods.bootstraplauncher@2.0.2/cpw.mods.bootstraplauncher.BootstrapLauncher.main(BootstrapLauncher.java:69) [bootstraplauncher-2.0.2.jar:?]
[04Apr2026 00:41:34.216] [main/ERROR] [net.minecraft.world.item.crafting.RecipeManager/]: Parsing error loading recipe create:crushing/gloomslate_gold_ore
com.google.gson.JsonParseException: Failed to parse either. First: No key amount in MapLike[{"chance":0.125,"item":"deeperdarker:cobbled_gloomslate"}]; No key id in MapLike[{"chance":0.125,"item":"deeperdarker:cobbled_gloomslate"}]; Second: Failed to parse either. First: No key id in MapLike[{"chance":0.125,"item":"deeperdarker:cobbled_gloomslate"}]; Second: Failed to parse either. First: Not a JSON object: "deeperdarker:cobbled_gloomslate"; Second: Compat cannot be deserialized; Failed to parse either. First: No key amount in MapLike[{"count":2,"item":"create:experience_nugget"}]; No key id in MapLike[{"count":2,"item":"create:experience_nugget"}]; Second: Failed to parse either. First: No key id in MapLike[{"count":2,"item":"create:experience_nugget"}]; Second: Failed to parse either. First: Not a JSON object: "create:experience_nugget"; Second: Compat cannot be deserialized; Failed to parse either. First: No key amount in MapLike[{"chance":0.75,"item":"create:crushed_raw_gold"}]; No key id in MapLike[{"chance":0.75,"item":"create:crushed_raw_gold"}]; Second: Failed to parse either. First: No key id in MapLike[{"chance":0.75,"item":"create:crushed_raw_gold"}]; Second: Failed to parse either. First: Not a JSON object: "create:crushed_raw_gold"; Second: Compat cannot be deserialized; Failed to parse either. First: No key amount in MapLike[{"count":3,"item":"create:crushed_raw_gold"}]; No key id in MapLike[{"count":3,"item":"create:crushed_raw_gold"}]; Second: Failed to parse either. First: No key id in MapLike[{"count":3,"item":"create:crushed_raw_gold"}]; Second: Failed to parse either. First: Not a JSON object: "create:crushed_raw_gold"; Second: Compat cannot be deserialized
	at MC-BOOTSTRAP/datafixerupper@8.0.16/com.mojang.serialization.DataResult$Error.getOrThrow(DataResult.java:287) ~[datafixerupper-8.0.16.jar%23100!/:?]
	at TRANSFORMER/minecraft@1.21.1/net.minecraft.world.item.crafting.RecipeManager.apply(RecipeManager.java:60) ~[server-1.21.1-20240808.144430-srg.jar%23444!/:?]
	at TRANSFORMER/minecraft@1.21.1/net.minecraft.world.item.crafting.RecipeManager.apply(RecipeManager.java:36) ~[server-1.21.1-20240808.144430-srg.jar%23444!/:?]
	at TRANSFORMER/minecraft@1.21.1/net.minecraft.server.packs.resources.SimplePreparableReloadListener.lambda$reload$1(SimplePreparableReloadListener.java:19) ~[server-1.21.1-20240808.144430-srg.jar%23444!/:?]
	at java.base/java.util.concurrent.CompletableFuture$UniAccept.tryFire(CompletableFuture.java:718) ~[?:?]
	at java.base/java.util.concurrent.CompletableFuture$Completion.run(CompletableFuture.java:482) ~[?:?]
	at TRANSFORMER/minecraft@1.21.1/net.minecraft.server.packs.resources.SimpleReloadInstance.lambda$new$3(SimpleReloadInstance.java:69) ~[server-1.21.1-20240808.144430-srg.jar%23444!/:?]
	at TRANSFORMER/minecraft@1.21.1/net.minecraft.Util.blockUntilDone(Util.java:872) ~[server-1.21.1-20240808.144430-srg.jar%23444!/:?]
	at TRANSFORMER/minecraft@1.21.1/net.minecraft.Util.blockUntilDone(Util.java:861) ~[server-1.21.1-20240808.144430-srg.jar%23444!/:?]
	at TRANSFORMER/minecraft@1.21.1/net.minecraft.server.Main.main(Main.java:204) ~[server-1.21.1-20240808.144430-srg.jar%23444!/:?]
	at java.base/jdk.internal.reflect.DirectMethodHandleAccessor.invoke(DirectMethodHandleAccessor.java:103) ~[?:?]
	at java.base/java.lang.reflect.Method.invoke(Method.java:580) ~[?:?]
	at MC-BOOTSTRAP/fml_loader@4.0.42/net.neoforged.fml.loading.targets.CommonLaunchHandler.runTarget(CommonLaunchHandler.java:136) ~[loader-4.0.42.jar%2359!/:4.0]
	at MC-BOOTSTRAP/fml_loader@4.0.42/net.neoforged.fml.loading.targets.CommonLaunchHandler.serverService(CommonLaunchHandler.java:128) ~[loader-4.0.42.jar%2359!/:4.0]
	at MC-BOOTSTRAP/fml_loader@4.0.42/net.neoforged.fml.loading.targets.CommonServerLaunchHandler.runService(CommonServerLaunchHandler.java:32) ~[loader-4.0.42.jar%2359!/:4.0]
	at MC-BOOTSTRAP/fml_loader@4.0.42/net.neoforged.fml.loading.targets.CommonLaunchHandler.lambda$launchService$4(CommonLaunchHandler.java:118) ~[loader-4.0.42.jar%2359!/:4.0]
	at MC-BOOTSTRAP/cpw.mods.modlauncher@11.0.5/cpw.mods.modlauncher.LaunchServiceHandlerDecorator.launch(LaunchServiceHandlerDecorator.java:30) [modlauncher-11.0.5.jar%2364!/:?]
	at MC-BOOTSTRAP/cpw.mods.modlauncher@11.0.5/cpw.mods.modlauncher.LaunchServiceHandler.launch(LaunchServiceHandler.java:53) [modlauncher-11.0.5.jar%2364!/:?]
	at MC-BOOTSTRAP/cpw.mods.modlauncher@11.0.5/cpw.mods.modlauncher.LaunchServiceHandler.launch(LaunchServiceHandler.java:71) [modlauncher-11.0.5.jar%2364!/:?]
	at MC-BOOTSTRAP/cpw.mods.modlauncher@11.0.5/cpw.mods.modlauncher.Launcher.run(Launcher.java:103) [modlauncher-11.0.5.jar%2364!/:?]
	at MC-BOOTSTRAP/cpw.mods.modlauncher@11.0.5/cpw.mods.modlauncher.Launcher.main(Launcher.java:74) [modlauncher-11.0.5.jar%2364!/:?]
	at MC-BOOTSTRAP/cpw.mods.modlauncher@11.0.5/cpw.mods.modlauncher.BootstrapLaunchConsumer.accept(BootstrapLaunchConsumer.java:26) [modlauncher-11.0.5.jar%2364!/:?]
	at MC-BOOTSTRAP/cpw.mods.modlauncher@11.0.5/cpw.mods.modlauncher.BootstrapLaunchConsumer.accept(BootstrapLaunchConsumer.java:23) [modlauncher-11.0.5.jar%2364!/:?]
	at cpw.mods.bootstraplauncher@2.0.2/cpw.mods.bootstraplauncher.BootstrapLauncher.run(BootstrapLauncher.java:210) [bootstraplauncher-2.0.2.jar:?]
	at cpw.mods.bootstraplauncher@2.0.2/cpw.mods.bootstraplauncher.BootstrapLauncher.main(BootstrapLauncher.java:69) [bootstraplauncher-2.0.2.jar:?]
[04Apr2026 00:41:34.237] [main/ERROR] [net.minecraft.world.item.crafting.RecipeManager/]: Parsing error loading recipe create:crushing/gloomslate_emerald_ore
com.google.gson.JsonParseException: Failed to parse either. First: No key amount in MapLike[{"chance":0.125,"item":"deeperdarker:cobbled_gloomslate"}]; No key id in MapLike[{"chance":0.125,"item":"deeperdarker:cobbled_gloomslate"}]; Second: Failed to parse either. First: No key id in MapLike[{"chance":0.125,"item":"deeperdarker:cobbled_gloomslate"}]; Second: Failed to parse either. First: Not a JSON object: "deeperdarker:cobbled_gloomslate"; Second: Compat cannot be deserialized; Failed to parse either. First: No key amount in MapLike[{"item":"create:experience_nugget"}]; No key id in MapLike[{"item":"create:experience_nugget"}]; Second: Failed to parse either. First: No key id in MapLike[{"item":"create:experience_nugget"}]; Second: Failed to parse either. First: Not a JSON object: "create:experience_nugget"; Second: Compat cannot be deserialized; Failed to parse either. First: No key amount in MapLike[{"chance":0.25,"item":"minecraft:emerald"}]; No key id in MapLike[{"chance":0.25,"item":"minecraft:emerald"}]; Second: Failed to parse either. First: No key id in MapLike[{"chance":0.25,"item":"minecraft:emerald"}]; Second: Failed to parse either. First: Not a JSON object: "minecraft:emerald"; Second: Compat cannot be deserialized; Failed to parse either. First: No key amount in MapLike[{"count":3,"item":"minecraft:emerald"}]; No key id in MapLike[{"count":3,"item":"minecraft:emerald"}]; Second: Failed to parse either. First: No key id in MapLike[{"count":3,"item":"minecraft:emerald"}]; Second: Failed to parse either. First: Not a JSON object: "minecraft:emerald"; Second: Compat cannot be deserialized
	at MC-BOOTSTRAP/datafixerupper@8.0.16/com.mojang.serialization.DataResult$Error.getOrThrow(DataResult.java:287) ~[datafixerupper-8.0.16.jar%23100!/:?]
	at TRANSFORMER/minecraft@1.21.1/net.minecraft.world.item.crafting.RecipeManager.apply(RecipeManager.java:60) ~[server-1.21.1-20240808.144430-srg.jar%23444!/:?]
	at TRANSFORMER/minecraft@1.21.1/net.minecraft.world.item.crafting.RecipeManager.apply(RecipeManager.java:36) ~[server-1.21.1-20240808.144430-srg.jar%23444!/:?]
	at TRANSFORMER/minecraft@1.21.1/net.minecraft.server.packs.resources.SimplePreparableReloadListener.lambda$reload$1(SimplePreparableReloadListener.java:19) ~[server-1.21.1-20240808.144430-srg.jar%23444!/:?]
	at java.base/java.util.concurrent.CompletableFuture$UniAccept.tryFire(CompletableFuture.java:718) ~[?:?]
	at java.base/java.util.concurrent.CompletableFuture$Completion.run(CompletableFuture.java:482) ~[?:?]
	at TRANSFORMER/minecraft@1.21.1/net.minecraft.server.packs.resources.SimpleReloadInstance.lambda$new$3(SimpleReloadInstance.java:69) ~[server-1.21.1-20240808.144430-srg.jar%23444!/:?]
	at TRANSFORMER/minecraft@1.21.1/net.minecraft.Util.blockUntilDone(Util.java:872) ~[server-1.21.1-20240808.144430-srg.jar%23444!/:?]
	at TRANSFORMER/minecraft@1.21.1/net.minecraft.Util.blockUntilDone(Util.java:861) ~[server-1.21.1-20240808.144430-srg.jar%23444!/:?]
	at TRANSFORMER/minecraft@1.21.1/net.minecraft.server.Main.main(Main.java:204) ~[server-1.21.1-20240808.144430-srg.jar%23444!/:?]
	at java.base/jdk.internal.reflect.DirectMethodHandleAccessor.invoke(DirectMethodHandleAccessor.java:103) ~[?:?]
	at java.base/java.lang.reflect.Method.invoke(Method.java:580) ~[?:?]
	at MC-BOOTSTRAP/fml_loader@4.0.42/net.neoforged.fml.loading.targets.CommonLaunchHandler.runTarget(CommonLaunchHandler.java:136) ~[loader-4.0.42.jar%2359!/:4.0]
	at MC-BOOTSTRAP/fml_loader@4.0.42/net.neoforged.fml.loading.targets.CommonLaunchHandler.serverService(CommonLaunchHandler.java:128) ~[loader-4.0.42.jar%2359!/:4.0]
	at MC-BOOTSTRAP/fml_loader@4.0.42/net.neoforged.fml.loading.targets.CommonServerLaunchHandler.runService(CommonServerLaunchHandler.java:32) ~[loader-4.0.42.jar%2359!/:4.0]
	at MC-BOOTSTRAP/fml_loader@4.0.42/net.neoforged.fml.loading.targets.CommonLaunchHandler.lambda$launchService$4(CommonLaunchHandler.java:118) ~[loader-4.0.42.jar%2359!/:4.0]
	at MC-BOOTSTRAP/cpw.mods.modlauncher@11.0.5/cpw.mods.modlauncher.LaunchServiceHandlerDecorator.launch(LaunchServiceHandlerDecorator.java:30) [modlauncher-11.0.5.jar%2364!/:?]
	at MC-BOOTSTRAP/cpw.mods.modlauncher@11.0.5/cpw.mods.modlauncher.LaunchServiceHandler.launch(LaunchServiceHandler.java:53) [modlauncher-11.0.5.jar%2364!/:?]
	at MC-BOOTSTRAP/cpw.mods.modlauncher@11.0.5/cpw.mods.modlauncher.LaunchServiceHandler.launch(LaunchServiceHandler.java:71) [modlauncher-11.0.5.jar%2364!/:?]
	at MC-BOOTSTRAP/cpw.mods.modlauncher@11.0.5/cpw.mods.modlauncher.Launcher.run(Launcher.java:103) [modlauncher-11.0.5.jar%2364!/:?]
	at MC-BOOTSTRAP/cpw.mods.modlauncher@11.0.5/cpw.mods.modlauncher.Launcher.main(Launcher.java:74) [modlauncher-11.0.5.jar%2364!/:?]
	at MC-BOOTSTRAP/cpw.mods.modlauncher@11.0.5/cpw.mods.modlauncher.BootstrapLaunchConsumer.accept(BootstrapLaunchConsumer.java:26) [modlauncher-11.0.5.jar%2364!/:?]
	at MC-BOOTSTRAP/cpw.mods.modlauncher@11.0.5/cpw.mods.modlauncher.BootstrapLaunchConsumer.accept(BootstrapLaunchConsumer.java:23) [modlauncher-11.0.5.jar%2364!/:?]
	at cpw.mods.bootstraplauncher@2.0.2/cpw.mods.bootstraplauncher.BootstrapLauncher.run(BootstrapLauncher.java:210) [bootstraplauncher-2.0.2.jar:?]
	at cpw.mods.bootstraplauncher@2.0.2/cpw.mods.bootstraplauncher.BootstrapLauncher.main(BootstrapLauncher.java:69) [bootstraplauncher-2.0.2.jar:?]
[04Apr2026 00:41:34.240] [main/ERROR] [net.minecraft.world.item.crafting.RecipeManager/]: Parsing error loading recipe create:crushing/gloomslate_diamond_ore
com.google.gson.JsonParseException: Failed to parse either. First: No key amount in MapLike[{"chance":0.125,"item":"deeperdarker:cobbled_gloomslate"}]; No key id in MapLike[{"chance":0.125,"item":"deeperdarker:cobbled_gloomslate"}]; Second: Failed to parse either. First: No key id in MapLike[{"chance":0.125,"item":"deeperdarker:cobbled_gloomslate"}]; Second: Failed to parse either. First: Not a JSON object: "deeperdarker:cobbled_gloomslate"; Second: Compat cannot be deserialized; Failed to parse either. First: No key amount in MapLike[{"item":"create:experience_nugget"}]; No key id in MapLike[{"item":"create:experience_nugget"}]; Second: Failed to parse either. First: No key id in MapLike[{"item":"create:experience_nugget"}]; Second: Failed to parse either. First: Not a JSON object: "create:experience_nugget"; Second: Compat cannot be deserialized; Failed to parse either. First: No key amount in MapLike[{"chance":0.25,"item":"minecraft:diamond"}]; No key id in MapLike[{"chance":0.25,"item":"minecraft:diamond"}]; Second: Failed to parse either. First: No key id in MapLike[{"chance":0.25,"item":"minecraft:diamond"}]; Second: Failed to parse either. First: Not a JSON object: "minecraft:diamond"; Second: Compat cannot be deserialized; Failed to parse either. First: No key amount in MapLike[{"count":3,"item":"minecraft:diamond"}]; No key id in MapLike[{"count":3,"item":"minecraft:diamond"}]; Second: Failed to parse either. First: No key id in MapLike[{"count":3,"item":"minecraft:diamond"}]; Second: Failed to parse either. First: Not a JSON object: "minecraft:diamond"; Second: Compat cannot be deserialized
	at MC-BOOTSTRAP/datafixerupper@8.0.16/com.mojang.serialization.DataResult$Error.getOrThrow(DataResult.java:287) ~[datafixerupper-8.0.16.jar%23100!/:?]
	at TRANSFORMER/minecraft@1.21.1/net.minecraft.world.item.crafting.RecipeManager.apply(RecipeManager.java:60) ~[server-1.21.1-20240808.144430-srg.jar%23444!/:?]
	at TRANSFORMER/minecraft@1.21.1/net.minecraft.world.item.crafting.RecipeManager.apply(RecipeManager.java:36) ~[server-1.21.1-20240808.144430-srg.jar%23444!/:?]
	at TRANSFORMER/minecraft@1.21.1/net.minecraft.server.packs.resources.SimplePreparableReloadListener.lambda$reload$1(SimplePreparableReloadListener.java:19) ~[server-1.21.1-20240808.144430-srg.jar%23444!/:?]
	at java.base/java.util.concurrent.CompletableFuture$UniAccept.tryFire(CompletableFuture.java:718) ~[?:?]
	at java.base/java.util.concurrent.CompletableFuture$Completion.run(CompletableFuture.java:482) ~[?:?]
	at TRANSFORMER/minecraft@1.21.1/net.minecraft.server.packs.resources.SimpleReloadInstance.lambda$new$3(SimpleReloadInstance.java:69) ~[server-1.21.1-20240808.144430-srg.jar%23444!/:?]
	at TRANSFORMER/minecraft@1.21.1/net.minecraft.Util.blockUntilDone(Util.java:872) ~[server-1.21.1-20240808.144430-srg.jar%23444!/:?]
	at TRANSFORMER/minecraft@1.21.1/net.minecraft.Util.blockUntilDone(Util.java:861) ~[server-1.21.1-20240808.144430-srg.jar%23444!/:?]
	at TRANSFORMER/minecraft@1.21.1/net.minecraft.server.Main.main(Main.java:204) ~[server-1.21.1-20240808.144430-srg.jar%23444!/:?]
	at java.base/jdk.internal.reflect.DirectMethodHandleAccessor.invoke(DirectMethodHandleAccessor.java:103) ~[?:?]
	at java.base/java.lang.reflect.Method.invoke(Method.java:580) ~[?:?]
	at MC-BOOTSTRAP/fml_loader@4.0.42/net.neoforged.fml.loading.targets.CommonLaunchHandler.runTarget(CommonLaunchHandler.java:136) ~[loader-4.0.42.jar%2359!/:4.0]
	at MC-BOOTSTRAP/fml_loader@4.0.42/net.neoforged.fml.loading.targets.CommonLaunchHandler.serverService(CommonLaunchHandler.java:128) ~[loader-4.0.42.jar%2359!/:4.0]
	at MC-BOOTSTRAP/fml_loader@4.0.42/net.neoforged.fml.loading.targets.CommonServerLaunchHandler.runService(CommonServerLaunchHandler.java:32) ~[loader-4.0.42.jar%2359!/:4.0]
	at MC-BOOTSTRAP/fml_loader@4.0.42/net.neoforged.fml.loading.targets.CommonLaunchHandler.lambda$launchService$4(CommonLaunchHandler.java:118) ~[loader-4.0.42.jar%2359!/:4.0]
	at MC-BOOTSTRAP/cpw.mods.modlauncher@11.0.5/cpw.mods.modlauncher.LaunchServiceHandlerDecorator.launch(LaunchServiceHandlerDecorator.java:30) [modlauncher-11.0.5.jar%2364!/:?]
	at MC-BOOTSTRAP/cpw.mods.modlauncher@11.0.5/cpw.mods.modlauncher.LaunchServiceHandler.launch(LaunchServiceHandler.java:53) [modlauncher-11.0.5.jar%2364!/:?]
	at MC-BOOTSTRAP/cpw.mods.modlauncher@11.0.5/cpw.mods.modlauncher.LaunchServiceHandler.launch(LaunchServiceHandler.java:71) [modlauncher-11.0.5.jar%2364!/:?]
	at MC-BOOTSTRAP/cpw.mods.modlauncher@11.0.5/cpw.mods.modlauncher.Launcher.run(Launcher.java:103) [modlauncher-11.0.5.jar%2364!/:?]
	at MC-BOOTSTRAP/cpw.mods.modlauncher@11.0.5/cpw.mods.modlauncher.Launcher.main(Launcher.java:74) [modlauncher-11.0.5.jar%2364!/:?]
	at MC-BOOTSTRAP/cpw.mods.modlauncher@11.0.5/cpw.mods.modlauncher.BootstrapLaunchConsumer.accept(BootstrapLaunchConsumer.java:26) [modlauncher-11.0.5.jar%2364!/:?]
	at MC-BOOTSTRAP/cpw.mods.modlauncher@11.0.5/cpw.mods.modlauncher.BootstrapLaunchConsumer.accept(BootstrapLaunchConsumer.java:23) [modlauncher-11.0.5.jar%2364!/:?]
	at cpw.mods.bootstraplauncher@2.0.2/cpw.mods.bootstraplauncher.BootstrapLauncher.run(BootstrapLauncher.java:210) [bootstraplauncher-2.0.2.jar:?]
	at cpw.mods.bootstraplauncher@2.0.2/cpw.mods.bootstraplauncher.BootstrapLauncher.main(BootstrapLauncher.java:69) [bootstraplauncher-2.0.2.jar:?]
[04Apr2026 00:41:34.276] [main/ERROR] [net.minecraft.world.item.crafting.RecipeManager/]: Parsing error loading recipe create:crushing/sculk_stone_diamond_ore
com.google.gson.JsonParseException: Failed to parse either. First: No key amount in MapLike[{"chance":0.125,"item":"deeperdarker:cobbled_sculk_stone"}]; No key id in MapLike[{"chance":0.125,"item":"deeperdarker:cobbled_sculk_stone"}]; Second: Failed to parse either. First: No key id in MapLike[{"chance":0.125,"item":"deeperdarker:cobbled_sculk_stone"}]; Second: Failed to parse either. First: Not a JSON object: "deeperdarker:cobbled_sculk_stone"; Second: Compat cannot be deserialized; Failed to parse either. First: No key amount in MapLike[{"item":"create:experience_nugget"}]; No key id in MapLike[{"item":"create:experience_nugget"}]; Second: Failed to parse either. First: No key id in MapLike[{"item":"create:experience_nugget"}]; Second: Failed to parse either. First: Not a JSON object: "create:experience_nugget"; Second: Compat cannot be deserialized; Failed to parse either. First: No key amount in MapLike[{"chance":0.25,"item":"minecraft:diamond"}]; No key id in MapLike[{"chance":0.25,"item":"minecraft:diamond"}]; Second: Failed to parse either. First: No key id in MapLike[{"chance":0.25,"item":"minecraft:diamond"}]; Second: Failed to parse either. First: Not a JSON object: "minecraft:diamond"; Second: Compat cannot be deserialized; Failed to parse either. First: No key amount in MapLike[{"count":3,"item":"minecraft:diamond"}]; No key id in MapLike[{"count":3,"item":"minecraft:diamond"}]; Second: Failed to parse either. First: No key id in MapLike[{"count":3,"item":"minecraft:diamond"}]; Second: Failed to parse either. First: Not a JSON object: "minecraft:diamond"; Second: Compat cannot be deserialized
	at MC-BOOTSTRAP/datafixerupper@8.0.16/com.mojang.serialization.DataResult$Error.getOrThrow(DataResult.java:287) ~[datafixerupper-8.0.16.jar%23100!/:?]
	at TRANSFORMER/minecraft@1.21.1/net.minecraft.world.item.crafting.RecipeManager.apply(RecipeManager.java:60) ~[server-1.21.1-20240808.144430-srg.jar%23444!/:?]
	at TRANSFORMER/minecraft@1.21.1/net.minecraft.world.item.crafting.RecipeManager.apply(RecipeManager.java:36) ~[server-1.21.1-20240808.144430-srg.jar%23444!/:?]
	at TRANSFORMER/minecraft@1.21.1/net.minecraft.server.packs.resources.SimplePreparableReloadListener.lambda$reload$1(SimplePreparableReloadListener.java:19) ~[server-1.21.1-20240808.144430-srg.jar%23444!/:?]
	at java.base/java.util.concurrent.CompletableFuture$UniAccept.tryFire(CompletableFuture.java:718) ~[?:?]
	at java.base/java.util.concurrent.CompletableFuture$Completion.run(CompletableFuture.java:482) ~[?:?]
	at TRANSFORMER/minecraft@1.21.1/net.minecraft.server.packs.resources.SimpleReloadInstance.lambda$new$3(SimpleReloadInstance.java:69) ~[server-1.21.1-20240808.144430-srg.jar%23444!/:?]
	at TRANSFORMER/minecraft@1.21.1/net.minecraft.Util.blockUntilDone(Util.java:872) ~[server-1.21.1-20240808.144430-srg.jar%23444!/:?]
	at TRANSFORMER/minecraft@1.21.1/net.minecraft.Util.blockUntilDone(Util.java:861) ~[server-1.21.1-20240808.144430-srg.jar%23444!/:?]
	at TRANSFORMER/minecraft@1.21.1/net.minecraft.server.Main.main(Main.java:204) ~[server-1.21.1-20240808.144430-srg.jar%23444!/:?]
	at java.base/jdk.internal.reflect.DirectMethodHandleAccessor.invoke(DirectMethodHandleAccessor.java:103) ~[?:?]
	at java.base/java.lang.reflect.Method.invoke(Method.java:580) ~[?:?]
	at MC-BOOTSTRAP/fml_loader@4.0.42/net.neoforged.fml.loading.targets.CommonLaunchHandler.runTarget(CommonLaunchHandler.java:136) ~[loader-4.0.42.jar%2359!/:4.0]
	at MC-BOOTSTRAP/fml_loader@4.0.42/net.neoforged.fml.loading.targets.CommonLaunchHandler.serverService(CommonLaunchHandler.java:128) ~[loader-4.0.42.jar%2359!/:4.0]
	at MC-BOOTSTRAP/fml_loader@4.0.42/net.neoforged.fml.loading.targets.CommonServerLaunchHandler.runService(CommonServerLaunchHandler.java:32) ~[loader-4.0.42.jar%2359!/:4.0]
	at MC-BOOTSTRAP/fml_loader@4.0.42/net.neoforged.fml.loading.targets.CommonLaunchHandler.lambda$launchService$4(CommonLaunchHandler.java:118) ~[loader-4.0.42.jar%2359!/:4.0]
	at MC-BOOTSTRAP/cpw.mods.modlauncher@11.0.5/cpw.mods.modlauncher.LaunchServiceHandlerDecorator.launch(LaunchServiceHandlerDecorator.java:30) [modlauncher-11.0.5.jar%2364!/:?]
	at MC-BOOTSTRAP/cpw.mods.modlauncher@11.0.5/cpw.mods.modlauncher.LaunchServiceHandler.launch(LaunchServiceHandler.java:53) [modlauncher-11.0.5.jar%2364!/:?]
	at MC-BOOTSTRAP/cpw.mods.modlauncher@11.0.5/cpw.mods.modlauncher.LaunchServiceHandler.launch(LaunchServiceHandler.java:71) [modlauncher-11.0.5.jar%2364!/:?]
	at MC-BOOTSTRAP/cpw.mods.modlauncher@11.0.5/cpw.mods.modlauncher.Launcher.run(Launcher.java:103) [modlauncher-11.0.5.jar%2364!/:?]
	at MC-BOOTSTRAP/cpw.mods.modlauncher@11.0.5/cpw.mods.modlauncher.Launcher.main(Launcher.java:74) [modlauncher-11.0.5.jar%2364!/:?]
	at MC-BOOTSTRAP/cpw.mods.modlauncher@11.0.5/cpw.mods.modlauncher.BootstrapLaunchConsumer.accept(BootstrapLaunchConsumer.java:26) [modlauncher-11.0.5.jar%2364!/:?]
	at MC-BOOTSTRAP/cpw.mods.modlauncher@11.0.5/cpw.mods.modlauncher.BootstrapLaunchConsumer.accept(BootstrapLaunchConsumer.java:23) [modlauncher-11.0.5.jar%2364!/:?]
	at cpw.mods.bootstraplauncher@2.0.2/cpw.mods.bootstraplauncher.BootstrapLauncher.run(BootstrapLauncher.java:210) [bootstraplauncher-2.0.2.jar:?]
	at cpw.mods.bootstraplauncher@2.0.2/cpw.mods.bootstraplauncher.BootstrapLauncher.main(BootstrapLauncher.java:69) [bootstraplauncher-2.0.2.jar:?]
[04Apr2026 00:41:34.283] [main/ERROR] [net.minecraft.world.item.crafting.RecipeManager/]: Parsing error loading recipe cataclysm_spellbooks:smithing/excelsius_speed_visors_upgrade
com.google.gson.JsonParseException: Failed to parse either. First: Not a json array: {"item":"cataclysm_spellbooks:excel_upgrade_cooldown"}; Second: No key tag in MapLike[{"item":"cataclysm_spellbooks:excel_upgrade_cooldown"}]; Unknown registry key in ResourceKey[minecraft:root / minecraft:item]: cataclysm_spellbooks:excel_upgrade_cooldown
	at MC-BOOTSTRAP/datafixerupper@8.0.16/com.mojang.serialization.DataResult$Error.getOrThrow(DataResult.java:287) ~[datafixerupper-8.0.16.jar%23100!/:?]
	at TRANSFORMER/minecraft@1.21.1/net.minecraft.world.item.crafting.RecipeManager.apply(RecipeManager.java:60) ~[server-1.21.1-20240808.144430-srg.jar%23444!/:?]
	at TRANSFORMER/minecraft@1.21.1/net.minecraft.world.item.crafting.RecipeManager.apply(RecipeManager.java:36) ~[server-1.21.1-20240808.144430-srg.jar%23444!/:?]
	at TRANSFORMER/minecraft@1.21.1/net.minecraft.server.packs.resources.SimplePreparableReloadListener.lambda$reload$1(SimplePreparableReloadListener.java:19) ~[server-1.21.1-20240808.144430-srg.jar%23444!/:?]
	at java.base/java.util.concurrent.CompletableFuture$UniAccept.tryFire(CompletableFuture.java:718) ~[?:?]
	at java.base/java.util.concurrent.CompletableFuture$Completion.run(CompletableFuture.java:482) ~[?:?]
	at TRANSFORMER/minecraft@1.21.1/net.minecraft.server.packs.resources.SimpleReloadInstance.lambda$new$3(SimpleReloadInstance.java:69) ~[server-1.21.1-20240808.144430-srg.jar%23444!/:?]
	at TRANSFORMER/minecraft@1.21.1/net.minecraft.Util.blockUntilDone(Util.java:872) ~[server-1.21.1-20240808.144430-srg.jar%23444!/:?]
	at TRANSFORMER/minecraft@1.21.1/net.minecraft.Util.blockUntilDone(Util.java:861) ~[server-1.21.1-20240808.144430-srg.jar%23444!/:?]
	at TRANSFORMER/minecraft@1.21.1/net.minecraft.server.Main.main(Main.java:204) ~[server-1.21.1-20240808.144430-srg.jar%23444!/:?]
	at java.base/jdk.internal.reflect.DirectMethodHandleAccessor.invoke(DirectMethodHandleAccessor.java:103) ~[?:?]
	at java.base/java.lang.reflect.Method.invoke(Method.java:580) ~[?:?]
	at MC-BOOTSTRAP/fml_loader@4.0.42/net.neoforged.fml.loading.targets.CommonLaunchHandler.runTarget(CommonLaunchHandler.java:136) ~[loader-4.0.42.jar%2359!/:4.0]
	at MC-BOOTSTRAP/fml_loader@4.0.42/net.neoforged.fml.loading.targets.CommonLaunchHandler.serverService(CommonLaunchHandler.java:128) ~[loader-4.0.42.jar%2359!/:4.0]
	at MC-BOOTSTRAP/fml_loader@4.0.42/net.neoforged.fml.loading.targets.CommonServerLaunchHandler.runService(CommonServerLaunchHandler.java:32) ~[loader-4.0.42.jar%2359!/:4.0]
	at MC-BOOTSTRAP/fml_loader@4.0.42/net.neoforged.fml.loading.targets.CommonLaunchHandler.lambda$launchService$4(CommonLaunchHandler.java:118) ~[loader-4.0.42.jar%2359!/:4.0]
	at MC-BOOTSTRAP/cpw.mods.modlauncher@11.0.5/cpw.mods.modlauncher.LaunchServiceHandlerDecorator.launch(LaunchServiceHandlerDecorator.java:30) [modlauncher-11.0.5.jar%2364!/:?]
	at MC-BOOTSTRAP/cpw.mods.modlauncher@11.0.5/cpw.mods.modlauncher.LaunchServiceHandler.launch(LaunchServiceHandler.java:53) [modlauncher-11.0.5.jar%2364!/:?]
	at MC-BOOTSTRAP/cpw.mods.modlauncher@11.0.5/cpw.mods.modlauncher.LaunchServiceHandler.launch(LaunchServiceHandler.java:71) [modlauncher-11.0.5.jar%2364!/:?]
	at MC-BOOTSTRAP/cpw.mods.modlauncher@11.0.5/cpw.mods.modlauncher.Launcher.run(Launcher.java:103) [modlauncher-11.0.5.jar%2364!/:?]
	at MC-BOOTSTRAP/cpw.mods.modlauncher@11.0.5/cpw.mods.modlauncher.Launcher.main(Launcher.java:74) [modlauncher-11.0.5.jar%2364!/:?]
	at MC-BOOTSTRAP/cpw.mods.modlauncher@11.0.5/cpw.mods.modlauncher.BootstrapLaunchConsumer.accept(BootstrapLaunchConsumer.java:26) [modlauncher-11.0.5.jar%2364!/:?]
	at MC-BOOTSTRAP/cpw.mods.modlauncher@11.0.5/cpw.mods.modlauncher.BootstrapLaunchConsumer.accept(BootstrapLaunchConsumer.java:23) [modlauncher-11.0.5.jar%2364!/:?]
	at cpw.mods.bootstraplauncher@2.0.2/cpw.mods.bootstraplauncher.BootstrapLauncher.run(BootstrapLauncher.java:210) [bootstraplauncher-2.0.2.jar:?]
	at cpw.mods.bootstraplauncher@2.0.2/cpw.mods.bootstraplauncher.BootstrapLauncher.main(BootstrapLauncher.java:69) [bootstraplauncher-2.0.2.jar:?]
[04Apr2026 00:41:34.303] [main/ERROR] [net.minecraft.world.item.crafting.RecipeManager/]: Parsing error loading recipe create:crushing/compat/biomeswevegone/brimstone_nether_gold_ore
com.google.gson.JsonParseException: Failed to parse either. First: Failed to parse either. First: No key tag in MapLike[{"item":"biomeswevegone:brimstone_nether_gold_ore"}]; No key fluid in MapLike[{"item":"biomeswevegone:brimstone_nether_gold_ore"}]; Fluid ingredient cannot be empty, at least one item must be defined; No key children in MapLike[{"type":"neoforge:compound","ingredients":[{"item":"biomeswevegone:brimstone_nether_gold_ore"}]}]; Second: Failed to parse either. First: No key amount in MapLike[{"type":"neoforge:compound","ingredients":[{"item":"biomeswevegone:brimstone_nether_gold_ore"}]}]; No key fluid in MapLike[{"type":"neoforge:compound","ingredients":[{"item":"biomeswevegone:brimstone_nether_gold_ore"}]}]; Invalid Type: neoforge:compound; Second: No key amount in MapLike[{"type":"neoforge:compound","ingredients":[{"item":"biomeswevegone:brimstone_nether_gold_ore"}]}]; No key fluid_tag in MapLike[{"type":"neoforge:compound","ingredients":[{"item":"biomeswevegone:brimstone_nether_gold_ore"}]}]; Invalid Type: neoforge:compound; Second: Failed to parse either. First: Not a json array: {"type":"neoforge:compound","ingredients":[{"item":"biomeswevegone:brimstone_nether_gold_ore"}]}; Second: No key tag in MapLike[{"item":"biomeswevegone:brimstone_nether_gold_ore"}]; Unknown registry key in ResourceKey[minecraft:root / minecraft:item]: biomeswevegone:brimstone_nether_gold_ore; Item array cannot be empty, at least one item must be defined; No key children in MapLike[{"type":"neoforge:compound","ingredients":[{"item":"biomeswevegone:brimstone_nether_gold_ore"}]}]
	at MC-BOOTSTRAP/datafixerupper@8.0.16/com.mojang.serialization.DataResult$Error.getOrThrow(DataResult.java:287) ~[datafixerupper-8.0.16.jar%23100!/:?]
	at TRANSFORMER/minecraft@1.21.1/net.minecraft.world.item.crafting.RecipeManager.apply(RecipeManager.java:60) ~[server-1.21.1-20240808.144430-srg.jar%23444!/:?]
	at TRANSFORMER/minecraft@1.21.1/net.minecraft.world.item.crafting.RecipeManager.apply(RecipeManager.java:36) ~[server-1.21.1-20240808.144430-srg.jar%23444!/:?]
	at TRANSFORMER/minecraft@1.21.1/net.minecraft.server.packs.resources.SimplePreparableReloadListener.lambda$reload$1(SimplePreparableReloadListener.java:19) ~[server-1.21.1-20240808.144430-srg.jar%23444!/:?]
	at java.base/java.util.concurrent.CompletableFuture$UniAccept.tryFire(CompletableFuture.java:718) ~[?:?]
	at java.base/java.util.concurrent.CompletableFuture$Completion.run(CompletableFuture.java:482) ~[?:?]
	at TRANSFORMER/minecraft@1.21.1/net.minecraft.server.packs.resources.SimpleReloadInstance.lambda$new$3(SimpleReloadInstance.java:69) ~[server-1.21.1-20240808.144430-srg.jar%23444!/:?]
	at TRANSFORMER/minecraft@1.21.1/net.minecraft.Util.blockUntilDone(Util.java:872) ~[server-1.21.1-20240808.144430-srg.jar%23444!/:?]
	at TRANSFORMER/minecraft@1.21.1/net.minecraft.Util.blockUntilDone(Util.java:861) ~[server-1.21.1-20240808.144430-srg.jar%23444!/:?]
	at TRANSFORMER/minecraft@1.21.1/net.minecraft.server.Main.main(Main.java:204) ~[server-1.21.1-20240808.144430-srg.jar%23444!/:?]
	at java.base/jdk.internal.reflect.DirectMethodHandleAccessor.invoke(DirectMethodHandleAccessor.java:103) ~[?:?]
	at java.base/java.lang.reflect.Method.invoke(Method.java:580) ~[?:?]
	at MC-BOOTSTRAP/fml_loader@4.0.42/net.neoforged.fml.loading.targets.CommonLaunchHandler.runTarget(CommonLaunchHandler.java:136) ~[loader-4.0.42.jar%2359!/:4.0]
	at MC-BOOTSTRAP/fml_loader@4.0.42/net.neoforged.fml.loading.targets.CommonLaunchHandler.serverService(CommonLaunchHandler.java:128) ~[loader-4.0.42.jar%2359!/:4.0]
	at MC-BOOTSTRAP/fml_loader@4.0.42/net.neoforged.fml.loading.targets.CommonServerLaunchHandler.runService(CommonServerLaunchHandler.java:32) ~[loader-4.0.42.jar%2359!/:4.0]
	at MC-BOOTSTRAP/fml_loader@4.0.42/net.neoforged.fml.loading.targets.CommonLaunchHandler.lambda$launchService$4(CommonLaunchHandler.java:118) ~[loader-4.0.42.jar%2359!/:4.0]
	at MC-BOOTSTRAP/cpw.mods.modlauncher@11.0.5/cpw.mods.modlauncher.LaunchServiceHandlerDecorator.launch(LaunchServiceHandlerDecorator.java:30) [modlauncher-11.0.5.jar%2364!/:?]
	at MC-BOOTSTRAP/cpw.mods.modlauncher@11.0.5/cpw.mods.modlauncher.LaunchServiceHandler.launch(LaunchServiceHandler.java:53) [modlauncher-11.0.5.jar%2364!/:?]
	at MC-BOOTSTRAP/cpw.mods.modlauncher@11.0.5/cpw.mods.modlauncher.LaunchServiceHandler.launch(LaunchServiceHandler.java:71) [modlauncher-11.0.5.jar%2364!/:?]
	at MC-BOOTSTRAP/cpw.mods.modlauncher@11.0.5/cpw.mods.modlauncher.Launcher.run(Launcher.java:103) [modlauncher-11.0.5.jar%2364!/:?]
	at MC-BOOTSTRAP/cpw.mods.modlauncher@11.0.5/cpw.mods.modlauncher.Launcher.main(Launcher.java:74) [modlauncher-11.0.5.jar%2364!/:?]
	at MC-BOOTSTRAP/cpw.mods.modlauncher@11.0.5/cpw.mods.modlauncher.BootstrapLaunchConsumer.accept(BootstrapLaunchConsumer.java:26) [modlauncher-11.0.5.jar%2364!/:?]
	at MC-BOOTSTRAP/cpw.mods.modlauncher@11.0.5/cpw.mods.modlauncher.BootstrapLaunchConsumer.accept(BootstrapLaunchConsumer.java:23) [modlauncher-11.0.5.jar%2364!/:?]
	at cpw.mods.bootstraplauncher@2.0.2/cpw.mods.bootstraplauncher.BootstrapLauncher.run(BootstrapLauncher.java:210) [bootstraplauncher-2.0.2.jar:?]
	at cpw.mods.bootstraplauncher@2.0.2/cpw.mods.bootstraplauncher.BootstrapLauncher.main(BootstrapLauncher.java:69) [bootstraplauncher-2.0.2.jar:?]
[04Apr2026 00:41:34.306] [main/ERROR] [net.minecraft.world.item.crafting.RecipeManager/]: Parsing error loading recipe cataclysm_spellbooks:the_combuster_upgrade
com.google.gson.JsonParseException: Failed to parse either. First: Not a json array: {"item":"cataclysm_spellbooks:mechanical_weapon_parts"}; Second: No key tag in MapLike[{"item":"cataclysm_spellbooks:mechanical_weapon_parts"}]; Unknown registry key in ResourceKey[minecraft:root / minecraft:item]: cataclysm_spellbooks:mechanical_weapon_parts; Failed to parse either. First: Not a json array: {"item":"cataclysm_spellbooks:gauntlet_of_gattling"}; Second: No key tag in MapLike[{"item":"cataclysm_spellbooks:gauntlet_of_gattling"}]; Unknown registry key in ResourceKey[minecraft:root / minecraft:item]: cataclysm_spellbooks:gauntlet_of_gattling; Unknown registry key in ResourceKey[minecraft:root / minecraft:item]: cataclysm_spellbooks:the_combuster
	at MC-BOOTSTRAP/datafixerupper@8.0.16/com.mojang.serialization.DataResult$Error.getOrThrow(DataResult.java:287) ~[datafixerupper-8.0.16.jar%23100!/:?]
	at TRANSFORMER/minecraft@1.21.1/net.minecraft.world.item.crafting.RecipeManager.apply(RecipeManager.java:60) ~[server-1.21.1-20240808.144430-srg.jar%23444!/:?]
	at TRANSFORMER/minecraft@1.21.1/net.minecraft.world.item.crafting.RecipeManager.apply(RecipeManager.java:36) ~[server-1.21.1-20240808.144430-srg.jar%23444!/:?]
	at TRANSFORMER/minecraft@1.21.1/net.minecraft.server.packs.resources.SimplePreparableReloadListener.lambda$reload$1(SimplePreparableReloadListener.java:19) ~[server-1.21.1-20240808.144430-srg.jar%23444!/:?]
	at java.base/java.util.concurrent.CompletableFuture$UniAccept.tryFire(CompletableFuture.java:718) ~[?:?]
	at java.base/java.util.concurrent.CompletableFuture$Completion.run(CompletableFuture.java:482) ~[?:?]
	at TRANSFORMER/minecraft@1.21.1/net.minecraft.server.packs.resources.SimpleReloadInstance.lambda$new$3(SimpleReloadInstance.java:69) ~[server-1.21.1-20240808.144430-srg.jar%23444!/:?]
	at TRANSFORMER/minecraft@1.21.1/net.minecraft.Util.blockUntilDone(Util.java:872) ~[server-1.21.1-20240808.144430-srg.jar%23444!/:?]
	at TRANSFORMER/minecraft@1.21.1/net.minecraft.Util.blockUntilDone(Util.java:861) ~[server-1.21.1-20240808.144430-srg.jar%23444!/:?]
	at TRANSFORMER/minecraft@1.21.1/net.minecraft.server.Main.main(Main.java:204) ~[server-1.21.1-20240808.144430-srg.jar%23444!/:?]
	at java.base/jdk.internal.reflect.DirectMethodHandleAccessor.invoke(DirectMethodHandleAccessor.java:103) ~[?:?]
	at java.base/java.lang.reflect.Method.invoke(Method.java:580) ~[?:?]
	at MC-BOOTSTRAP/fml_loader@4.0.42/net.neoforged.fml.loading.targets.CommonLaunchHandler.runTarget(CommonLaunchHandler.java:136) ~[loader-4.0.42.jar%2359!/:4.0]
	at MC-BOOTSTRAP/fml_loader@4.0.42/net.neoforged.fml.loading.targets.CommonLaunchHandler.serverService(CommonLaunchHandler.java:128) ~[loader-4.0.42.jar%2359!/:4.0]
	at MC-BOOTSTRAP/fml_loader@4.0.42/net.neoforged.fml.loading.targets.CommonServerLaunchHandler.runService(CommonServerLaunchHandler.java:32) ~[loader-4.0.42.jar%2359!/:4.0]
	at MC-BOOTSTRAP/fml_loader@4.0.42/net.neoforged.fml.loading.targets.CommonLaunchHandler.lambda$launchService$4(CommonLaunchHandler.java:118) ~[loader-4.0.42.jar%2359!/:4.0]
	at MC-BOOTSTRAP/cpw.mods.modlauncher@11.0.5/cpw.mods.modlauncher.LaunchServiceHandlerDecorator.launch(LaunchServiceHandlerDecorator.java:30) [modlauncher-11.0.5.jar%2364!/:?]
	at MC-BOOTSTRAP/cpw.mods.modlauncher@11.0.5/cpw.mods.modlauncher.LaunchServiceHandler.launch(LaunchServiceHandler.java:53) [modlauncher-11.0.5.jar%2364!/:?]
	at MC-BOOTSTRAP/cpw.mods.modlauncher@11.0.5/cpw.mods.modlauncher.LaunchServiceHandler.launch(LaunchServiceHandler.java:71) [modlauncher-11.0.5.jar%2364!/:?]
	at MC-BOOTSTRAP/cpw.mods.modlauncher@11.0.5/cpw.mods.modlauncher.Launcher.run(Launcher.java:103) [modlauncher-11.0.5.jar%2364!/:?]
	at MC-BOOTSTRAP/cpw.mods.modlauncher@11.0.5/cpw.mods.modlauncher.Launcher.main(Launcher.java:74) [modlauncher-11.0.5.jar%2364!/:?]
	at MC-BOOTSTRAP/cpw.mods.modlauncher@11.0.5/cpw.mods.modlauncher.BootstrapLaunchConsumer.accept(BootstrapLaunchConsumer.java:26) [modlauncher-11.0.5.jar%2364!/:?]
	at MC-BOOTSTRAP/cpw.mods.modlauncher@11.0.5/cpw.mods.modlauncher.BootstrapLaunchConsumer.accept(BootstrapLaunchConsumer.java:23) [modlauncher-11.0.5.jar%2364!/:?]
	at cpw.mods.bootstraplauncher@2.0.2/cpw.mods.bootstraplauncher.BootstrapLauncher.run(BootstrapLauncher.java:210) [bootstraplauncher-2.0.2.jar:?]
	at cpw.mods.bootstraplauncher@2.0.2/cpw.mods.bootstraplauncher.BootstrapLauncher.main(BootstrapLauncher.java:69) [bootstraplauncher-2.0.2.jar:?]
[04Apr2026 00:41:34.307] [main/ERROR] [net.minecraft.world.item.crafting.RecipeManager/]: Parsing error loading recipe create:cutting/echo_log
com.google.gson.JsonParseException: Failed to parse either. First: No key amount in MapLike[{"item":"deeperdarker:stripped_echo_log"}]; No key id in MapLike[{"item":"deeperdarker:stripped_echo_log"}]; Second: Failed to parse either. First: No key id in MapLike[{"item":"deeperdarker:stripped_echo_log"}]; Second: Failed to parse either. First: Not a JSON object: "deeperdarker:stripped_echo_log"; Second: Compat cannot be deserialized
	at MC-BOOTSTRAP/datafixerupper@8.0.16/com.mojang.serialization.DataResult$Error.getOrThrow(DataResult.java:287) ~[datafixerupper-8.0.16.jar%23100!/:?]
	at TRANSFORMER/minecraft@1.21.1/net.minecraft.world.item.crafting.RecipeManager.apply(RecipeManager.java:60) ~[server-1.21.1-20240808.144430-srg.jar%23444!/:?]
	at TRANSFORMER/minecraft@1.21.1/net.minecraft.world.item.crafting.RecipeManager.apply(RecipeManager.java:36) ~[server-1.21.1-20240808.144430-srg.jar%23444!/:?]
	at TRANSFORMER/minecraft@1.21.1/net.minecraft.server.packs.resources.SimplePreparableReloadListener.lambda$reload$1(SimplePreparableReloadListener.java:19) ~[server-1.21.1-20240808.144430-srg.jar%23444!/:?]
	at java.base/java.util.concurrent.CompletableFuture$UniAccept.tryFire(CompletableFuture.java:718) ~[?:?]
	at java.base/java.util.concurrent.CompletableFuture$Completion.run(CompletableFuture.java:482) ~[?:?]
	at TRANSFORMER/minecraft@1.21.1/net.minecraft.server.packs.resources.SimpleReloadInstance.lambda$new$3(SimpleReloadInstance.java:69) ~[server-1.21.1-20240808.144430-srg.jar%23444!/:?]
	at TRANSFORMER/minecraft@1.21.1/net.minecraft.Util.blockUntilDone(Util.java:872) ~[server-1.21.1-20240808.144430-srg.jar%23444!/:?]
	at TRANSFORMER/minecraft@1.21.1/net.minecraft.Util.blockUntilDone(Util.java:861) ~[server-1.21.1-20240808.144430-srg.jar%23444!/:?]
	at TRANSFORMER/minecraft@1.21.1/net.minecraft.server.Main.main(Main.java:204) ~[server-1.21.1-20240808.144430-srg.jar%23444!/:?]
	at java.base/jdk.internal.reflect.DirectMethodHandleAccessor.invoke(DirectMethodHandleAccessor.java:103) ~[?:?]
	at java.base/java.lang.reflect.Method.invoke(Method.java:580) ~[?:?]
	at MC-BOOTSTRAP/fml_loader@4.0.42/net.neoforged.fml.loading.targets.CommonLaunchHandler.runTarget(CommonLaunchHandler.java:136) ~[loader-4.0.42.jar%2359!/:4.0]
	at MC-BOOTSTRAP/fml_loader@4.0.42/net.neoforged.fml.loading.targets.CommonLaunchHandler.serverService(CommonLaunchHandler.java:128) ~[loader-4.0.42.jar%2359!/:4.0]
	at MC-BOOTSTRAP/fml_loader@4.0.42/net.neoforged.fml.loading.targets.CommonServerLaunchHandler.runService(CommonServerLaunchHandler.java:32) ~[loader-4.0.42.jar%2359!/:4.0]
	at MC-BOOTSTRAP/fml_loader@4.0.42/net.neoforged.fml.loading.targets.CommonLaunchHandler.lambda$launchService$4(CommonLaunchHandler.java:118) ~[loader-4.0.42.jar%2359!/:4.0]
	at MC-BOOTSTRAP/cpw.mods.modlauncher@11.0.5/cpw.mods.modlauncher.LaunchServiceHandlerDecorator.launch(LaunchServiceHandlerDecorator.java:30) [modlauncher-11.0.5.jar%2364!/:?]
	at MC-BOOTSTRAP/cpw.mods.modlauncher@11.0.5/cpw.mods.modlauncher.LaunchServiceHandler.launch(LaunchServiceHandler.java:53) [modlauncher-11.0.5.jar%2364!/:?]
	at MC-BOOTSTRAP/cpw.mods.modlauncher@11.0.5/cpw.mods.modlauncher.LaunchServiceHandler.launch(LaunchServiceHandler.java:71) [modlauncher-11.0.5.jar%2364!/:?]
	at MC-BOOTSTRAP/cpw.mods.modlauncher@11.0.5/cpw.mods.modlauncher.Launcher.run(Launcher.java:103) [modlauncher-11.0.5.jar%2364!/:?]
	at MC-BOOTSTRAP/cpw.mods.modlauncher@11.0.5/cpw.mods.modlauncher.Launcher.main(Launcher.java:74) [modlauncher-11.0.5.jar%2364!/:?]
	at MC-BOOTSTRAP/cpw.mods.modlauncher@11.0.5/cpw.mods.modlauncher.BootstrapLaunchConsumer.accept(BootstrapLaunchConsumer.java:26) [modlauncher-11.0.5.jar%2364!/:?]
	at MC-BOOTSTRAP/cpw.mods.modlauncher@11.0.5/cpw.mods.modlauncher.BootstrapLaunchConsumer.accept(BootstrapLaunchConsumer.java:23) [modlauncher-11.0.5.jar%2364!/:?]
	at cpw.mods.bootstraplauncher@2.0.2/cpw.mods.bootstraplauncher.BootstrapLauncher.run(BootstrapLauncher.java:210) [bootstraplauncher-2.0.2.jar:?]
	at cpw.mods.bootstraplauncher@2.0.2/cpw.mods.bootstraplauncher.BootstrapLauncher.main(BootstrapLauncher.java:69) [bootstraplauncher-2.0.2.jar:?]
[04Apr2026 00:41:34.341] [main/ERROR] [net.minecraft.world.item.crafting.RecipeManager/]: Parsing error loading recipe create:crushing/sculk_stone_lapis_ore
com.google.gson.JsonParseException: Failed to parse either. First: No key amount in MapLike[{"chance":0.125,"item":"deeperdarker:cobbled_sculk_stone"}]; No key id in MapLike[{"chance":0.125,"item":"deeperdarker:cobbled_sculk_stone"}]; Second: Failed to parse either. First: No key id in MapLike[{"chance":0.125,"item":"deeperdarker:cobbled_sculk_stone"}]; Second: Failed to parse either. First: Not a JSON object: "deeperdarker:cobbled_sculk_stone"; Second: Compat cannot be deserialized; Failed to parse either. First: No key amount in MapLike[{"item":"create:experience_nugget"}]; No key id in MapLike[{"item":"create:experience_nugget"}]; Second: Failed to parse either. First: No key id in MapLike[{"item":"create:experience_nugget"}]; Second: Failed to parse either. First: Not a JSON object: "create:experience_nugget"; Second: Compat cannot be deserialized; Failed to parse either. First: No key amount in MapLike[{"chance":0.5,"item":"minecraft:lapis_lazuli"}]; No key id in MapLike[{"chance":0.5,"item":"minecraft:lapis_lazuli"}]; Second: Failed to parse either. First: No key id in MapLike[{"chance":0.5,"item":"minecraft:lapis_lazuli"}]; Second: Failed to parse either. First: Not a JSON object: "minecraft:lapis_lazuli"; Second: Compat cannot be deserialized; Failed to parse either. First: No key amount in MapLike[{"count":15,"item":"minecraft:lapis_lazuli"}]; No key id in MapLike[{"count":15,"item":"minecraft:lapis_lazuli"}]; Second: Failed to parse either. First: No key id in MapLike[{"count":15,"item":"minecraft:lapis_lazuli"}]; Second: Failed to parse either. First: Not a JSON object: "minecraft:lapis_lazuli"; Second: Compat cannot be deserialized
	at MC-BOOTSTRAP/datafixerupper@8.0.16/com.mojang.serialization.DataResult$Error.getOrThrow(DataResult.java:287) ~[datafixerupper-8.0.16.jar%23100!/:?]
	at TRANSFORMER/minecraft@1.21.1/net.minecraft.world.item.crafting.RecipeManager.apply(RecipeManager.java:60) ~[server-1.21.1-20240808.144430-srg.jar%23444!/:?]
	at TRANSFORMER/minecraft@1.21.1/net.minecraft.world.item.crafting.RecipeManager.apply(RecipeManager.java:36) ~[server-1.21.1-20240808.144430-srg.jar%23444!/:?]
	at TRANSFORMER/minecraft@1.21.1/net.minecraft.server.packs.resources.SimplePreparableReloadListener.lambda$reload$1(SimplePreparableReloadListener.java:19) ~[server-1.21.1-20240808.144430-srg.jar%23444!/:?]
	at java.base/java.util.concurrent.CompletableFuture$UniAccept.tryFire(CompletableFuture.java:718) ~[?:?]
	at java.base/java.util.concurrent.CompletableFuture$Completion.run(CompletableFuture.java:482) ~[?:?]
	at TRANSFORMER/minecraft@1.21.1/net.minecraft.server.packs.resources.SimpleReloadInstance.lambda$new$3(SimpleReloadInstance.java:69) ~[server-1.21.1-20240808.144430-srg.jar%23444!/:?]
	at TRANSFORMER/minecraft@1.21.1/net.minecraft.Util.blockUntilDone(Util.java:872) ~[server-1.21.1-20240808.144430-srg.jar%23444!/:?]
	at TRANSFORMER/minecraft@1.21.1/net.minecraft.Util.blockUntilDone(Util.java:861) ~[server-1.21.1-20240808.144430-srg.jar%23444!/:?]
	at TRANSFORMER/minecraft@1.21.1/net.minecraft.server.Main.main(Main.java:204) ~[server-1.21.1-20240808.144430-srg.jar%23444!/:?]
	at java.base/jdk.internal.reflect.DirectMethodHandleAccessor.invoke(DirectMethodHandleAccessor.java:103) ~[?:?]
	at java.base/java.lang.reflect.Method.invoke(Method.java:580) ~[?:?]
	at MC-BOOTSTRAP/fml_loader@4.0.42/net.neoforged.fml.loading.targets.CommonLaunchHandler.runTarget(CommonLaunchHandler.java:136) ~[loader-4.0.42.jar%2359!/:4.0]
	at MC-BOOTSTRAP/fml_loader@4.0.42/net.neoforged.fml.loading.targets.CommonLaunchHandler.serverService(CommonLaunchHandler.java:128) ~[loader-4.0.42.jar%2359!/:4.0]
	at MC-BOOTSTRAP/fml_loader@4.0.42/net.neoforged.fml.loading.targets.CommonServerLaunchHandler.runService(CommonServerLaunchHandler.java:32) ~[loader-4.0.42.jar%2359!/:4.0]
	at MC-BOOTSTRAP/fml_loader@4.0.42/net.neoforged.fml.loading.targets.CommonLaunchHandler.lambda$launchService$4(CommonLaunchHandler.java:118) ~[loader-4.0.42.jar%2359!/:4.0]
	at MC-BOOTSTRAP/cpw.mods.modlauncher@11.0.5/cpw.mods.modlauncher.LaunchServiceHandlerDecorator.launch(LaunchServiceHandlerDecorator.java:30) [modlauncher-11.0.5.jar%2364!/:?]
	at MC-BOOTSTRAP/cpw.mods.modlauncher@11.0.5/cpw.mods.modlauncher.LaunchServiceHandler.launch(LaunchServiceHandler.java:53) [modlauncher-11.0.5.jar%2364!/:?]
	at MC-BOOTSTRAP/cpw.mods.modlauncher@11.0.5/cpw.mods.modlauncher.LaunchServiceHandler.launch(LaunchServiceHandler.java:71) [modlauncher-11.0.5.jar%2364!/:?]
	at MC-BOOTSTRAP/cpw.mods.modlauncher@11.0.5/cpw.mods.modlauncher.Launcher.run(Launcher.java:103) [modlauncher-11.0.5.jar%2364!/:?]
	at MC-BOOTSTRAP/cpw.mods.modlauncher@11.0.5/cpw.mods.modlauncher.Launcher.main(Launcher.java:74) [modlauncher-11.0.5.jar%2364!/:?]
	at MC-BOOTSTRAP/cpw.mods.modlauncher@11.0.5/cpw.mods.modlauncher.BootstrapLaunchConsumer.accept(BootstrapLaunchConsumer.java:26) [modlauncher-11.0.5.jar%2364!/:?]
	at MC-BOOTSTRAP/cpw.mods.modlauncher@11.0.5/cpw.mods.modlauncher.BootstrapLaunchConsumer.accept(BootstrapLaunchConsumer.java:23) [modlauncher-11.0.5.jar%2364!/:?]
	at cpw.mods.bootstraplauncher@2.0.2/cpw.mods.bootstraplauncher.BootstrapLauncher.run(BootstrapLauncher.java:210) [bootstraplauncher-2.0.2.jar:?]
	at cpw.mods.bootstraplauncher@2.0.2/cpw.mods.bootstraplauncher.BootstrapLauncher.main(BootstrapLauncher.java:69) [bootstraplauncher-2.0.2.jar:?]
[04Apr2026 00:41:34.360] [main/ERROR] [net.minecraft.world.item.crafting.RecipeManager/]: Parsing error loading recipe cataclysm_spellbooks:the_nightstalker_upgrade
com.google.gson.JsonParseException: Failed to parse either. First: Not a json array: {"item":"cataclysm_spellbooks:mechanical_weapon_parts"}; Second: No key tag in MapLike[{"item":"cataclysm_spellbooks:mechanical_weapon_parts"}]; Unknown registry key in ResourceKey[minecraft:root / minecraft:item]: cataclysm_spellbooks:mechanical_weapon_parts; Failed to parse either. First: Not a json array: {"item":"cataclysm_spellbooks:gauntlet_of_gattling"}; Second: No key tag in MapLike[{"item":"cataclysm_spellbooks:gauntlet_of_gattling"}]; Unknown registry key in ResourceKey[minecraft:root / minecraft:item]: cataclysm_spellbooks:gauntlet_of_gattling; Unknown registry key in ResourceKey[minecraft:root / minecraft:item]: cataclysm_spellbooks:the_nightstalker
	at MC-BOOTSTRAP/datafixerupper@8.0.16/com.mojang.serialization.DataResult$Error.getOrThrow(DataResult.java:287) ~[datafixerupper-8.0.16.jar%23100!/:?]
	at TRANSFORMER/minecraft@1.21.1/net.minecraft.world.item.crafting.RecipeManager.apply(RecipeManager.java:60) ~[server-1.21.1-20240808.144430-srg.jar%23444!/:?]
	at TRANSFORMER/minecraft@1.21.1/net.minecraft.world.item.crafting.RecipeManager.apply(RecipeManager.java:36) ~[server-1.21.1-20240808.144430-srg.jar%23444!/:?]
	at TRANSFORMER/minecraft@1.21.1/net.minecraft.server.packs.resources.SimplePreparableReloadListener.lambda$reload$1(SimplePreparableReloadListener.java:19) ~[server-1.21.1-20240808.144430-srg.jar%23444!/:?]
	at java.base/java.util.concurrent.CompletableFuture$UniAccept.tryFire(CompletableFuture.java:718) ~[?:?]
	at java.base/java.util.concurrent.CompletableFuture$Completion.run(CompletableFuture.java:482) ~[?:?]
	at TRANSFORMER/minecraft@1.21.1/net.minecraft.server.packs.resources.SimpleReloadInstance.lambda$new$3(SimpleReloadInstance.java:69) ~[server-1.21.1-20240808.144430-srg.jar%23444!/:?]
	at TRANSFORMER/minecraft@1.21.1/net.minecraft.Util.blockUntilDone(Util.java:872) ~[server-1.21.1-20240808.144430-srg.jar%23444!/:?]
	at TRANSFORMER/minecraft@1.21.1/net.minecraft.Util.blockUntilDone(Util.java:861) ~[server-1.21.1-20240808.144430-srg.jar%23444!/:?]
	at TRANSFORMER/minecraft@1.21.1/net.minecraft.server.Main.main(Main.java:204) ~[server-1.21.1-20240808.144430-srg.jar%23444!/:?]
	at java.base/jdk.internal.reflect.DirectMethodHandleAccessor.invoke(DirectMethodHandleAccessor.java:103) ~[?:?]
	at java.base/java.lang.reflect.Method.invoke(Method.java:580) ~[?:?]
	at MC-BOOTSTRAP/fml_loader@4.0.42/net.neoforged.fml.loading.targets.CommonLaunchHandler.runTarget(CommonLaunchHandler.java:136) ~[loader-4.0.42.jar%2359!/:4.0]
	at MC-BOOTSTRAP/fml_loader@4.0.42/net.neoforged.fml.loading.targets.CommonLaunchHandler.serverService(CommonLaunchHandler.java:128) ~[loader-4.0.42.jar%2359!/:4.0]
	at MC-BOOTSTRAP/fml_loader@4.0.42/net.neoforged.fml.loading.targets.CommonServerLaunchHandler.runService(CommonServerLaunchHandler.java:32) ~[loader-4.0.42.jar%2359!/:4.0]
	at MC-BOOTSTRAP/fml_loader@4.0.42/net.neoforged.fml.loading.targets.CommonLaunchHandler.lambda$launchService$4(CommonLaunchHandler.java:118) ~[loader-4.0.42.jar%2359!/:4.0]
	at MC-BOOTSTRAP/cpw.mods.modlauncher@11.0.5/cpw.mods.modlauncher.LaunchServiceHandlerDecorator.launch(LaunchServiceHandlerDecorator.java:30) [modlauncher-11.0.5.jar%2364!/:?]
	at MC-BOOTSTRAP/cpw.mods.modlauncher@11.0.5/cpw.mods.modlauncher.LaunchServiceHandler.launch(LaunchServiceHandler.java:53) [modlauncher-11.0.5.jar%2364!/:?]
	at MC-BOOTSTRAP/cpw.mods.modlauncher@11.0.5/cpw.mods.modlauncher.LaunchServiceHandler.launch(LaunchServiceHandler.java:71) [modlauncher-11.0.5.jar%2364!/:?]
	at MC-BOOTSTRAP/cpw.mods.modlauncher@11.0.5/cpw.mods.modlauncher.Launcher.run(Launcher.java:103) [modlauncher-11.0.5.jar%2364!/:?]
	at MC-BOOTSTRAP/cpw.mods.modlauncher@11.0.5/cpw.mods.modlauncher.Launcher.main(Launcher.java:74) [modlauncher-11.0.5.jar%2364!/:?]
	at MC-BOOTSTRAP/cpw.mods.modlauncher@11.0.5/cpw.mods.modlauncher.BootstrapLaunchConsumer.accept(BootstrapLaunchConsumer.java:26) [modlauncher-11.0.5.jar%2364!/:?]
	at MC-BOOTSTRAP/cpw.mods.modlauncher@11.0.5/cpw.mods.modlauncher.BootstrapLaunchConsumer.accept(BootstrapLaunchConsumer.java:23) [modlauncher-11.0.5.jar%2364!/:?]
	at cpw.mods.bootstraplauncher@2.0.2/cpw.mods.bootstraplauncher.BootstrapLauncher.run(BootstrapLauncher.java:210) [bootstraplauncher-2.0.2.jar:?]
	at cpw.mods.bootstraplauncher@2.0.2/cpw.mods.bootstraplauncher.BootstrapLauncher.main(BootstrapLauncher.java:69) [bootstraplauncher-2.0.2.jar:?]
[04Apr2026 00:41:34.361] [main/ERROR] [net.minecraft.world.item.crafting.RecipeManager/]: Parsing error loading recipe cataclysm_spellbooks:disc_driver_upgrade
com.google.gson.JsonParseException: Unknown registry key in ResourceKey[minecraft:root / minecraft:item]: cataclysm_spellbooks:disc_driver; Failed to parse either. First: Not a json array: {"item":"cataclysm_spellbooks:strange_disc"}; Second: No key tag in MapLike[{"item":"cataclysm_spellbooks:strange_disc"}]; Unknown registry key in ResourceKey[minecraft:root / minecraft:item]: cataclysm_spellbooks:strange_disc
	at MC-BOOTSTRAP/datafixerupper@8.0.16/com.mojang.serialization.DataResult$Error.getOrThrow(DataResult.java:287) ~[datafixerupper-8.0.16.jar%23100!/:?]
	at TRANSFORMER/minecraft@1.21.1/net.minecraft.world.item.crafting.RecipeManager.apply(RecipeManager.java:60) ~[server-1.21.1-20240808.144430-srg.jar%23444!/:?]
	at TRANSFORMER/minecraft@1.21.1/net.minecraft.world.item.crafting.RecipeManager.apply(RecipeManager.java:36) ~[server-1.21.1-20240808.144430-srg.jar%23444!/:?]
	at TRANSFORMER/minecraft@1.21.1/net.minecraft.server.packs.resources.SimplePreparableReloadListener.lambda$reload$1(SimplePreparableReloadListener.java:19) ~[server-1.21.1-20240808.144430-srg.jar%23444!/:?]
	at java.base/java.util.concurrent.CompletableFuture$UniAccept.tryFire(CompletableFuture.java:718) ~[?:?]
	at java.base/java.util.concurrent.CompletableFuture$Completion.run(CompletableFuture.java:482) ~[?:?]
	at TRANSFORMER/minecraft@1.21.1/net.minecraft.server.packs.resources.SimpleReloadInstance.lambda$new$3(SimpleReloadInstance.java:69) ~[server-1.21.1-20240808.144430-srg.jar%23444!/:?]
	at TRANSFORMER/minecraft@1.21.1/net.minecraft.Util.blockUntilDone(Util.java:872) ~[server-1.21.1-20240808.144430-srg.jar%23444!/:?]
	at TRANSFORMER/minecraft@1.21.1/net.minecraft.Util.blockUntilDone(Util.java:861) ~[server-1.21.1-20240808.144430-srg.jar%23444!/:?]
	at TRANSFORMER/minecraft@1.21.1/net.minecraft.server.Main.main(Main.java:204) ~[server-1.21.1-20240808.144430-srg.jar%23444!/:?]
	at java.base/jdk.internal.reflect.DirectMethodHandleAccessor.invoke(DirectMethodHandleAccessor.java:103) ~[?:?]
	at java.base/java.lang.reflect.Method.invoke(Method.java:580) ~[?:?]
	at MC-BOOTSTRAP/fml_loader@4.0.42/net.neoforged.fml.loading.targets.CommonLaunchHandler.runTarget(CommonLaunchHandler.java:136) ~[loader-4.0.42.jar%2359!/:4.0]
	at MC-BOOTSTRAP/fml_loader@4.0.42/net.neoforged.fml.loading.targets.CommonLaunchHandler.serverService(CommonLaunchHandler.java:128) ~[loader-4.0.42.jar%2359!/:4.0]
	at MC-BOOTSTRAP/fml_loader@4.0.42/net.neoforged.fml.loading.targets.CommonServerLaunchHandler.runService(CommonServerLaunchHandler.java:32) ~[loader-4.0.42.jar%2359!/:4.0]
	at MC-BOOTSTRAP/fml_loader@4.0.42/net.neoforged.fml.loading.targets.CommonLaunchHandler.lambda$launchService$4(CommonLaunchHandler.java:118) ~[loader-4.0.42.jar%2359!/:4.0]
	at MC-BOOTSTRAP/cpw.mods.modlauncher@11.0.5/cpw.mods.modlauncher.LaunchServiceHandlerDecorator.launch(LaunchServiceHandlerDecorator.java:30) [modlauncher-11.0.5.jar%2364!/:?]
	at MC-BOOTSTRAP/cpw.mods.modlauncher@11.0.5/cpw.mods.modlauncher.LaunchServiceHandler.launch(LaunchServiceHandler.java:53) [modlauncher-11.0.5.jar%2364!/:?]
	at MC-BOOTSTRAP/cpw.mods.modlauncher@11.0.5/cpw.mods.modlauncher.LaunchServiceHandler.launch(LaunchServiceHandler.java:71) [modlauncher-11.0.5.jar%2364!/:?]
	at MC-BOOTSTRAP/cpw.mods.modlauncher@11.0.5/cpw.mods.modlauncher.Launcher.run(Launcher.java:103) [modlauncher-11.0.5.jar%2364!/:?]
	at MC-BOOTSTRAP/cpw.mods.modlauncher@11.0.5/cpw.mods.modlauncher.Launcher.main(Launcher.java:74) [modlauncher-11.0.5.jar%2364!/:?]
	at MC-BOOTSTRAP/cpw.mods.modlauncher@11.0.5/cpw.mods.modlauncher.BootstrapLaunchConsumer.accept(BootstrapLaunchConsumer.java:26) [modlauncher-11.0.5.jar%2364!/:?]
	at MC-BOOTSTRAP/cpw.mods.modlauncher@11.0.5/cpw.mods.modlauncher.BootstrapLaunchConsumer.accept(BootstrapLaunchConsumer.java:23) [modlauncher-11.0.5.jar%2364!/:?]
	at cpw.mods.bootstraplauncher@2.0.2/cpw.mods.bootstraplauncher.BootstrapLauncher.run(BootstrapLauncher.java:210) [bootstraplauncher-2.0.2.jar:?]
	at cpw.mods.bootstraplauncher@2.0.2/cpw.mods.bootstraplauncher.BootstrapLauncher.main(BootstrapLauncher.java:69) [bootstraplauncher-2.0.2.jar:?]
[04Apr2026 00:41:34.365] [main/ERROR] [net.minecraft.world.item.crafting.RecipeManager/]: Parsing error loading recipe farmersdelight:cutting/echo_wood
com.google.gson.JsonParseException: Not a JSON object: "minecraft:item.axe.strip"; Failed to parse either. First: Not a json array: {"type":"farmersdelight:tool_action","action":"axe_strip"}; Second: Unknown registry key in ResourceKey[minecraft:root / neoforge:ingredient_serializer]: farmersdelight:tool_action
	at MC-BOOTSTRAP/datafixerupper@8.0.16/com.mojang.serialization.DataResult$Error.getOrThrow(DataResult.java:287) ~[datafixerupper-8.0.16.jar%23100!/:?]
	at TRANSFORMER/minecraft@1.21.1/net.minecraft.world.item.crafting.RecipeManager.apply(RecipeManager.java:60) ~[server-1.21.1-20240808.144430-srg.jar%23444!/:?]
	at TRANSFORMER/minecraft@1.21.1/net.minecraft.world.item.crafting.RecipeManager.apply(RecipeManager.java:36) ~[server-1.21.1-20240808.144430-srg.jar%23444!/:?]
	at TRANSFORMER/minecraft@1.21.1/net.minecraft.server.packs.resources.SimplePreparableReloadListener.lambda$reload$1(SimplePreparableReloadListener.java:19) ~[server-1.21.1-20240808.144430-srg.jar%23444!/:?]
	at java.base/java.util.concurrent.CompletableFuture$UniAccept.tryFire(CompletableFuture.java:718) ~[?:?]
	at java.base/java.util.concurrent.CompletableFuture$Completion.run(CompletableFuture.java:482) ~[?:?]
	at TRANSFORMER/minecraft@1.21.1/net.minecraft.server.packs.resources.SimpleReloadInstance.lambda$new$3(SimpleReloadInstance.java:69) ~[server-1.21.1-20240808.144430-srg.jar%23444!/:?]
	at TRANSFORMER/minecraft@1.21.1/net.minecraft.Util.blockUntilDone(Util.java:872) ~[server-1.21.1-20240808.144430-srg.jar%23444!/:?]
	at TRANSFORMER/minecraft@1.21.1/net.minecraft.Util.blockUntilDone(Util.java:861) ~[server-1.21.1-20240808.144430-srg.jar%23444!/:?]
	at TRANSFORMER/minecraft@1.21.1/net.minecraft.server.Main.main(Main.java:204) ~[server-1.21.1-20240808.144430-srg.jar%23444!/:?]
	at java.base/jdk.internal.reflect.DirectMethodHandleAccessor.invoke(DirectMethodHandleAccessor.java:103) ~[?:?]
	at java.base/java.lang.reflect.Method.invoke(Method.java:580) ~[?:?]
	at MC-BOOTSTRAP/fml_loader@4.0.42/net.neoforged.fml.loading.targets.CommonLaunchHandler.runTarget(CommonLaunchHandler.java:136) ~[loader-4.0.42.jar%2359!/:4.0]
	at MC-BOOTSTRAP/fml_loader@4.0.42/net.neoforged.fml.loading.targets.CommonLaunchHandler.serverService(CommonLaunchHandler.java:128) ~[loader-4.0.42.jar%2359!/:4.0]
	at MC-BOOTSTRAP/fml_loader@4.0.42/net.neoforged.fml.loading.targets.CommonServerLaunchHandler.runService(CommonServerLaunchHandler.java:32) ~[loader-4.0.42.jar%2359!/:4.0]
	at MC-BOOTSTRAP/fml_loader@4.0.42/net.neoforged.fml.loading.targets.CommonLaunchHandler.lambda$launchService$4(CommonLaunchHandler.java:118) ~[loader-4.0.42.jar%2359!/:4.0]
	at MC-BOOTSTRAP/cpw.mods.modlauncher@11.0.5/cpw.mods.modlauncher.LaunchServiceHandlerDecorator.launch(LaunchServiceHandlerDecorator.java:30) [modlauncher-11.0.5.jar%2364!/:?]
	at MC-BOOTSTRAP/cpw.mods.modlauncher@11.0.5/cpw.mods.modlauncher.LaunchServiceHandler.launch(LaunchServiceHandler.java:53) [modlauncher-11.0.5.jar%2364!/:?]
	at MC-BOOTSTRAP/cpw.mods.modlauncher@11.0.5/cpw.mods.modlauncher.LaunchServiceHandler.launch(LaunchServiceHandler.java:71) [modlauncher-11.0.5.jar%2364!/:?]
	at MC-BOOTSTRAP/cpw.mods.modlauncher@11.0.5/cpw.mods.modlauncher.Launcher.run(Launcher.java:103) [modlauncher-11.0.5.jar%2364!/:?]
	at MC-BOOTSTRAP/cpw.mods.modlauncher@11.0.5/cpw.mods.modlauncher.Launcher.main(Launcher.java:74) [modlauncher-11.0.5.jar%2364!/:?]
	at MC-BOOTSTRAP/cpw.mods.modlauncher@11.0.5/cpw.mods.modlauncher.BootstrapLaunchConsumer.accept(BootstrapLaunchConsumer.java:26) [modlauncher-11.0.5.jar%2364!/:?]
	at MC-BOOTSTRAP/cpw.mods.modlauncher@11.0.5/cpw.mods.modlauncher.BootstrapLaunchConsumer.accept(BootstrapLaunchConsumer.java:23) [modlauncher-11.0.5.jar%2364!/:?]
	at cpw.mods.bootstraplauncher@2.0.2/cpw.mods.bootstraplauncher.BootstrapLauncher.run(BootstrapLauncher.java:210) [bootstraplauncher-2.0.2.jar:?]
	at cpw.mods.bootstraplauncher@2.0.2/cpw.mods.bootstraplauncher.BootstrapLauncher.main(BootstrapLauncher.java:69) [bootstraplauncher-2.0.2.jar:?]
[04Apr2026 00:41:34.366] [NeoForge Version Check/INFO] [net.neoforged.fml.VersionChecker/]: [ae2wtlib] Found status: UP_TO_DATE Current: 19.4.1 Target: null
[04Apr2026 00:41:34.367] [NeoForge Version Check/INFO] [net.neoforged.fml.VersionChecker/]: [iceberg] Starting version check at https://mc-update-check.anthonyhilyard.com/520110
[04Apr2026 00:41:34.372] [main/ERROR] [net.minecraft.world.item.crafting.RecipeManager/]: Parsing error loading recipe cataclysm_spellbooks:smithing/excelsius_power_chestplate_upgrade
com.google.gson.JsonParseException: Failed to parse either. First: Not a json array: {"item":"cataclysm_spellbooks:excel_upgrade_mana"}; Second: No key tag in MapLike[{"item":"cataclysm_spellbooks:excel_upgrade_mana"}]; Unknown registry key in ResourceKey[minecraft:root / minecraft:item]: cataclysm_spellbooks:excel_upgrade_mana
	at MC-BOOTSTRAP/datafixerupper@8.0.16/com.mojang.serialization.DataResult$Error.getOrThrow(DataResult.java:287) ~[datafixerupper-8.0.16.jar%23100!/:?]
	at TRANSFORMER/minecraft@1.21.1/net.minecraft.world.item.crafting.RecipeManager.apply(RecipeManager.java:60) ~[server-1.21.1-20240808.144430-srg.jar%23444!/:?]
	at TRANSFORMER/minecraft@1.21.1/net.minecraft.world.item.crafting.RecipeManager.apply(RecipeManager.java:36) ~[server-1.21.1-20240808.144430-srg.jar%23444!/:?]
	at TRANSFORMER/minecraft@1.21.1/net.minecraft.server.packs.resources.SimplePreparableReloadListener.lambda$reload$1(SimplePreparableReloadListener.java:19) ~[server-1.21.1-20240808.144430-srg.jar%23444!/:?]
	at java.base/java.util.concurrent.CompletableFuture$UniAccept.tryFire(CompletableFuture.java:718) ~[?:?]
	at java.base/java.util.concurrent.CompletableFuture$Completion.run(CompletableFuture.java:482) ~[?:?]
	at TRANSFORMER/minecraft@1.21.1/net.minecraft.server.packs.resources.SimpleReloadInstance.lambda$new$3(SimpleReloadInstance.java:69) ~[server-1.21.1-20240808.144430-srg.jar%23444!/:?]
	at TRANSFORMER/minecraft@1.21.1/net.minecraft.Util.blockUntilDone(Util.java:872) ~[server-1.21.1-20240808.144430-srg.jar%23444!/:?]
	at TRANSFORMER/minecraft@1.21.1/net.minecraft.Util.blockUntilDone(Util.java:861) ~[server-1.21.1-20240808.144430-srg.jar%23444!/:?]
	at TRANSFORMER/minecraft@1.21.1/net.minecraft.server.Main.main(Main.java:204) ~[server-1.21.1-20240808.144430-srg.jar%23444!/:?]
	at java.base/jdk.internal.reflect.DirectMethodHandleAccessor.invoke(DirectMethodHandleAccessor.java:103) ~[?:?]
	at java.base/java.lang.reflect.Method.invoke(Method.java:580) ~[?:?]
	at MC-BOOTSTRAP/fml_loader@4.0.42/net.neoforged.fml.loading.targets.CommonLaunchHandler.runTarget(CommonLaunchHandler.java:136) ~[loader-4.0.42.jar%2359!/:4.0]
	at MC-BOOTSTRAP/fml_loader@4.0.42/net.neoforged.fml.loading.targets.CommonLaunchHandler.serverService(CommonLaunchHandler.java:128) ~[loader-4.0.42.jar%2359!/:4.0]
	at MC-BOOTSTRAP/fml_loader@4.0.42/net.neoforged.fml.loading.targets.CommonServerLaunchHandler.runService(CommonServerLaunchHandler.java:32) ~[loader-4.0.42.jar%2359!/:4.0]
	at MC-BOOTSTRAP/fml_loader@4.0.42/net.neoforged.fml.loading.targets.CommonLaunchHandler.lambda$launchService$4(CommonLaunchHandler.java:118) ~[loader-4.0.42.jar%2359!/:4.0]
	at MC-BOOTSTRAP/cpw.mods.modlauncher@11.0.5/cpw.mods.modlauncher.LaunchServiceHandlerDecorator.launch(LaunchServiceHandlerDecorator.java:30) [modlauncher-11.0.5.jar%2364!/:?]
	at MC-BOOTSTRAP/cpw.mods.modlauncher@11.0.5/cpw.mods.modlauncher.LaunchServiceHandler.launch(LaunchServiceHandler.java:53) [modlauncher-11.0.5.jar%2364!/:?]
	at MC-BOOTSTRAP/cpw.mods.modlauncher@11.0.5/cpw.mods.modlauncher.LaunchServiceHandler.launch(LaunchServiceHandler.java:71) [modlauncher-11.0.5.jar%2364!/:?]
	at MC-BOOTSTRAP/cpw.mods.modlauncher@11.0.5/cpw.mods.modlauncher.Launcher.run(Launcher.java:103) [modlauncher-11.0.5.jar%2364!/:?]
	at MC-BOOTSTRAP/cpw.mods.modlauncher@11.0.5/cpw.mods.modlauncher.Launcher.main(Launcher.java:74) [modlauncher-11.0.5.jar%2364!/:?]
	at MC-BOOTSTRAP/cpw.mods.modlauncher@11.0.5/cpw.mods.modlauncher.BootstrapLaunchConsumer.accept(BootstrapLaunchConsumer.java:26) [modlauncher-11.0.5.jar%2364!/:?]
	at MC-BOOTSTRAP/cpw.mods.modlauncher@11.0.5/cpw.mods.modlauncher.BootstrapLaunchConsumer.accept(BootstrapLaunchConsumer.java:23) [modlauncher-11.0.5.jar%2364!/:?]
	at cpw.mods.bootstraplauncher@2.0.2/cpw.mods.bootstraplauncher.BootstrapLauncher.run(BootstrapLauncher.java:210) [bootstraplauncher-2.0.2.jar:?]
	at cpw.mods.bootstraplauncher@2.0.2/cpw.mods.bootstraplauncher.BootstrapLauncher.main(BootstrapLauncher.java:69) [bootstraplauncher-2.0.2.jar:?]
[04Apr2026 00:41:34.378] [main/ERROR] [net.minecraft.world.item.crafting.RecipeManager/]: Parsing error loading recipe create:crushing/compat/biomeswevegone/blue_nether_gold_ore
com.google.gson.JsonParseException: Failed to parse either. First: Failed to parse either. First: No key tag in MapLike[{"item":"biomeswevegone:blue_nether_gold_ore"}]; No key fluid in MapLike[{"item":"biomeswevegone:blue_nether_gold_ore"}]; Fluid ingredient cannot be empty, at least one item must be defined; No key children in MapLike[{"type":"neoforge:compound","ingredients":[{"item":"biomeswevegone:blue_nether_gold_ore"}]}]; Second: Failed to parse either. First: No key amount in MapLike[{"type":"neoforge:compound","ingredients":[{"item":"biomeswevegone:blue_nether_gold_ore"}]}]; No key fluid in MapLike[{"type":"neoforge:compound","ingredients":[{"item":"biomeswevegone:blue_nether_gold_ore"}]}]; Invalid Type: neoforge:compound; Second: No key amount in MapLike[{"type":"neoforge:compound","ingredients":[{"item":"biomeswevegone:blue_nether_gold_ore"}]}]; No key fluid_tag in MapLike[{"type":"neoforge:compound","ingredients":[{"item":"biomeswevegone:blue_nether_gold_ore"}]}]; Invalid Type: neoforge:compound; Second: Failed to parse either. First: Not a json array: {"type":"neoforge:compound","ingredients":[{"item":"biomeswevegone:blue_nether_gold_ore"}]}; Second: No key tag in MapLike[{"item":"biomeswevegone:blue_nether_gold_ore"}]; Unknown registry key in ResourceKey[minecraft:root / minecraft:item]: biomeswevegone:blue_nether_gold_ore; Item array cannot be empty, at least one item must be defined; No key children in MapLike[{"type":"neoforge:compound","ingredients":[{"item":"biomeswevegone:blue_nether_gold_ore"}]}]
	at MC-BOOTSTRAP/datafixerupper@8.0.16/com.mojang.serialization.DataResult$Error.getOrThrow(DataResult.java:287) ~[datafixerupper-8.0.16.jar%23100!/:?]
	at TRANSFORMER/minecraft@1.21.1/net.minecraft.world.item.crafting.RecipeManager.apply(RecipeManager.java:60) ~[server-1.21.1-20240808.144430-srg.jar%23444!/:?]
	at TRANSFORMER/minecraft@1.21.1/net.minecraft.world.item.crafting.RecipeManager.apply(RecipeManager.java:36) ~[server-1.21.1-20240808.144430-srg.jar%23444!/:?]
	at TRANSFORMER/minecraft@1.21.1/net.minecraft.server.packs.resources.SimplePreparableReloadListener.lambda$reload$1(SimplePreparableReloadListener.java:19) ~[server-1.21.1-20240808.144430-srg.jar%23444!/:?]
	at java.base/java.util.concurrent.CompletableFuture$UniAccept.tryFire(CompletableFuture.java:718) ~[?:?]
	at java.base/java.util.concurrent.CompletableFuture$Completion.run(CompletableFuture.java:482) ~[?:?]
	at TRANSFORMER/minecraft@1.21.1/net.minecraft.server.packs.resources.SimpleReloadInstance.lambda$new$3(SimpleReloadInstance.java:69) ~[server-1.21.1-20240808.144430-srg.jar%23444!/:?]
	at TRANSFORMER/minecraft@1.21.1/net.minecraft.Util.blockUntilDone(Util.java:872) ~[server-1.21.1-20240808.144430-srg.jar%23444!/:?]
	at TRANSFORMER/minecraft@1.21.1/net.minecraft.Util.blockUntilDone(Util.java:861) ~[server-1.21.1-20240808.144430-srg.jar%23444!/:?]
	at TRANSFORMER/minecraft@1.21.1/net.minecraft.server.Main.main(Main.java:204) ~[server-1.21.1-20240808.144430-srg.jar%23444!/:?]
	at java.base/jdk.internal.reflect.DirectMethodHandleAccessor.invoke(DirectMethodHandleAccessor.java:103) ~[?:?]
	at java.base/java.lang.reflect.Method.invoke(Method.java:580) ~[?:?]
	at MC-BOOTSTRAP/fml_loader@4.0.42/net.neoforged.fml.loading.targets.CommonLaunchHandler.runTarget(CommonLaunchHandler.java:136) ~[loader-4.0.42.jar%2359!/:4.0]
	at MC-BOOTSTRAP/fml_loader@4.0.42/net.neoforged.fml.loading.targets.CommonLaunchHandler.serverService(CommonLaunchHandler.java:128) ~[loader-4.0.42.jar%2359!/:4.0]
	at MC-BOOTSTRAP/fml_loader@4.0.42/net.neoforged.fml.loading.targets.CommonServerLaunchHandler.runService(CommonServerLaunchHandler.java:32) ~[loader-4.0.42.jar%2359!/:4.0]
	at MC-BOOTSTRAP/fml_loader@4.0.42/net.neoforged.fml.loading.targets.CommonLaunchHandler.lambda$launchService$4(CommonLaunchHandler.java:118) ~[loader-4.0.42.jar%2359!/:4.0]
	at MC-BOOTSTRAP/cpw.mods.modlauncher@11.0.5/cpw.mods.modlauncher.LaunchServiceHandlerDecorator.launch(LaunchServiceHandlerDecorator.java:30) [modlauncher-11.0.5.jar%2364!/:?]
	at MC-BOOTSTRAP/cpw.mods.modlauncher@11.0.5/cpw.mods.modlauncher.LaunchServiceHandler.launch(LaunchServiceHandler.java:53) [modlauncher-11.0.5.jar%2364!/:?]
	at MC-BOOTSTRAP/cpw.mods.modlauncher@11.0.5/cpw.mods.modlauncher.LaunchServiceHandler.launch(LaunchServiceHandler.java:71) [modlauncher-11.0.5.jar%2364!/:?]
	at MC-BOOTSTRAP/cpw.mods.modlauncher@11.0.5/cpw.mods.modlauncher.Launcher.run(Launcher.java:103) [modlauncher-11.0.5.jar%2364!/:?]
	at MC-BOOTSTRAP/cpw.mods.modlauncher@11.0.5/cpw.mods.modlauncher.Launcher.main(Launcher.java:74) [modlauncher-11.0.5.jar%2364!/:?]
	at MC-BOOTSTRAP/cpw.mods.modlauncher@11.0.5/cpw.mods.modlauncher.BootstrapLaunchConsumer.accept(BootstrapLaunchConsumer.java:26) [modlauncher-11.0.5.jar%2364!/:?]
	at MC-BOOTSTRAP/cpw.mods.modlauncher@11.0.5/cpw.mods.modlauncher.BootstrapLaunchConsumer.accept(BootstrapLaunchConsumer.java:23) [modlauncher-11.0.5.jar%2364!/:?]
	at cpw.mods.bootstraplauncher@2.0.2/cpw.mods.bootstraplauncher.BootstrapLauncher.run(BootstrapLauncher.java:210) [bootstraplauncher-2.0.2.jar:?]
	at cpw.mods.bootstraplauncher@2.0.2/cpw.mods.bootstraplauncher.BootstrapLauncher.main(BootstrapLauncher.java:69) [bootstraplauncher-2.0.2.jar:?]
[04Apr2026 00:41:34.391] [main/ERROR] [net.minecraft.world.item.crafting.RecipeManager/]: Parsing error loading recipe create:crushing/gloomslate_copper_ore
com.google.gson.JsonParseException: Failed to parse either. First: No key amount in MapLike[{"chance":0.125,"item":"deeperdarker:cobbled_gloomslate"}]; No key id in MapLike[{"chance":0.125,"item":"deeperdarker:cobbled_gloomslate"}]; Second: Failed to parse either. First: No key id in MapLike[{"chance":0.125,"item":"deeperdarker:cobbled_gloomslate"}]; Second: Failed to parse either. First: Not a JSON object: "deeperdarker:cobbled_gloomslate"; Second: Compat cannot be deserialized; Failed to parse either. First: No key amount in MapLike[{"item":"create:experience_nugget"}]; No key id in MapLike[{"item":"create:experience_nugget"}]; Second: Failed to parse either. First: No key id in MapLike[{"item":"create:experience_nugget"}]; Second: Failed to parse either. First: Not a JSON object: "create:experience_nugget"; Second: Compat cannot be deserialized; Failed to parse either. First: No key amount in MapLike[{"chance":0.75,"item":"create:crushed_raw_copper"}]; No key id in MapLike[{"chance":0.75,"item":"create:crushed_raw_copper"}]; Second: Failed to parse either. First: No key id in MapLike[{"chance":0.75,"item":"create:crushed_raw_copper"}]; Second: Failed to parse either. First: Not a JSON object: "create:crushed_raw_copper"; Second: Compat cannot be deserialized; Failed to parse either. First: No key amount in MapLike[{"count":10,"item":"create:crushed_raw_copper"}]; No key id in MapLike[{"count":10,"item":"create:crushed_raw_copper"}]; Second: Failed to parse either. First: No key id in MapLike[{"count":10,"item":"create:crushed_raw_copper"}]; Second: Failed to parse either. First: Not a JSON object: "create:crushed_raw_copper"; Second: Compat cannot be deserialized
	at MC-BOOTSTRAP/datafixerupper@8.0.16/com.mojang.serialization.DataResult$Error.getOrThrow(DataResult.java:287) ~[datafixerupper-8.0.16.jar%23100!/:?]
	at TRANSFORMER/minecraft@1.21.1/net.minecraft.world.item.crafting.RecipeManager.apply(RecipeManager.java:60) ~[server-1.21.1-20240808.144430-srg.jar%23444!/:?]
	at TRANSFORMER/minecraft@1.21.1/net.minecraft.world.item.crafting.RecipeManager.apply(RecipeManager.java:36) ~[server-1.21.1-20240808.144430-srg.jar%23444!/:?]
	at TRANSFORMER/minecraft@1.21.1/net.minecraft.server.packs.resources.SimplePreparableReloadListener.lambda$reload$1(SimplePreparableReloadListener.java:19) ~[server-1.21.1-20240808.144430-srg.jar%23444!/:?]
	at java.base/java.util.concurrent.CompletableFuture$UniAccept.tryFire(CompletableFuture.java:718) ~[?:?]
	at java.base/java.util.concurrent.CompletableFuture$Completion.run(CompletableFuture.java:482) ~[?:?]
	at TRANSFORMER/minecraft@1.21.1/net.minecraft.server.packs.resources.SimpleReloadInstance.lambda$new$3(SimpleReloadInstance.java:69) ~[server-1.21.1-20240808.144430-srg.jar%23444!/:?]
	at TRANSFORMER/minecraft@1.21.1/net.minecraft.Util.blockUntilDone(Util.java:872) ~[server-1.21.1-20240808.144430-srg.jar%23444!/:?]
	at TRANSFORMER/minecraft@1.21.1/net.minecraft.Util.blockUntilDone(Util.java:861) ~[server-1.21.1-20240808.144430-srg.jar%23444!/:?]
	at TRANSFORMER/minecraft@1.21.1/net.minecraft.server.Main.main(Main.java:204) ~[server-1.21.1-20240808.144430-srg.jar%23444!/:?]
	at java.base/jdk.internal.reflect.DirectMethodHandleAccessor.invoke(DirectMethodHandleAccessor.java:103) ~[?:?]
	at java.base/java.lang.reflect.Method.invoke(Method.java:580) ~[?:?]
	at MC-BOOTSTRAP/fml_loader@4.0.42/net.neoforged.fml.loading.targets.CommonLaunchHandler.runTarget(CommonLaunchHandler.java:136) ~[loader-4.0.42.jar%2359!/:4.0]
	at MC-BOOTSTRAP/fml_loader@4.0.42/net.neoforged.fml.loading.targets.CommonLaunchHandler.serverService(CommonLaunchHandler.java:128) ~[loader-4.0.42.jar%2359!/:4.0]
	at MC-BOOTSTRAP/fml_loader@4.0.42/net.neoforged.fml.loading.targets.CommonServerLaunchHandler.runService(CommonServerLaunchHandler.java:32) ~[loader-4.0.42.jar%2359!/:4.0]
	at MC-BOOTSTRAP/fml_loader@4.0.42/net.neoforged.fml.loading.targets.CommonLaunchHandler.lambda$launchService$4(CommonLaunchHandler.java:118) ~[loader-4.0.42.jar%2359!/:4.0]
	at MC-BOOTSTRAP/cpw.mods.modlauncher@11.0.5/cpw.mods.modlauncher.LaunchServiceHandlerDecorator.launch(LaunchServiceHandlerDecorator.java:30) [modlauncher-11.0.5.jar%2364!/:?]
	at MC-BOOTSTRAP/cpw.mods.modlauncher@11.0.5/cpw.mods.modlauncher.LaunchServiceHandler.launch(LaunchServiceHandler.java:53) [modlauncher-11.0.5.jar%2364!/:?]
	at MC-BOOTSTRAP/cpw.mods.modlauncher@11.0.5/cpw.mods.modlauncher.LaunchServiceHandler.launch(LaunchServiceHandler.java:71) [modlauncher-11.0.5.jar%2364!/:?]
	at MC-BOOTSTRAP/cpw.mods.modlauncher@11.0.5/cpw.mods.modlauncher.Launcher.run(Launcher.java:103) [modlauncher-11.0.5.jar%2364!/:?]
	at MC-BOOTSTRAP/cpw.mods.modlauncher@11.0.5/cpw.mods.modlauncher.Launcher.main(Launcher.java:74) [modlauncher-11.0.5.jar%2364!/:?]
	at MC-BOOTSTRAP/cpw.mods.modlauncher@11.0.5/cpw.mods.modlauncher.BootstrapLaunchConsumer.accept(BootstrapLaunchConsumer.java:26) [modlauncher-11.0.5.jar%2364!/:?]
	at MC-BOOTSTRAP/cpw.mods.modlauncher@11.0.5/cpw.mods.modlauncher.BootstrapLaunchConsumer.accept(BootstrapLaunchConsumer.java:23) [modlauncher-11.0.5.jar%2364!/:?]
	at cpw.mods.bootstraplauncher@2.0.2/cpw.mods.bootstraplauncher.BootstrapLauncher.run(BootstrapLauncher.java:210) [bootstraplauncher-2.0.2.jar:?]
	at cpw.mods.bootstraplauncher@2.0.2/cpw.mods.bootstraplauncher.BootstrapLauncher.main(BootstrapLauncher.java:69) [bootstraplauncher-2.0.2.jar:?]
[04Apr2026 00:41:34.396] [main/ERROR] [net.minecraft.world.item.crafting.RecipeManager/]: Parsing error loading recipe create:milling/compat/biomeswevegone/compat/biomeswevegone/winter_cyclamen
com.google.gson.JsonParseException: Failed to parse either. First: Failed to parse either. First: No key tag in MapLike[{"item":"biomeswevegone:compat/biomeswevegone/winter_cyclamen"}]; No key fluid in MapLike[{"item":"biomeswevegone:compat/biomeswevegone/winter_cyclamen"}]; Fluid ingredient cannot be empty, at least one item must be defined; No key children in MapLike[{"type":"neoforge:compound","ingredients":[{"item":"biomeswevegone:compat/biomeswevegone/winter_cyclamen"}]}]; Second: Failed to parse either. First: No key amount in MapLike[{"type":"neoforge:compound","ingredients":[{"item":"biomeswevegone:compat/biomeswevegone/winter_cyclamen"}]}]; No key fluid in MapLike[{"type":"neoforge:compound","ingredients":[{"item":"biomeswevegone:compat/biomeswevegone/winter_cyclamen"}]}]; Invalid Type: neoforge:compound; Second: No key amount in MapLike[{"type":"neoforge:compound","ingredients":[{"item":"biomeswevegone:compat/biomeswevegone/winter_cyclamen"}]}]; No key fluid_tag in MapLike[{"type":"neoforge:compound","ingredients":[{"item":"biomeswevegone:compat/biomeswevegone/winter_cyclamen"}]}]; Invalid Type: neoforge:compound; Second: Failed to parse either. First: Not a json array: {"type":"neoforge:compound","ingredients":[{"item":"biomeswevegone:compat/biomeswevegone/winter_cyclamen"}]}; Second: No key tag in MapLike[{"item":"biomeswevegone:compat/biomeswevegone/winter_cyclamen"}]; Unknown registry key in ResourceKey[minecraft:root / minecraft:item]: biomeswevegone:compat/biomeswevegone/winter_cyclamen; Item array cannot be empty, at least one item must be defined; No key children in MapLike[{"type":"neoforge:compound","ingredients":[{"item":"biomeswevegone:compat/biomeswevegone/winter_cyclamen"}]}]
	at MC-BOOTSTRAP/datafixerupper@8.0.16/com.mojang.serialization.DataResult$Error.getOrThrow(DataResult.java:287) ~[datafixerupper-8.0.16.jar%23100!/:?]
	at TRANSFORMER/minecraft@1.21.1/net.minecraft.world.item.crafting.RecipeManager.apply(RecipeManager.java:60) ~[server-1.21.1-20240808.144430-srg.jar%23444!/:?]
	at TRANSFORMER/minecraft@1.21.1/net.minecraft.world.item.crafting.RecipeManager.apply(RecipeManager.java:36) ~[server-1.21.1-20240808.144430-srg.jar%23444!/:?]
	at TRANSFORMER/minecraft@1.21.1/net.minecraft.server.packs.resources.SimplePreparableReloadListener.lambda$reload$1(SimplePreparableReloadListener.java:19) ~[server-1.21.1-20240808.144430-srg.jar%23444!/:?]
	at java.base/java.util.concurrent.CompletableFuture$UniAccept.tryFire(CompletableFuture.java:718) ~[?:?]
	at java.base/java.util.concurrent.CompletableFuture$Completion.run(CompletableFuture.java:482) ~[?:?]
	at TRANSFORMER/minecraft@1.21.1/net.minecraft.server.packs.resources.SimpleReloadInstance.lambda$new$3(SimpleReloadInstance.java:69) ~[server-1.21.1-20240808.144430-srg.jar%23444!/:?]
	at TRANSFORMER/minecraft@1.21.1/net.minecraft.Util.blockUntilDone(Util.java:872) ~[server-1.21.1-20240808.144430-srg.jar%23444!/:?]
	at TRANSFORMER/minecraft@1.21.1/net.minecraft.Util.blockUntilDone(Util.java:861) ~[server-1.21.1-20240808.144430-srg.jar%23444!/:?]
	at TRANSFORMER/minecraft@1.21.1/net.minecraft.server.Main.main(Main.java:204) ~[server-1.21.1-20240808.144430-srg.jar%23444!/:?]
	at java.base/jdk.internal.reflect.DirectMethodHandleAccessor.invoke(DirectMethodHandleAccessor.java:103) ~[?:?]
	at java.base/java.lang.reflect.Method.invoke(Method.java:580) ~[?:?]
	at MC-BOOTSTRAP/fml_loader@4.0.42/net.neoforged.fml.loading.targets.CommonLaunchHandler.runTarget(CommonLaunchHandler.java:136) ~[loader-4.0.42.jar%2359!/:4.0]
	at MC-BOOTSTRAP/fml_loader@4.0.42/net.neoforged.fml.loading.targets.CommonLaunchHandler.serverService(CommonLaunchHandler.java:128) ~[loader-4.0.42.jar%2359!/:4.0]
	at MC-BOOTSTRAP/fml_loader@4.0.42/net.neoforged.fml.loading.targets.CommonServerLaunchHandler.runService(CommonServerLaunchHandler.java:32) ~[loader-4.0.42.jar%2359!/:4.0]
	at MC-BOOTSTRAP/fml_loader@4.0.42/net.neoforged.fml.loading.targets.CommonLaunchHandler.lambda$launchService$4(CommonLaunchHandler.java:118) ~[loader-4.0.42.jar%2359!/:4.0]
	at MC-BOOTSTRAP/cpw.mods.modlauncher@11.0.5/cpw.mods.modlauncher.LaunchServiceHandlerDecorator.launch(LaunchServiceHandlerDecorator.java:30) [modlauncher-11.0.5.jar%2364!/:?]
	at MC-BOOTSTRAP/cpw.mods.modlauncher@11.0.5/cpw.mods.modlauncher.LaunchServiceHandler.launch(LaunchServiceHandler.java:53) [modlauncher-11.0.5.jar%2364!/:?]
	at MC-BOOTSTRAP/cpw.mods.modlauncher@11.0.5/cpw.mods.modlauncher.LaunchServiceHandler.launch(LaunchServiceHandler.java:71) [modlauncher-11.0.5.jar%2364!/:?]
	at MC-BOOTSTRAP/cpw.mods.modlauncher@11.0.5/cpw.mods.modlauncher.Launcher.run(Launcher.java:103) [modlauncher-11.0.5.jar%2364!/:?]
	at MC-BOOTSTRAP/cpw.mods.modlauncher@11.0.5/cpw.mods.modlauncher.Launcher.main(Launcher.java:74) [modlauncher-11.0.5.jar%2364!/:?]
	at MC-BOOTSTRAP/cpw.mods.modlauncher@11.0.5/cpw.mods.modlauncher.BootstrapLaunchConsumer.accept(BootstrapLaunchConsumer.java:26) [modlauncher-11.0.5.jar%2364!/:?]
	at MC-BOOTSTRAP/cpw.mods.modlauncher@11.0.5/cpw.mods.modlauncher.BootstrapLaunchConsumer.accept(BootstrapLaunchConsumer.java:23) [modlauncher-11.0.5.jar%2364!/:?]
	at cpw.mods.bootstraplauncher@2.0.2/cpw.mods.bootstraplauncher.BootstrapLauncher.run(BootstrapLauncher.java:210) [bootstraplauncher-2.0.2.jar:?]
	at cpw.mods.bootstraplauncher@2.0.2/cpw.mods.bootstraplauncher.BootstrapLauncher.main(BootstrapLauncher.java:69) [bootstraplauncher-2.0.2.jar:?]
[04Apr2026 00:41:34.405] [main/ERROR] [net.minecraft.world.item.crafting.RecipeManager/]: Parsing error loading recipe create:crushing/sculk_stone_redstone_ore
com.google.gson.JsonParseException: Failed to parse either. First: No key amount in MapLike[{"chance":0.125,"item":"deeperdarker:cobbled_sculk_stone"}]; No key id in MapLike[{"chance":0.125,"item":"deeperdarker:cobbled_sculk_stone"}]; Second: Failed to parse either. First: No key id in MapLike[{"chance":0.125,"item":"deeperdarker:cobbled_sculk_stone"}]; Second: Failed to parse either. First: Not a JSON object: "deeperdarker:cobbled_sculk_stone"; Second: Compat cannot be deserialized; Failed to parse either. First: No key amount in MapLike[{"item":"create:experience_nugget"}]; No key id in MapLike[{"item":"create:experience_nugget"}]; Second: Failed to parse either. First: No key id in MapLike[{"item":"create:experience_nugget"}]; Second: Failed to parse either. First: Not a JSON object: "create:experience_nugget"; Second: Compat cannot be deserialized; Failed to parse either. First: No key amount in MapLike[{"chance":0.5,"item":"minecraft:redstone"}]; No key id in MapLike[{"chance":0.5,"item":"minecraft:redstone"}]; Second: Failed to parse either. First: No key id in MapLike[{"chance":0.5,"item":"minecraft:redstone"}]; Second: Failed to parse either. First: Not a JSON object: "minecraft:redstone"; Second: Compat cannot be deserialized; Failed to parse either. First: No key amount in MapLike[{"count":12,"item":"minecraft:redstone"}]; No key id in MapLike[{"count":12,"item":"minecraft:redstone"}]; Second: Failed to parse either. First: No key id in MapLike[{"count":12,"item":"minecraft:redstone"}]; Second: Failed to parse either. First: Not a JSON object: "minecraft:redstone"; Second: Compat cannot be deserialized
	at MC-BOOTSTRAP/datafixerupper@8.0.16/com.mojang.serialization.DataResult$Error.getOrThrow(DataResult.java:287) ~[datafixerupper-8.0.16.jar%23100!/:?]
	at TRANSFORMER/minecraft@1.21.1/net.minecraft.world.item.crafting.RecipeManager.apply(RecipeManager.java:60) ~[server-1.21.1-20240808.144430-srg.jar%23444!/:?]
	at TRANSFORMER/minecraft@1.21.1/net.minecraft.world.item.crafting.RecipeManager.apply(RecipeManager.java:36) ~[server-1.21.1-20240808.144430-srg.jar%23444!/:?]
	at TRANSFORMER/minecraft@1.21.1/net.minecraft.server.packs.resources.SimplePreparableReloadListener.lambda$reload$1(SimplePreparableReloadListener.java:19) ~[server-1.21.1-20240808.144430-srg.jar%23444!/:?]
	at java.base/java.util.concurrent.CompletableFuture$UniAccept.tryFire(CompletableFuture.java:718) ~[?:?]
	at java.base/java.util.concurrent.CompletableFuture$Completion.run(CompletableFuture.java:482) ~[?:?]
	at TRANSFORMER/minecraft@1.21.1/net.minecraft.server.packs.resources.SimpleReloadInstance.lambda$new$3(SimpleReloadInstance.java:69) ~[server-1.21.1-20240808.144430-srg.jar%23444!/:?]
	at TRANSFORMER/minecraft@1.21.1/net.minecraft.Util.blockUntilDone(Util.java:872) ~[server-1.21.1-20240808.144430-srg.jar%23444!/:?]
	at TRANSFORMER/minecraft@1.21.1/net.minecraft.Util.blockUntilDone(Util.java:861) ~[server-1.21.1-20240808.144430-srg.jar%23444!/:?]
	at TRANSFORMER/minecraft@1.21.1/net.minecraft.server.Main.main(Main.java:204) ~[server-1.21.1-20240808.144430-srg.jar%23444!/:?]
	at java.base/jdk.internal.reflect.DirectMethodHandleAccessor.invoke(DirectMethodHandleAccessor.java:103) ~[?:?]
	at java.base/java.lang.reflect.Method.invoke(Method.java:580) ~[?:?]
	at MC-BOOTSTRAP/fml_loader@4.0.42/net.neoforged.fml.loading.targets.CommonLaunchHandler.runTarget(CommonLaunchHandler.java:136) ~[loader-4.0.42.jar%2359!/:4.0]
	at MC-BOOTSTRAP/fml_loader@4.0.42/net.neoforged.fml.loading.targets.CommonLaunchHandler.serverService(CommonLaunchHandler.java:128) ~[loader-4.0.42.jar%2359!/:4.0]
	at MC-BOOTSTRAP/fml_loader@4.0.42/net.neoforged.fml.loading.targets.CommonServerLaunchHandler.runService(CommonServerLaunchHandler.java:32) ~[loader-4.0.42.jar%2359!/:4.0]
	at MC-BOOTSTRAP/fml_loader@4.0.42/net.neoforged.fml.loading.targets.CommonLaunchHandler.lambda$launchService$4(CommonLaunchHandler.java:118) ~[loader-4.0.42.jar%2359!/:4.0]
	at MC-BOOTSTRAP/cpw.mods.modlauncher@11.0.5/cpw.mods.modlauncher.LaunchServiceHandlerDecorator.launch(LaunchServiceHandlerDecorator.java:30) [modlauncher-11.0.5.jar%2364!/:?]
	at MC-BOOTSTRAP/cpw.mods.modlauncher@11.0.5/cpw.mods.modlauncher.LaunchServiceHandler.launch(LaunchServiceHandler.java:53) [modlauncher-11.0.5.jar%2364!/:?]
	at MC-BOOTSTRAP/cpw.mods.modlauncher@11.0.5/cpw.mods.modlauncher.LaunchServiceHandler.launch(LaunchServiceHandler.java:71) [modlauncher-11.0.5.jar%2364!/:?]
	at MC-BOOTSTRAP/cpw.mods.modlauncher@11.0.5/cpw.mods.modlauncher.Launcher.run(Launcher.java:103) [modlauncher-11.0.5.jar%2364!/:?]
	at MC-BOOTSTRAP/cpw.mods.modlauncher@11.0.5/cpw.mods.modlauncher.Launcher.main(Launcher.java:74) [modlauncher-11.0.5.jar%2364!/:?]
	at MC-BOOTSTRAP/cpw.mods.modlauncher@11.0.5/cpw.mods.modlauncher.BootstrapLaunchConsumer.accept(BootstrapLaunchConsumer.java:26) [modlauncher-11.0.5.jar%2364!/:?]
	at MC-BOOTSTRAP/cpw.mods.modlauncher@11.0.5/cpw.mods.modlauncher.BootstrapLaunchConsumer.accept(BootstrapLaunchConsumer.java:23) [modlauncher-11.0.5.jar%2364!/:?]
	at cpw.mods.bootstraplauncher@2.0.2/cpw.mods.bootstraplauncher.BootstrapLauncher.run(BootstrapLauncher.java:210) [bootstraplauncher-2.0.2.jar:?]
	at cpw.mods.bootstraplauncher@2.0.2/cpw.mods.bootstraplauncher.BootstrapLauncher.main(BootstrapLauncher.java:69) [bootstraplauncher-2.0.2.jar:?]
[04Apr2026 00:41:34.411] [main/ERROR] [net.minecraft.world.item.crafting.RecipeManager/]: Parsing error loading recipe create:milling/compat/biomeswevegone/compat/biomeswevegone/white_sage
com.google.gson.JsonParseException: Failed to parse either. First: Failed to parse either. First: No key tag in MapLike[{"item":"biomeswevegone:compat/biomeswevegone/white_sage"}]; No key fluid in MapLike[{"item":"biomeswevegone:compat/biomeswevegone/white_sage"}]; Fluid ingredient cannot be empty, at least one item must be defined; No key children in MapLike[{"type":"neoforge:compound","ingredients":[{"item":"biomeswevegone:compat/biomeswevegone/white_sage"}]}]; Second: Failed to parse either. First: No key amount in MapLike[{"type":"neoforge:compound","ingredients":[{"item":"biomeswevegone:compat/biomeswevegone/white_sage"}]}]; No key fluid in MapLike[{"type":"neoforge:compound","ingredients":[{"item":"biomeswevegone:compat/biomeswevegone/white_sage"}]}]; Invalid Type: neoforge:compound; Second: No key amount in MapLike[{"type":"neoforge:compound","ingredients":[{"item":"biomeswevegone:compat/biomeswevegone/white_sage"}]}]; No key fluid_tag in MapLike[{"type":"neoforge:compound","ingredients":[{"item":"biomeswevegone:compat/biomeswevegone/white_sage"}]}]; Invalid Type: neoforge:compound; Second: Failed to parse either. First: Not a json array: {"type":"neoforge:compound","ingredients":[{"item":"biomeswevegone:compat/biomeswevegone/white_sage"}]}; Second: No key tag in MapLike[{"item":"biomeswevegone:compat/biomeswevegone/white_sage"}]; Unknown registry key in ResourceKey[minecraft:root / minecraft:item]: biomeswevegone:compat/biomeswevegone/white_sage; Item array cannot be empty, at least one item must be defined; No key children in MapLike[{"type":"neoforge:compound","ingredients":[{"item":"biomeswevegone:compat/biomeswevegone/white_sage"}]}]
	at MC-BOOTSTRAP/datafixerupper@8.0.16/com.mojang.serialization.DataResult$Error.getOrThrow(DataResult.java:287) ~[datafixerupper-8.0.16.jar%23100!/:?]
	at TRANSFORMER/minecraft@1.21.1/net.minecraft.world.item.crafting.RecipeManager.apply(RecipeManager.java:60) ~[server-1.21.1-20240808.144430-srg.jar%23444!/:?]
	at TRANSFORMER/minecraft@1.21.1/net.minecraft.world.item.crafting.RecipeManager.apply(RecipeManager.java:36) ~[server-1.21.1-20240808.144430-srg.jar%23444!/:?]
	at TRANSFORMER/minecraft@1.21.1/net.minecraft.server.packs.resources.SimplePreparableReloadListener.lambda$reload$1(SimplePreparableReloadListener.java:19) ~[server-1.21.1-20240808.144430-srg.jar%23444!/:?]
	at java.base/java.util.concurrent.CompletableFuture$UniAccept.tryFire(CompletableFuture.java:718) ~[?:?]
	at java.base/java.util.concurrent.CompletableFuture$Completion.run(CompletableFuture.java:482) ~[?:?]
	at TRANSFORMER/minecraft@1.21.1/net.minecraft.server.packs.resources.SimpleReloadInstance.lambda$new$3(SimpleReloadInstance.java:69) ~[server-1.21.1-20240808.144430-srg.jar%23444!/:?]
	at TRANSFORMER/minecraft@1.21.1/net.minecraft.Util.blockUntilDone(Util.java:872) ~[server-1.21.1-20240808.144430-srg.jar%23444!/:?]
	at TRANSFORMER/minecraft@1.21.1/net.minecraft.Util.blockUntilDone(Util.java:861) ~[server-1.21.1-20240808.144430-srg.jar%23444!/:?]
	at TRANSFORMER/minecraft@1.21.1/net.minecraft.server.Main.main(Main.java:204) ~[server-1.21.1-20240808.144430-srg.jar%23444!/:?]
	at java.base/jdk.internal.reflect.DirectMethodHandleAccessor.invoke(DirectMethodHandleAccessor.java:103) ~[?:?]
	at java.base/java.lang.reflect.Method.invoke(Method.java:580) ~[?:?]
	at MC-BOOTSTRAP/fml_loader@4.0.42/net.neoforged.fml.loading.targets.CommonLaunchHandler.runTarget(CommonLaunchHandler.java:136) ~[loader-4.0.42.jar%2359!/:4.0]
	at MC-BOOTSTRAP/fml_loader@4.0.42/net.neoforged.fml.loading.targets.CommonLaunchHandler.serverService(CommonLaunchHandler.java:128) ~[loader-4.0.42.jar%2359!/:4.0]
	at MC-BOOTSTRAP/fml_loader@4.0.42/net.neoforged.fml.loading.targets.CommonServerLaunchHandler.runService(CommonServerLaunchHandler.java:32) ~[loader-4.0.42.jar%2359!/:4.0]
	at MC-BOOTSTRAP/fml_loader@4.0.42/net.neoforged.fml.loading.targets.CommonLaunchHandler.lambda$launchService$4(CommonLaunchHandler.java:118) ~[loader-4.0.42.jar%2359!/:4.0]
	at MC-BOOTSTRAP/cpw.mods.modlauncher@11.0.5/cpw.mods.modlauncher.LaunchServiceHandlerDecorator.launch(LaunchServiceHandlerDecorator.java:30) [modlauncher-11.0.5.jar%2364!/:?]
	at MC-BOOTSTRAP/cpw.mods.modlauncher@11.0.5/cpw.mods.modlauncher.LaunchServiceHandler.launch(LaunchServiceHandler.java:53) [modlauncher-11.0.5.jar%2364!/:?]
	at MC-BOOTSTRAP/cpw.mods.modlauncher@11.0.5/cpw.mods.modlauncher.LaunchServiceHandler.launch(LaunchServiceHandler.java:71) [modlauncher-11.0.5.jar%2364!/:?]
	at MC-BOOTSTRAP/cpw.mods.modlauncher@11.0.5/cpw.mods.modlauncher.Launcher.run(Launcher.java:103) [modlauncher-11.0.5.jar%2364!/:?]
	at MC-BOOTSTRAP/cpw.mods.modlauncher@11.0.5/cpw.mods.modlauncher.Launcher.main(Launcher.java:74) [modlauncher-11.0.5.jar%2364!/:?]
	at MC-BOOTSTRAP/cpw.mods.modlauncher@11.0.5/cpw.mods.modlauncher.BootstrapLaunchConsumer.accept(BootstrapLaunchConsumer.java:26) [modlauncher-11.0.5.jar%2364!/:?]
	at MC-BOOTSTRAP/cpw.mods.modlauncher@11.0.5/cpw.mods.modlauncher.BootstrapLaunchConsumer.accept(BootstrapLaunchConsumer.java:23) [modlauncher-11.0.5.jar%2364!/:?]
	at cpw.mods.bootstraplauncher@2.0.2/cpw.mods.bootstraplauncher.BootstrapLauncher.run(BootstrapLauncher.java:210) [bootstraplauncher-2.0.2.jar:?]
	at cpw.mods.bootstraplauncher@2.0.2/cpw.mods.bootstraplauncher.BootstrapLauncher.main(BootstrapLauncher.java:69) [bootstraplauncher-2.0.2.jar:?]
[04Apr2026 00:41:34.414] [main/ERROR] [net.minecraft.world.item.crafting.RecipeManager/]: Parsing error loading recipe create:crushing/gloomslate_lapis_ore
com.google.gson.JsonParseException: Failed to parse either. First: No key amount in MapLike[{"chance":0.125,"item":"deeperdarker:cobbled_gloomslate"}]; No key id in MapLike[{"chance":0.125,"item":"deeperdarker:cobbled_gloomslate"}]; Second: Failed to parse either. First: No key id in MapLike[{"chance":0.125,"item":"deeperdarker:cobbled_gloomslate"}]; Second: Failed to parse either. First: Not a JSON object: "deeperdarker:cobbled_gloomslate"; Second: Compat cannot be deserialized; Failed to parse either. First: No key amount in MapLike[{"item":"create:experience_nugget"}]; No key id in MapLike[{"item":"create:experience_nugget"}]; Second: Failed to parse either. First: No key id in MapLike[{"item":"create:experience_nugget"}]; Second: Failed to parse either. First: Not a JSON object: "create:experience_nugget"; Second: Compat cannot be deserialized; Failed to parse either. First: No key amount in MapLike[{"chance":0.5,"item":"minecraft:lapis_lazuli"}]; No key id in MapLike[{"chance":0.5,"item":"minecraft:lapis_lazuli"}]; Second: Failed to parse either. First: No key id in MapLike[{"chance":0.5,"item":"minecraft:lapis_lazuli"}]; Second: Failed to parse either. First: Not a JSON object: "minecraft:lapis_lazuli"; Second: Compat cannot be deserialized; Failed to parse either. First: No key amount in MapLike[{"count":15,"item":"minecraft:lapis_lazuli"}]; No key id in MapLike[{"count":15,"item":"minecraft:lapis_lazuli"}]; Second: Failed to parse either. First: No key id in MapLike[{"count":15,"item":"minecraft:lapis_lazuli"}]; Second: Failed to parse either. First: Not a JSON object: "minecraft:lapis_lazuli"; Second: Compat cannot be deserialized
	at MC-BOOTSTRAP/datafixerupper@8.0.16/com.mojang.serialization.DataResult$Error.getOrThrow(DataResult.java:287) ~[datafixerupper-8.0.16.jar%23100!/:?]
	at TRANSFORMER/minecraft@1.21.1/net.minecraft.world.item.crafting.RecipeManager.apply(RecipeManager.java:60) ~[server-1.21.1-20240808.144430-srg.jar%23444!/:?]
	at TRANSFORMER/minecraft@1.21.1/net.minecraft.world.item.crafting.RecipeManager.apply(RecipeManager.java:36) ~[server-1.21.1-20240808.144430-srg.jar%23444!/:?]
	at TRANSFORMER/minecraft@1.21.1/net.minecraft.server.packs.resources.SimplePreparableReloadListener.lambda$reload$1(SimplePreparableReloadListener.java:19) ~[server-1.21.1-20240808.144430-srg.jar%23444!/:?]
	at java.base/java.util.concurrent.CompletableFuture$UniAccept.tryFire(CompletableFuture.java:718) ~[?:?]
	at java.base/java.util.concurrent.CompletableFuture$Completion.run(CompletableFuture.java:482) ~[?:?]
	at TRANSFORMER/minecraft@1.21.1/net.minecraft.server.packs.resources.SimpleReloadInstance.lambda$new$3(SimpleReloadInstance.java:69) ~[server-1.21.1-20240808.144430-srg.jar%23444!/:?]
	at TRANSFORMER/minecraft@1.21.1/net.minecraft.Util.blockUntilDone(Util.java:872) ~[server-1.21.1-20240808.144430-srg.jar%23444!/:?]
	at TRANSFORMER/minecraft@1.21.1/net.minecraft.Util.blockUntilDone(Util.java:861) ~[server-1.21.1-20240808.144430-srg.jar%23444!/:?]
	at TRANSFORMER/minecraft@1.21.1/net.minecraft.server.Main.main(Main.java:204) ~[server-1.21.1-20240808.144430-srg.jar%23444!/:?]
	at java.base/jdk.internal.reflect.DirectMethodHandleAccessor.invoke(DirectMethodHandleAccessor.java:103) ~[?:?]
	at java.base/java.lang.reflect.Method.invoke(Method.java:580) ~[?:?]
	at MC-BOOTSTRAP/fml_loader@4.0.42/net.neoforged.fml.loading.targets.CommonLaunchHandler.runTarget(CommonLaunchHandler.java:136) ~[loader-4.0.42.jar%2359!/:4.0]
	at MC-BOOTSTRAP/fml_loader@4.0.42/net.neoforged.fml.loading.targets.CommonLaunchHandler.serverService(CommonLaunchHandler.java:128) ~[loader-4.0.42.jar%2359!/:4.0]
	at MC-BOOTSTRAP/fml_loader@4.0.42/net.neoforged.fml.loading.targets.CommonServerLaunchHandler.runService(CommonServerLaunchHandler.java:32) ~[loader-4.0.42.jar%2359!/:4.0]
	at MC-BOOTSTRAP/fml_loader@4.0.42/net.neoforged.fml.loading.targets.CommonLaunchHandler.lambda$launchService$4(CommonLaunchHandler.java:118) ~[loader-4.0.42.jar%2359!/:4.0]
	at MC-BOOTSTRAP/cpw.mods.modlauncher@11.0.5/cpw.mods.modlauncher.LaunchServiceHandlerDecorator.launch(LaunchServiceHandlerDecorator.java:30) [modlauncher-11.0.5.jar%2364!/:?]
	at MC-BOOTSTRAP/cpw.mods.modlauncher@11.0.5/cpw.mods.modlauncher.LaunchServiceHandler.launch(LaunchServiceHandler.java:53) [modlauncher-11.0.5.jar%2364!/:?]
	at MC-BOOTSTRAP/cpw.mods.modlauncher@11.0.5/cpw.mods.modlauncher.LaunchServiceHandler.launch(LaunchServiceHandler.java:71) [modlauncher-11.0.5.jar%2364!/:?]
	at MC-BOOTSTRAP/cpw.mods.modlauncher@11.0.5/cpw.mods.modlauncher.Launcher.run(Launcher.java:103) [modlauncher-11.0.5.jar%2364!/:?]
	at MC-BOOTSTRAP/cpw.mods.modlauncher@11.0.5/cpw.mods.modlauncher.Launcher.main(Launcher.java:74) [modlauncher-11.0.5.jar%2364!/:?]
	at MC-BOOTSTRAP/cpw.mods.modlauncher@11.0.5/cpw.mods.modlauncher.BootstrapLaunchConsumer.accept(BootstrapLaunchConsumer.java:26) [modlauncher-11.0.5.jar%2364!/:?]
	at MC-BOOTSTRAP/cpw.mods.modlauncher@11.0.5/cpw.mods.modlauncher.BootstrapLaunchConsumer.accept(BootstrapLaunchConsumer.java:23) [modlauncher-11.0.5.jar%2364!/:?]
	at cpw.mods.bootstraplauncher@2.0.2/cpw.mods.bootstraplauncher.BootstrapLauncher.run(BootstrapLauncher.java:210) [bootstraplauncher-2.0.2.jar:?]
	at cpw.mods.bootstraplauncher@2.0.2/cpw.mods.bootstraplauncher.BootstrapLauncher.main(BootstrapLauncher.java:69) [bootstraplauncher-2.0.2.jar:?]
[04Apr2026 00:41:34.416] [main/ERROR] [net.minecraft.world.item.crafting.RecipeManager/]: Parsing error loading recipe create:crushing/compat/biomeswevegone/blue_nether_quartz_ore
com.google.gson.JsonParseException: Failed to parse either. First: Failed to parse either. First: No key tag in MapLike[{"item":"biomeswevegone:blue_nether_quartz_ore"}]; No key fluid in MapLike[{"item":"biomeswevegone:blue_nether_quartz_ore"}]; Fluid ingredient cannot be empty, at least one item must be defined; No key children in MapLike[{"type":"neoforge:compound","ingredients":[{"item":"biomeswevegone:blue_nether_quartz_ore"}]}]; Second: Failed to parse either. First: No key amount in MapLike[{"type":"neoforge:compound","ingredients":[{"item":"biomeswevegone:blue_nether_quartz_ore"}]}]; No key fluid in MapLike[{"type":"neoforge:compound","ingredients":[{"item":"biomeswevegone:blue_nether_quartz_ore"}]}]; Invalid Type: neoforge:compound; Second: No key amount in MapLike[{"type":"neoforge:compound","ingredients":[{"item":"biomeswevegone:blue_nether_quartz_ore"}]}]; No key fluid_tag in MapLike[{"type":"neoforge:compound","ingredients":[{"item":"biomeswevegone:blue_nether_quartz_ore"}]}]; Invalid Type: neoforge:compound; Second: Failed to parse either. First: Not a json array: {"type":"neoforge:compound","ingredients":[{"item":"biomeswevegone:blue_nether_quartz_ore"}]}; Second: No key tag in MapLike[{"item":"biomeswevegone:blue_nether_quartz_ore"}]; Unknown registry key in ResourceKey[minecraft:root / minecraft:item]: biomeswevegone:blue_nether_quartz_ore; Item array cannot be empty, at least one item must be defined; No key children in MapLike[{"type":"neoforge:compound","ingredients":[{"item":"biomeswevegone:blue_nether_quartz_ore"}]}]
	at MC-BOOTSTRAP/datafixerupper@8.0.16/com.mojang.serialization.DataResult$Error.getOrThrow(DataResult.java:287) ~[datafixerupper-8.0.16.jar%23100!/:?]
	at TRANSFORMER/minecraft@1.21.1/net.minecraft.world.item.crafting.RecipeManager.apply(RecipeManager.java:60) ~[server-1.21.1-20240808.144430-srg.jar%23444!/:?]
	at TRANSFORMER/minecraft@1.21.1/net.minecraft.world.item.crafting.RecipeManager.apply(RecipeManager.java:36) ~[server-1.21.1-20240808.144430-srg.jar%23444!/:?]
	at TRANSFORMER/minecraft@1.21.1/net.minecraft.server.packs.resources.SimplePreparableReloadListener.lambda$reload$1(SimplePreparableReloadListener.java:19) ~[server-1.21.1-20240808.144430-srg.jar%23444!/:?]
	at java.base/java.util.concurrent.CompletableFuture$UniAccept.tryFire(CompletableFuture.java:718) ~[?:?]
	at java.base/java.util.concurrent.CompletableFuture$Completion.run(CompletableFuture.java:482) ~[?:?]
	at TRANSFORMER/minecraft@1.21.1/net.minecraft.server.packs.resources.SimpleReloadInstance.lambda$new$3(SimpleReloadInstance.java:69) ~[server-1.21.1-20240808.144430-srg.jar%23444!/:?]
	at TRANSFORMER/minecraft@1.21.1/net.minecraft.Util.blockUntilDone(Util.java:872) ~[server-1.21.1-20240808.144430-srg.jar%23444!/:?]
	at TRANSFORMER/minecraft@1.21.1/net.minecraft.Util.blockUntilDone(Util.java:861) ~[server-1.21.1-20240808.144430-srg.jar%23444!/:?]
	at TRANSFORMER/minecraft@1.21.1/net.minecraft.server.Main.main(Main.java:204) ~[server-1.21.1-20240808.144430-srg.jar%23444!/:?]
	at java.base/jdk.internal.reflect.DirectMethodHandleAccessor.invoke(DirectMethodHandleAccessor.java:103) ~[?:?]
	at java.base/java.lang.reflect.Method.invoke(Method.java:580) ~[?:?]
	at MC-BOOTSTRAP/fml_loader@4.0.42/net.neoforged.fml.loading.targets.CommonLaunchHandler.runTarget(CommonLaunchHandler.java:136) ~[loader-4.0.42.jar%2359!/:4.0]
	at MC-BOOTSTRAP/fml_loader@4.0.42/net.neoforged.fml.loading.targets.CommonLaunchHandler.serverService(CommonLaunchHandler.java:128) ~[loader-4.0.42.jar%2359!/:4.0]
	at MC-BOOTSTRAP/fml_loader@4.0.42/net.neoforged.fml.loading.targets.CommonServerLaunchHandler.runService(CommonServerLaunchHandler.java:32) ~[loader-4.0.42.jar%2359!/:4.0]
	at MC-BOOTSTRAP/fml_loader@4.0.42/net.neoforged.fml.loading.targets.CommonLaunchHandler.lambda$launchService$4(CommonLaunchHandler.java:118) ~[loader-4.0.42.jar%2359!/:4.0]
	at MC-BOOTSTRAP/cpw.mods.modlauncher@11.0.5/cpw.mods.modlauncher.LaunchServiceHandlerDecorator.launch(LaunchServiceHandlerDecorator.java:30) [modlauncher-11.0.5.jar%2364!/:?]
	at MC-BOOTSTRAP/cpw.mods.modlauncher@11.0.5/cpw.mods.modlauncher.LaunchServiceHandler.launch(LaunchServiceHandler.java:53) [modlauncher-11.0.5.jar%2364!/:?]
	at MC-BOOTSTRAP/cpw.mods.modlauncher@11.0.5/cpw.mods.modlauncher.LaunchServiceHandler.launch(LaunchServiceHandler.java:71) [modlauncher-11.0.5.jar%2364!/:?]
	at MC-BOOTSTRAP/cpw.mods.modlauncher@11.0.5/cpw.mods.modlauncher.Launcher.run(Launcher.java:103) [modlauncher-11.0.5.jar%2364!/:?]
	at MC-BOOTSTRAP/cpw.mods.modlauncher@11.0.5/cpw.mods.modlauncher.Launcher.main(Launcher.java:74) [modlauncher-11.0.5.jar%2364!/:?]
	at MC-BOOTSTRAP/cpw.mods.modlauncher@11.0.5/cpw.mods.modlauncher.BootstrapLaunchConsumer.accept(BootstrapLaunchConsumer.java:26) [modlauncher-11.0.5.jar%2364!/:?]
	at MC-BOOTSTRAP/cpw.mods.modlauncher@11.0.5/cpw.mods.modlauncher.BootstrapLaunchConsumer.accept(BootstrapLaunchConsumer.java:23) [modlauncher-11.0.5.jar%2364!/:?]
	at cpw.mods.bootstraplauncher@2.0.2/cpw.mods.bootstraplauncher.BootstrapLauncher.run(BootstrapLauncher.java:210) [bootstraplauncher-2.0.2.jar:?]
	at cpw.mods.bootstraplauncher@2.0.2/cpw.mods.bootstraplauncher.BootstrapLauncher.main(BootstrapLauncher.java:69) [bootstraplauncher-2.0.2.jar:?]
[04Apr2026 00:41:34.419] [main/ERROR] [net.minecraft.world.item.crafting.RecipeManager/]: Parsing error loading recipe create:crushing/sculk_stone_iron_ore
com.google.gson.JsonParseException: Failed to parse either. First: No key amount in MapLike[{"chance":0.125,"item":"deeperdarker:cobbled_sculk_stone"}]; No key id in MapLike[{"chance":0.125,"item":"deeperdarker:cobbled_sculk_stone"}]; Second: Failed to parse either. First: No key id in MapLike[{"chance":0.125,"item":"deeperdarker:cobbled_sculk_stone"}]; Second: Failed to parse either. First: Not a JSON object: "deeperdarker:cobbled_sculk_stone"; Second: Compat cannot be deserialized; Failed to parse either. First: No key amount in MapLike[{"item":"create:experience_nugget"}]; No key id in MapLike[{"item":"create:experience_nugget"}]; Second: Failed to parse either. First: No key id in MapLike[{"item":"create:experience_nugget"}]; Second: Failed to parse either. First: Not a JSON object: "create:experience_nugget"; Second: Compat cannot be deserialized; Failed to parse either. First: No key amount in MapLike[{"chance":0.75,"item":"create:crushed_raw_iron"}]; No key id in MapLike[{"chance":0.75,"item":"create:crushed_raw_iron"}]; Second: Failed to parse either. First: No key id in MapLike[{"chance":0.75,"item":"create:crushed_raw_iron"}]; Second: Failed to parse either. First: Not a JSON object: "create:crushed_raw_iron"; Second: Compat cannot be deserialized; Failed to parse either. First: No key amount in MapLike[{"count":3,"item":"create:crushed_raw_iron"}]; No key id in MapLike[{"count":3,"item":"create:crushed_raw_iron"}]; Second: Failed to parse either. First: No key id in MapLike[{"count":3,"item":"create:crushed_raw_iron"}]; Second: Failed to parse either. First: Not a JSON object: "create:crushed_raw_iron"; Second: Compat cannot be deserialized
	at MC-BOOTSTRAP/datafixerupper@8.0.16/com.mojang.serialization.DataResult$Error.getOrThrow(DataResult.java:287) ~[datafixerupper-8.0.16.jar%23100!/:?]
	at TRANSFORMER/minecraft@1.21.1/net.minecraft.world.item.crafting.RecipeManager.apply(RecipeManager.java:60) ~[server-1.21.1-20240808.144430-srg.jar%23444!/:?]
	at TRANSFORMER/minecraft@1.21.1/net.minecraft.world.item.crafting.RecipeManager.apply(RecipeManager.java:36) ~[server-1.21.1-20240808.144430-srg.jar%23444!/:?]
	at TRANSFORMER/minecraft@1.21.1/net.minecraft.server.packs.resources.SimplePreparableReloadListener.lambda$reload$1(SimplePreparableReloadListener.java:19) ~[server-1.21.1-20240808.144430-srg.jar%23444!/:?]
	at java.base/java.util.concurrent.CompletableFuture$UniAccept.tryFire(CompletableFuture.java:718) ~[?:?]
	at java.base/java.util.concurrent.CompletableFuture$Completion.run(CompletableFuture.java:482) ~[?:?]
	at TRANSFORMER/minecraft@1.21.1/net.minecraft.server.packs.resources.SimpleReloadInstance.lambda$new$3(SimpleReloadInstance.java:69) ~[server-1.21.1-20240808.144430-srg.jar%23444!/:?]
	at TRANSFORMER/minecraft@1.21.1/net.minecraft.Util.blockUntilDone(Util.java:872) ~[server-1.21.1-20240808.144430-srg.jar%23444!/:?]
	at TRANSFORMER/minecraft@1.21.1/net.minecraft.Util.blockUntilDone(Util.java:861) ~[server-1.21.1-20240808.144430-srg.jar%23444!/:?]
	at TRANSFORMER/minecraft@1.21.1/net.minecraft.server.Main.main(Main.java:204) ~[server-1.21.1-20240808.144430-srg.jar%23444!/:?]
	at java.base/jdk.internal.reflect.DirectMethodHandleAccessor.invoke(DirectMethodHandleAccessor.java:103) ~[?:?]
	at java.base/java.lang.reflect.Method.invoke(Method.java:580) ~[?:?]
	at MC-BOOTSTRAP/fml_loader@4.0.42/net.neoforged.fml.loading.targets.CommonLaunchHandler.runTarget(CommonLaunchHandler.java:136) ~[loader-4.0.42.jar%2359!/:4.0]
	at MC-BOOTSTRAP/fml_loader@4.0.42/net.neoforged.fml.loading.targets.CommonLaunchHandler.serverService(CommonLaunchHandler.java:128) ~[loader-4.0.42.jar%2359!/:4.0]
	at MC-BOOTSTRAP/fml_loader@4.0.42/net.neoforged.fml.loading.targets.CommonServerLaunchHandler.runService(CommonServerLaunchHandler.java:32) ~[loader-4.0.42.jar%2359!/:4.0]
	at MC-BOOTSTRAP/fml_loader@4.0.42/net.neoforged.fml.loading.targets.CommonLaunchHandler.lambda$launchService$4(CommonLaunchHandler.java:118) ~[loader-4.0.42.jar%2359!/:4.0]
	at MC-BOOTSTRAP/cpw.mods.modlauncher@11.0.5/cpw.mods.modlauncher.LaunchServiceHandlerDecorator.launch(LaunchServiceHandlerDecorator.java:30) [modlauncher-11.0.5.jar%2364!/:?]
	at MC-BOOTSTRAP/cpw.mods.modlauncher@11.0.5/cpw.mods.modlauncher.LaunchServiceHandler.launch(LaunchServiceHandler.java:53) [modlauncher-11.0.5.jar%2364!/:?]
	at MC-BOOTSTRAP/cpw.mods.modlauncher@11.0.5/cpw.mods.modlauncher.LaunchServiceHandler.launch(LaunchServiceHandler.java:71) [modlauncher-11.0.5.jar%2364!/:?]
	at MC-BOOTSTRAP/cpw.mods.modlauncher@11.0.5/cpw.mods.modlauncher.Launcher.run(Launcher.java:103) [modlauncher-11.0.5.jar%2364!/:?]
	at MC-BOOTSTRAP/cpw.mods.modlauncher@11.0.5/cpw.mods.modlauncher.Launcher.main(Launcher.java:74) [modlauncher-11.0.5.jar%2364!/:?]
	at MC-BOOTSTRAP/cpw.mods.modlauncher@11.0.5/cpw.mods.modlauncher.BootstrapLaunchConsumer.accept(BootstrapLaunchConsumer.java:26) [modlauncher-11.0.5.jar%2364!/:?]
	at MC-BOOTSTRAP/cpw.mods.modlauncher@11.0.5/cpw.mods.modlauncher.BootstrapLaunchConsumer.accept(BootstrapLaunchConsumer.java:23) [modlauncher-11.0.5.jar%2364!/:?]
	at cpw.mods.bootstraplauncher@2.0.2/cpw.mods.bootstraplauncher.BootstrapLauncher.run(BootstrapLauncher.java:210) [bootstraplauncher-2.0.2.jar:?]
	at cpw.mods.bootstraplauncher@2.0.2/cpw.mods.bootstraplauncher.BootstrapLauncher.main(BootstrapLauncher.java:69) [bootstraplauncher-2.0.2.jar:?]
[04Apr2026 00:41:34.427] [main/ERROR] [net.minecraft.world.item.crafting.RecipeManager/]: Parsing error loading recipe cataclysm_spellbooks:murasama
com.google.gson.JsonParseException: Unknown registry key in ResourceKey[minecraft:root / minecraft:item]: cataclysm_spellbooks:murasama_blade; Map entry 'm' : Failed to parse either. First: Not a json array: {"item":"cataclysm_spellbooks:mechanical_weapon_parts"}; Second: No key tag in MapLike[{"item":"cataclysm_spellbooks:mechanical_weapon_parts"}]; Unknown registry key in ResourceKey[minecraft:root / minecraft:item]: cataclysm_spellbooks:mechanical_weapon_parts
	at MC-BOOTSTRAP/datafixerupper@8.0.16/com.mojang.serialization.DataResult$Error.getOrThrow(DataResult.java:287) ~[datafixerupper-8.0.16.jar%23100!/:?]
	at TRANSFORMER/minecraft@1.21.1/net.minecraft.world.item.crafting.RecipeManager.apply(RecipeManager.java:60) ~[server-1.21.1-20240808.144430-srg.jar%23444!/:?]
	at TRANSFORMER/minecraft@1.21.1/net.minecraft.world.item.crafting.RecipeManager.apply(RecipeManager.java:36) ~[server-1.21.1-20240808.144430-srg.jar%23444!/:?]
	at TRANSFORMER/minecraft@1.21.1/net.minecraft.server.packs.resources.SimplePreparableReloadListener.lambda$reload$1(SimplePreparableReloadListener.java:19) ~[server-1.21.1-20240808.144430-srg.jar%23444!/:?]
	at java.base/java.util.concurrent.CompletableFuture$UniAccept.tryFire(CompletableFuture.java:718) ~[?:?]
	at java.base/java.util.concurrent.CompletableFuture$Completion.run(CompletableFuture.java:482) ~[?:?]
	at TRANSFORMER/minecraft@1.21.1/net.minecraft.server.packs.resources.SimpleReloadInstance.lambda$new$3(SimpleReloadInstance.java:69) ~[server-1.21.1-20240808.144430-srg.jar%23444!/:?]
	at TRANSFORMER/minecraft@1.21.1/net.minecraft.Util.blockUntilDone(Util.java:872) ~[server-1.21.1-20240808.144430-srg.jar%23444!/:?]
	at TRANSFORMER/minecraft@1.21.1/net.minecraft.Util.blockUntilDone(Util.java:861) ~[server-1.21.1-20240808.144430-srg.jar%23444!/:?]
	at TRANSFORMER/minecraft@1.21.1/net.minecraft.server.Main.main(Main.java:204) ~[server-1.21.1-20240808.144430-srg.jar%23444!/:?]
	at java.base/jdk.internal.reflect.DirectMethodHandleAccessor.invoke(DirectMethodHandleAccessor.java:103) ~[?:?]
	at java.base/java.lang.reflect.Method.invoke(Method.java:580) ~[?:?]
	at MC-BOOTSTRAP/fml_loader@4.0.42/net.neoforged.fml.loading.targets.CommonLaunchHandler.runTarget(CommonLaunchHandler.java:136) ~[loader-4.0.42.jar%2359!/:4.0]
	at MC-BOOTSTRAP/fml_loader@4.0.42/net.neoforged.fml.loading.targets.CommonLaunchHandler.serverService(CommonLaunchHandler.java:128) ~[loader-4.0.42.jar%2359!/:4.0]
	at MC-BOOTSTRAP/fml_loader@4.0.42/net.neoforged.fml.loading.targets.CommonServerLaunchHandler.runService(CommonServerLaunchHandler.java:32) ~[loader-4.0.42.jar%2359!/:4.0]
	at MC-BOOTSTRAP/fml_loader@4.0.42/net.neoforged.fml.loading.targets.CommonLaunchHandler.lambda$launchService$4(CommonLaunchHandler.java:118) ~[loader-4.0.42.jar%2359!/:4.0]
	at MC-BOOTSTRAP/cpw.mods.modlauncher@11.0.5/cpw.mods.modlauncher.LaunchServiceHandlerDecorator.launch(LaunchServiceHandlerDecorator.java:30) [modlauncher-11.0.5.jar%2364!/:?]
	at MC-BOOTSTRAP/cpw.mods.modlauncher@11.0.5/cpw.mods.modlauncher.LaunchServiceHandler.launch(LaunchServiceHandler.java:53) [modlauncher-11.0.5.jar%2364!/:?]
	at MC-BOOTSTRAP/cpw.mods.modlauncher@11.0.5/cpw.mods.modlauncher.LaunchServiceHandler.launch(LaunchServiceHandler.java:71) [modlauncher-11.0.5.jar%2364!/:?]
	at MC-BOOTSTRAP/cpw.mods.modlauncher@11.0.5/cpw.mods.modlauncher.Launcher.run(Launcher.java:103) [modlauncher-11.0.5.jar%2364!/:?]
	at MC-BOOTSTRAP/cpw.mods.modlauncher@11.0.5/cpw.mods.modlauncher.Launcher.main(Launcher.java:74) [modlauncher-11.0.5.jar%2364!/:?]
	at MC-BOOTSTRAP/cpw.mods.modlauncher@11.0.5/cpw.mods.modlauncher.BootstrapLaunchConsumer.accept(BootstrapLaunchConsumer.java:26) [modlauncher-11.0.5.jar%2364!/:?]
	at MC-BOOTSTRAP/cpw.mods.modlauncher@11.0.5/cpw.mods.modlauncher.BootstrapLaunchConsumer.accept(BootstrapLaunchConsumer.java:23) [modlauncher-11.0.5.jar%2364!/:?]
	at cpw.mods.bootstraplauncher@2.0.2/cpw.mods.bootstraplauncher.BootstrapLauncher.run(BootstrapLauncher.java:210) [bootstraplauncher-2.0.2.jar:?]
	at cpw.mods.bootstraplauncher@2.0.2/cpw.mods.bootstraplauncher.BootstrapLauncher.main(BootstrapLauncher.java:69) [bootstraplauncher-2.0.2.jar:?]
[04Apr2026 00:41:34.452] [main/ERROR] [net.minecraft.world.item.crafting.RecipeManager/]: Parsing error loading recipe farmersdelight:cutting/echo_hanging_sign
com.google.gson.JsonParseException: Failed to parse either. First: Not a json array: {"type":"farmersdelight:tool_action","action":"axe_dig"}; Second: Unknown registry key in ResourceKey[minecraft:root / neoforge:ingredient_serializer]: farmersdelight:tool_action
	at MC-BOOTSTRAP/datafixerupper@8.0.16/com.mojang.serialization.DataResult$Error.getOrThrow(DataResult.java:287) ~[datafixerupper-8.0.16.jar%23100!/:?]
	at TRANSFORMER/minecraft@1.21.1/net.minecraft.world.item.crafting.RecipeManager.apply(RecipeManager.java:60) ~[server-1.21.1-20240808.144430-srg.jar%23444!/:?]
	at TRANSFORMER/minecraft@1.21.1/net.minecraft.world.item.crafting.RecipeManager.apply(RecipeManager.java:36) ~[server-1.21.1-20240808.144430-srg.jar%23444!/:?]
	at TRANSFORMER/minecraft@1.21.1/net.minecraft.server.packs.resources.SimplePreparableReloadListener.lambda$reload$1(SimplePreparableReloadListener.java:19) ~[server-1.21.1-20240808.144430-srg.jar%23444!/:?]
	at java.base/java.util.concurrent.CompletableFuture$UniAccept.tryFire(CompletableFuture.java:718) ~[?:?]
	at java.base/java.util.concurrent.CompletableFuture$Completion.run(CompletableFuture.java:482) ~[?:?]
	at TRANSFORMER/minecraft@1.21.1/net.minecraft.server.packs.resources.SimpleReloadInstance.lambda$new$3(SimpleReloadInstance.java:69) ~[server-1.21.1-20240808.144430-srg.jar%23444!/:?]
	at TRANSFORMER/minecraft@1.21.1/net.minecraft.Util.blockUntilDone(Util.java:872) ~[server-1.21.1-20240808.144430-srg.jar%23444!/:?]
	at TRANSFORMER/minecraft@1.21.1/net.minecraft.Util.blockUntilDone(Util.java:861) ~[server-1.21.1-20240808.144430-srg.jar%23444!/:?]
	at TRANSFORMER/minecraft@1.21.1/net.minecraft.server.Main.main(Main.java:204) ~[server-1.21.1-20240808.144430-srg.jar%23444!/:?]
	at java.base/jdk.internal.reflect.DirectMethodHandleAccessor.invoke(DirectMethodHandleAccessor.java:103) ~[?:?]
	at java.base/java.lang.reflect.Method.invoke(Method.java:580) ~[?:?]
	at MC-BOOTSTRAP/fml_loader@4.0.42/net.neoforged.fml.loading.targets.CommonLaunchHandler.runTarget(CommonLaunchHandler.java:136) ~[loader-4.0.42.jar%2359!/:4.0]
	at MC-BOOTSTRAP/fml_loader@4.0.42/net.neoforged.fml.loading.targets.CommonLaunchHandler.serverService(CommonLaunchHandler.java:128) ~[loader-4.0.42.jar%2359!/:4.0]
	at MC-BOOTSTRAP/fml_loader@4.0.42/net.neoforged.fml.loading.targets.CommonServerLaunchHandler.runService(CommonServerLaunchHandler.java:32) ~[loader-4.0.42.jar%2359!/:4.0]
	at MC-BOOTSTRAP/fml_loader@4.0.42/net.neoforged.fml.loading.targets.CommonLaunchHandler.lambda$launchService$4(CommonLaunchHandler.java:118) ~[loader-4.0.42.jar%2359!/:4.0]
	at MC-BOOTSTRAP/cpw.mods.modlauncher@11.0.5/cpw.mods.modlauncher.LaunchServiceHandlerDecorator.launch(LaunchServiceHandlerDecorator.java:30) [modlauncher-11.0.5.jar%2364!/:?]
	at MC-BOOTSTRAP/cpw.mods.modlauncher@11.0.5/cpw.mods.modlauncher.LaunchServiceHandler.launch(LaunchServiceHandler.java:53) [modlauncher-11.0.5.jar%2364!/:?]
	at MC-BOOTSTRAP/cpw.mods.modlauncher@11.0.5/cpw.mods.modlauncher.LaunchServiceHandler.launch(LaunchServiceHandler.java:71) [modlauncher-11.0.5.jar%2364!/:?]
	at MC-BOOTSTRAP/cpw.mods.modlauncher@11.0.5/cpw.mods.modlauncher.Launcher.run(Launcher.java:103) [modlauncher-11.0.5.jar%2364!/:?]
	at MC-BOOTSTRAP/cpw.mods.modlauncher@11.0.5/cpw.mods.modlauncher.Launcher.main(Launcher.java:74) [modlauncher-11.0.5.jar%2364!/:?]
	at MC-BOOTSTRAP/cpw.mods.modlauncher@11.0.5/cpw.mods.modlauncher.BootstrapLaunchConsumer.accept(BootstrapLaunchConsumer.java:26) [modlauncher-11.0.5.jar%2364!/:?]
	at MC-BOOTSTRAP/cpw.mods.modlauncher@11.0.5/cpw.mods.modlauncher.BootstrapLaunchConsumer.accept(BootstrapLaunchConsumer.java:23) [modlauncher-11.0.5.jar%2364!/:?]
	at cpw.mods.bootstraplauncher@2.0.2/cpw.mods.bootstraplauncher.BootstrapLauncher.run(BootstrapLauncher.java:210) [bootstraplauncher-2.0.2.jar:?]
	at cpw.mods.bootstraplauncher@2.0.2/cpw.mods.bootstraplauncher.BootstrapLauncher.main(BootstrapLauncher.java:69) [bootstraplauncher-2.0.2.jar:?]
[04Apr2026 00:41:34.457] [main/ERROR] [net.minecraft.world.item.crafting.RecipeManager/]: Parsing error loading recipe cataclysm_spellbooks:engineer_suit
com.google.gson.JsonParseException: Map entry 'r' : Failed to parse either. First: Not a json array: {"item":"cataclysm_spellbooks:technomancy_rune"}; Second: No key tag in MapLike[{"item":"cataclysm_spellbooks:technomancy_rune"}]; Unknown registry key in ResourceKey[minecraft:root / minecraft:item]: cataclysm_spellbooks:technomancy_rune
	at MC-BOOTSTRAP/datafixerupper@8.0.16/com.mojang.serialization.DataResult$Error.getOrThrow(DataResult.java:287) ~[datafixerupper-8.0.16.jar%23100!/:?]
	at TRANSFORMER/minecraft@1.21.1/net.minecraft.world.item.crafting.RecipeManager.apply(RecipeManager.java:60) ~[server-1.21.1-20240808.144430-srg.jar%23444!/:?]
	at TRANSFORMER/minecraft@1.21.1/net.minecraft.world.item.crafting.RecipeManager.apply(RecipeManager.java:36) ~[server-1.21.1-20240808.144430-srg.jar%23444!/:?]
	at TRANSFORMER/minecraft@1.21.1/net.minecraft.server.packs.resources.SimplePreparableReloadListener.lambda$reload$1(SimplePreparableReloadListener.java:19) ~[server-1.21.1-20240808.144430-srg.jar%23444!/:?]
	at java.base/java.util.concurrent.CompletableFuture$UniAccept.tryFire(CompletableFuture.java:718) ~[?:?]
	at java.base/java.util.concurrent.CompletableFuture$Completion.run(CompletableFuture.java:482) ~[?:?]
	at TRANSFORMER/minecraft@1.21.1/net.minecraft.server.packs.resources.SimpleReloadInstance.lambda$new$3(SimpleReloadInstance.java:69) ~[server-1.21.1-20240808.144430-srg.jar%23444!/:?]
	at TRANSFORMER/minecraft@1.21.1/net.minecraft.Util.blockUntilDone(Util.java:872) ~[server-1.21.1-20240808.144430-srg.jar%23444!/:?]
	at TRANSFORMER/minecraft@1.21.1/net.minecraft.Util.blockUntilDone(Util.java:861) ~[server-1.21.1-20240808.144430-srg.jar%23444!/:?]
	at TRANSFORMER/minecraft@1.21.1/net.minecraft.server.Main.main(Main.java:204) ~[server-1.21.1-20240808.144430-srg.jar%23444!/:?]
	at java.base/jdk.internal.reflect.DirectMethodHandleAccessor.invoke(DirectMethodHandleAccessor.java:103) ~[?:?]
	at java.base/java.lang.reflect.Method.invoke(Method.java:580) ~[?:?]
	at MC-BOOTSTRAP/fml_loader@4.0.42/net.neoforged.fml.loading.targets.CommonLaunchHandler.runTarget(CommonLaunchHandler.java:136) ~[loader-4.0.42.jar%2359!/:4.0]
	at MC-BOOTSTRAP/fml_loader@4.0.42/net.neoforged.fml.loading.targets.CommonLaunchHandler.serverService(CommonLaunchHandler.java:128) ~[loader-4.0.42.jar%2359!/:4.0]
	at MC-BOOTSTRAP/fml_loader@4.0.42/net.neoforged.fml.loading.targets.CommonServerLaunchHandler.runService(CommonServerLaunchHandler.java:32) ~[loader-4.0.42.jar%2359!/:4.0]
	at MC-BOOTSTRAP/fml_loader@4.0.42/net.neoforged.fml.loading.targets.CommonLaunchHandler.lambda$launchService$4(CommonLaunchHandler.java:118) ~[loader-4.0.42.jar%2359!/:4.0]
	at MC-BOOTSTRAP/cpw.mods.modlauncher@11.0.5/cpw.mods.modlauncher.LaunchServiceHandlerDecorator.launch(LaunchServiceHandlerDecorator.java:30) [modlauncher-11.0.5.jar%2364!/:?]
	at MC-BOOTSTRAP/cpw.mods.modlauncher@11.0.5/cpw.mods.modlauncher.LaunchServiceHandler.launch(LaunchServiceHandler.java:53) [modlauncher-11.0.5.jar%2364!/:?]
	at MC-BOOTSTRAP/cpw.mods.modlauncher@11.0.5/cpw.mods.modlauncher.LaunchServiceHandler.launch(LaunchServiceHandler.java:71) [modlauncher-11.0.5.jar%2364!/:?]
	at MC-BOOTSTRAP/cpw.mods.modlauncher@11.0.5/cpw.mods.modlauncher.Launcher.run(Launcher.java:103) [modlauncher-11.0.5.jar%2364!/:?]
	at MC-BOOTSTRAP/cpw.mods.modlauncher@11.0.5/cpw.mods.modlauncher.Launcher.main(Launcher.java:74) [modlauncher-11.0.5.jar%2364!/:?]
	at MC-BOOTSTRAP/cpw.mods.modlauncher@11.0.5/cpw.mods.modlauncher.BootstrapLaunchConsumer.accept(BootstrapLaunchConsumer.java:26) [modlauncher-11.0.5.jar%2364!/:?]
	at MC-BOOTSTRAP/cpw.mods.modlauncher@11.0.5/cpw.mods.modlauncher.BootstrapLaunchConsumer.accept(BootstrapLaunchConsumer.java:23) [modlauncher-11.0.5.jar%2364!/:?]
	at cpw.mods.bootstraplauncher@2.0.2/cpw.mods.bootstraplauncher.BootstrapLauncher.run(BootstrapLauncher.java:210) [bootstraplauncher-2.0.2.jar:?]
	at cpw.mods.bootstraplauncher@2.0.2/cpw.mods.bootstraplauncher.BootstrapLauncher.main(BootstrapLauncher.java:69) [bootstraplauncher-2.0.2.jar:?]
[04Apr2026 00:41:34.459] [main/ERROR] [net.minecraft.world.item.crafting.RecipeManager/]: Parsing error loading recipe create_things_and_misc:copper_scaffolding_craft
com.google.gson.JsonParseException: Unknown registry key in ResourceKey[minecraft:root / minecraft:item]: create_things_and_misc:deleted_mod_element
	at MC-BOOTSTRAP/datafixerupper@8.0.16/com.mojang.serialization.DataResult$Error.getOrThrow(DataResult.java:287) ~[datafixerupper-8.0.16.jar%23100!/:?]
	at TRANSFORMER/minecraft@1.21.1/net.minecraft.world.item.crafting.RecipeManager.apply(RecipeManager.java:60) ~[server-1.21.1-20240808.144430-srg.jar%23444!/:?]
	at TRANSFORMER/minecraft@1.21.1/net.minecraft.world.item.crafting.RecipeManager.apply(RecipeManager.java:36) ~[server-1.21.1-20240808.144430-srg.jar%23444!/:?]
	at TRANSFORMER/minecraft@1.21.1/net.minecraft.server.packs.resources.SimplePreparableReloadListener.lambda$reload$1(SimplePreparableReloadListener.java:19) ~[server-1.21.1-20240808.144430-srg.jar%23444!/:?]
	at java.base/java.util.concurrent.CompletableFuture$UniAccept.tryFire(CompletableFuture.java:718) ~[?:?]
	at java.base/java.util.concurrent.CompletableFuture$Completion.run(CompletableFuture.java:482) ~[?:?]
	at TRANSFORMER/minecraft@1.21.1/net.minecraft.server.packs.resources.SimpleReloadInstance.lambda$new$3(SimpleReloadInstance.java:69) ~[server-1.21.1-20240808.144430-srg.jar%23444!/:?]
	at TRANSFORMER/minecraft@1.21.1/net.minecraft.Util.blockUntilDone(Util.java:872) ~[server-1.21.1-20240808.144430-srg.jar%23444!/:?]
	at TRANSFORMER/minecraft@1.21.1/net.minecraft.Util.blockUntilDone(Util.java:861) ~[server-1.21.1-20240808.144430-srg.jar%23444!/:?]
	at TRANSFORMER/minecraft@1.21.1/net.minecraft.server.Main.main(Main.java:204) ~[server-1.21.1-20240808.144430-srg.jar%23444!/:?]
	at java.base/jdk.internal.reflect.DirectMethodHandleAccessor.invoke(DirectMethodHandleAccessor.java:103) ~[?:?]
	at java.base/java.lang.reflect.Method.invoke(Method.java:580) ~[?:?]
	at MC-BOOTSTRAP/fml_loader@4.0.42/net.neoforged.fml.loading.targets.CommonLaunchHandler.runTarget(CommonLaunchHandler.java:136) ~[loader-4.0.42.jar%2359!/:4.0]
	at MC-BOOTSTRAP/fml_loader@4.0.42/net.neoforged.fml.loading.targets.CommonLaunchHandler.serverService(CommonLaunchHandler.java:128) ~[loader-4.0.42.jar%2359!/:4.0]
	at MC-BOOTSTRAP/fml_loader@4.0.42/net.neoforged.fml.loading.targets.CommonServerLaunchHandler.runService(CommonServerLaunchHandler.java:32) ~[loader-4.0.42.jar%2359!/:4.0]
	at MC-BOOTSTRAP/fml_loader@4.0.42/net.neoforged.fml.loading.targets.CommonLaunchHandler.lambda$launchService$4(CommonLaunchHandler.java:118) ~[loader-4.0.42.jar%2359!/:4.0]
	at MC-BOOTSTRAP/cpw.mods.modlauncher@11.0.5/cpw.mods.modlauncher.LaunchServiceHandlerDecorator.launch(LaunchServiceHandlerDecorator.java:30) [modlauncher-11.0.5.jar%2364!/:?]
	at MC-BOOTSTRAP/cpw.mods.modlauncher@11.0.5/cpw.mods.modlauncher.LaunchServiceHandler.launch(LaunchServiceHandler.java:53) [modlauncher-11.0.5.jar%2364!/:?]
	at MC-BOOTSTRAP/cpw.mods.modlauncher@11.0.5/cpw.mods.modlauncher.LaunchServiceHandler.launch(LaunchServiceHandler.java:71) [modlauncher-11.0.5.jar%2364!/:?]
	at MC-BOOTSTRAP/cpw.mods.modlauncher@11.0.5/cpw.mods.modlauncher.Launcher.run(Launcher.java:103) [modlauncher-11.0.5.jar%2364!/:?]
	at MC-BOOTSTRAP/cpw.mods.modlauncher@11.0.5/cpw.mods.modlauncher.Launcher.main(Launcher.java:74) [modlauncher-11.0.5.jar%2364!/:?]
	at MC-BOOTSTRAP/cpw.mods.modlauncher@11.0.5/cpw.mods.modlauncher.BootstrapLaunchConsumer.accept(BootstrapLaunchConsumer.java:26) [modlauncher-11.0.5.jar%2364!/:?]
	at MC-BOOTSTRAP/cpw.mods.modlauncher@11.0.5/cpw.mods.modlauncher.BootstrapLaunchConsumer.accept(BootstrapLaunchConsumer.java:23) [modlauncher-11.0.5.jar%2364!/:?]
	at cpw.mods.bootstraplauncher@2.0.2/cpw.mods.bootstraplauncher.BootstrapLauncher.run(BootstrapLauncher.java:210) [bootstraplauncher-2.0.2.jar:?]
	at cpw.mods.bootstraplauncher@2.0.2/cpw.mods.bootstraplauncher.BootstrapLauncher.main(BootstrapLauncher.java:69) [bootstraplauncher-2.0.2.jar:?]
[04Apr2026 00:41:34.474] [main/ERROR] [net.minecraft.world.item.crafting.RecipeManager/]: Parsing error loading recipe cataclysm_spellbooks:engineer_hood
com.google.gson.JsonParseException: Map entry 'r' : Failed to parse either. First: Not a json array: {"item":"cataclysm_spellbooks:technomancy_rune"}; Second: No key tag in MapLike[{"item":"cataclysm_spellbooks:technomancy_rune"}]; Unknown registry key in ResourceKey[minecraft:root / minecraft:item]: cataclysm_spellbooks:technomancy_rune
	at MC-BOOTSTRAP/datafixerupper@8.0.16/com.mojang.serialization.DataResult$Error.getOrThrow(DataResult.java:287) ~[datafixerupper-8.0.16.jar%23100!/:?]
	at TRANSFORMER/minecraft@1.21.1/net.minecraft.world.item.crafting.RecipeManager.apply(RecipeManager.java:60) ~[server-1.21.1-20240808.144430-srg.jar%23444!/:?]
	at TRANSFORMER/minecraft@1.21.1/net.minecraft.world.item.crafting.RecipeManager.apply(RecipeManager.java:36) ~[server-1.21.1-20240808.144430-srg.jar%23444!/:?]
	at TRANSFORMER/minecraft@1.21.1/net.minecraft.server.packs.resources.SimplePreparableReloadListener.lambda$reload$1(SimplePreparableReloadListener.java:19) ~[server-1.21.1-20240808.144430-srg.jar%23444!/:?]
	at java.base/java.util.concurrent.CompletableFuture$UniAccept.tryFire(CompletableFuture.java:718) ~[?:?]
	at java.base/java.util.concurrent.CompletableFuture$Completion.run(CompletableFuture.java:482) ~[?:?]
	at TRANSFORMER/minecraft@1.21.1/net.minecraft.server.packs.resources.SimpleReloadInstance.lambda$new$3(SimpleReloadInstance.java:69) ~[server-1.21.1-20240808.144430-srg.jar%23444!/:?]
	at TRANSFORMER/minecraft@1.21.1/net.minecraft.Util.blockUntilDone(Util.java:872) ~[server-1.21.1-20240808.144430-srg.jar%23444!/:?]
	at TRANSFORMER/minecraft@1.21.1/net.minecraft.Util.blockUntilDone(Util.java:861) ~[server-1.21.1-20240808.144430-srg.jar%23444!/:?]
	at TRANSFORMER/minecraft@1.21.1/net.minecraft.server.Main.main(Main.java:204) ~[server-1.21.1-20240808.144430-srg.jar%23444!/:?]
	at java.base/jdk.internal.reflect.DirectMethodHandleAccessor.invoke(DirectMethodHandleAccessor.java:103) ~[?:?]
	at java.base/java.lang.reflect.Method.invoke(Method.java:580) ~[?:?]
	at MC-BOOTSTRAP/fml_loader@4.0.42/net.neoforged.fml.loading.targets.CommonLaunchHandler.runTarget(CommonLaunchHandler.java:136) ~[loader-4.0.42.jar%2359!/:4.0]
	at MC-BOOTSTRAP/fml_loader@4.0.42/net.neoforged.fml.loading.targets.CommonLaunchHandler.serverService(CommonLaunchHandler.java:128) ~[loader-4.0.42.jar%2359!/:4.0]
	at MC-BOOTSTRAP/fml_loader@4.0.42/net.neoforged.fml.loading.targets.CommonServerLaunchHandler.runService(CommonServerLaunchHandler.java:32) ~[loader-4.0.42.jar%2359!/:4.0]
	at MC-BOOTSTRAP/fml_loader@4.0.42/net.neoforged.fml.loading.targets.CommonLaunchHandler.lambda$launchService$4(CommonLaunchHandler.java:118) ~[loader-4.0.42.jar%2359!/:4.0]
	at MC-BOOTSTRAP/cpw.mods.modlauncher@11.0.5/cpw.mods.modlauncher.LaunchServiceHandlerDecorator.launch(LaunchServiceHandlerDecorator.java:30) [modlauncher-11.0.5.jar%2364!/:?]
	at MC-BOOTSTRAP/cpw.mods.modlauncher@11.0.5/cpw.mods.modlauncher.LaunchServiceHandler.launch(LaunchServiceHandler.java:53) [modlauncher-11.0.5.jar%2364!/:?]
	at MC-BOOTSTRAP/cpw.mods.modlauncher@11.0.5/cpw.mods.modlauncher.LaunchServiceHandler.launch(LaunchServiceHandler.java:71) [modlauncher-11.0.5.jar%2364!/:?]
	at MC-BOOTSTRAP/cpw.mods.modlauncher@11.0.5/cpw.mods.modlauncher.Launcher.run(Launcher.java:103) [modlauncher-11.0.5.jar%2364!/:?]
	at MC-BOOTSTRAP/cpw.mods.modlauncher@11.0.5/cpw.mods.modlauncher.Launcher.main(Launcher.java:74) [modlauncher-11.0.5.jar%2364!/:?]
	at MC-BOOTSTRAP/cpw.mods.modlauncher@11.0.5/cpw.mods.modlauncher.BootstrapLaunchConsumer.accept(BootstrapLaunchConsumer.java:26) [modlauncher-11.0.5.jar%2364!/:?]
	at MC-BOOTSTRAP/cpw.mods.modlauncher@11.0.5/cpw.mods.modlauncher.BootstrapLaunchConsumer.accept(BootstrapLaunchConsumer.java:23) [modlauncher-11.0.5.jar%2364!/:?]
	at cpw.mods.bootstraplauncher@2.0.2/cpw.mods.bootstraplauncher.BootstrapLauncher.run(BootstrapLauncher.java:210) [bootstraplauncher-2.0.2.jar:?]
	at cpw.mods.bootstraplauncher@2.0.2/cpw.mods.bootstraplauncher.BootstrapLauncher.main(BootstrapLauncher.java:69) [bootstraplauncher-2.0.2.jar:?]
[04Apr2026 00:41:34.475] [main/ERROR] [net.minecraft.world.item.crafting.RecipeManager/]: Parsing error loading recipe create:crushing/sculk_stone_coal_ore
com.google.gson.JsonParseException: Failed to parse either. First: No key amount in MapLike[{"chance":0.125,"item":"deeperdarker:cobbled_sculk_stone"}]; No key id in MapLike[{"chance":0.125,"item":"deeperdarker:cobbled_sculk_stone"}]; Second: Failed to parse either. First: No key id in MapLike[{"chance":0.125,"item":"deeperdarker:cobbled_sculk_stone"}]; Second: Failed to parse either. First: Not a JSON object: "deeperdarker:cobbled_sculk_stone"; Second: Compat cannot be deserialized; Failed to parse either. First: No key amount in MapLike[{"item":"create:experience_nugget"}]; No key id in MapLike[{"item":"create:experience_nugget"}]; Second: Failed to parse either. First: No key id in MapLike[{"item":"create:experience_nugget"}]; Second: Failed to parse either. First: Not a JSON object: "create:experience_nugget"; Second: Compat cannot be deserialized; Failed to parse either. First: No key amount in MapLike[{"chance":0.75,"item":"minecraft:coal"}]; No key id in MapLike[{"chance":0.75,"item":"minecraft:coal"}]; Second: Failed to parse either. First: No key id in MapLike[{"chance":0.75,"item":"minecraft:coal"}]; Second: Failed to parse either. First: Not a JSON object: "minecraft:coal"; Second: Compat cannot be deserialized; Failed to parse either. First: No key amount in MapLike[{"item":"minecraft:coal","count":2}]; No key id in MapLike[{"item":"minecraft:coal","count":2}]; Second: Failed to parse either. First: No key id in MapLike[{"item":"minecraft:coal","count":2}]; Second: Failed to parse either. First: Not a JSON object: "minecraft:coal"; Second: Compat cannot be deserialized
	at MC-BOOTSTRAP/datafixerupper@8.0.16/com.mojang.serialization.DataResult$Error.getOrThrow(DataResult.java:287) ~[datafixerupper-8.0.16.jar%23100!/:?]
	at TRANSFORMER/minecraft@1.21.1/net.minecraft.world.item.crafting.RecipeManager.apply(RecipeManager.java:60) ~[server-1.21.1-20240808.144430-srg.jar%23444!/:?]
	at TRANSFORMER/minecraft@1.21.1/net.minecraft.world.item.crafting.RecipeManager.apply(RecipeManager.java:36) ~[server-1.21.1-20240808.144430-srg.jar%23444!/:?]
	at TRANSFORMER/minecraft@1.21.1/net.minecraft.server.packs.resources.SimplePreparableReloadListener.lambda$reload$1(SimplePreparableReloadListener.java:19) ~[server-1.21.1-20240808.144430-srg.jar%23444!/:?]
	at java.base/java.util.concurrent.CompletableFuture$UniAccept.tryFire(CompletableFuture.java:718) ~[?:?]
	at java.base/java.util.concurrent.CompletableFuture$Completion.run(CompletableFuture.java:482) ~[?:?]
	at TRANSFORMER/minecraft@1.21.1/net.minecraft.server.packs.resources.SimpleReloadInstance.lambda$new$3(SimpleReloadInstance.java:69) ~[server-1.21.1-20240808.144430-srg.jar%23444!/:?]
	at TRANSFORMER/minecraft@1.21.1/net.minecraft.Util.blockUntilDone(Util.java:872) ~[server-1.21.1-20240808.144430-srg.jar%23444!/:?]
	at TRANSFORMER/minecraft@1.21.1/net.minecraft.Util.blockUntilDone(Util.java:861) ~[server-1.21.1-20240808.144430-srg.jar%23444!/:?]
	at TRANSFORMER/minecraft@1.21.1/net.minecraft.server.Main.main(Main.java:204) ~[server-1.21.1-20240808.144430-srg.jar%23444!/:?]
	at java.base/jdk.internal.reflect.DirectMethodHandleAccessor.invoke(DirectMethodHandleAccessor.java:103) ~[?:?]
	at java.base/java.lang.reflect.Method.invoke(Method.java:580) ~[?:?]
	at MC-BOOTSTRAP/fml_loader@4.0.42/net.neoforged.fml.loading.targets.CommonLaunchHandler.runTarget(CommonLaunchHandler.java:136) ~[loader-4.0.42.jar%2359!/:4.0]
	at MC-BOOTSTRAP/fml_loader@4.0.42/net.neoforged.fml.loading.targets.CommonLaunchHandler.serverService(CommonLaunchHandler.java:128) ~[loader-4.0.42.jar%2359!/:4.0]
	at MC-BOOTSTRAP/fml_loader@4.0.42/net.neoforged.fml.loading.targets.CommonServerLaunchHandler.runService(CommonServerLaunchHandler.java:32) ~[loader-4.0.42.jar%2359!/:4.0]
	at MC-BOOTSTRAP/fml_loader@4.0.42/net.neoforged.fml.loading.targets.CommonLaunchHandler.lambda$launchService$4(CommonLaunchHandler.java:118) ~[loader-4.0.42.jar%2359!/:4.0]
	at MC-BOOTSTRAP/cpw.mods.modlauncher@11.0.5/cpw.mods.modlauncher.LaunchServiceHandlerDecorator.launch(LaunchServiceHandlerDecorator.java:30) [modlauncher-11.0.5.jar%2364!/:?]
	at MC-BOOTSTRAP/cpw.mods.modlauncher@11.0.5/cpw.mods.modlauncher.LaunchServiceHandler.launch(LaunchServiceHandler.java:53) [modlauncher-11.0.5.jar%2364!/:?]
	at MC-BOOTSTRAP/cpw.mods.modlauncher@11.0.5/cpw.mods.modlauncher.LaunchServiceHandler.launch(LaunchServiceHandler.java:71) [modlauncher-11.0.5.jar%2364!/:?]
	at MC-BOOTSTRAP/cpw.mods.modlauncher@11.0.5/cpw.mods.modlauncher.Launcher.run(Launcher.java:103) [modlauncher-11.0.5.jar%2364!/:?]
	at MC-BOOTSTRAP/cpw.mods.modlauncher@11.0.5/cpw.mods.modlauncher.Launcher.main(Launcher.java:74) [modlauncher-11.0.5.jar%2364!/:?]
	at MC-BOOTSTRAP/cpw.mods.modlauncher@11.0.5/cpw.mods.modlauncher.BootstrapLaunchConsumer.accept(BootstrapLaunchConsumer.java:26) [modlauncher-11.0.5.jar%2364!/:?]
	at MC-BOOTSTRAP/cpw.mods.modlauncher@11.0.5/cpw.mods.modlauncher.BootstrapLaunchConsumer.accept(BootstrapLaunchConsumer.java:23) [modlauncher-11.0.5.jar%2364!/:?]
	at cpw.mods.bootstraplauncher@2.0.2/cpw.mods.bootstraplauncher.BootstrapLauncher.run(BootstrapLauncher.java:210) [bootstraplauncher-2.0.2.jar:?]
	at cpw.mods.bootstraplauncher@2.0.2/cpw.mods.bootstraplauncher.BootstrapLauncher.main(BootstrapLauncher.java:69) [bootstraplauncher-2.0.2.jar:?]
[04Apr2026 00:41:34.488] [main/ERROR] [net.minecraft.world.item.crafting.RecipeManager/]: Parsing error loading recipe create:crushing/sculk_stone_emerald_ore
com.google.gson.JsonParseException: Failed to parse either. First: No key amount in MapLike[{"chance":0.125,"item":"deeperdarker:cobbled_sculk_stone"}]; No key id in MapLike[{"chance":0.125,"item":"deeperdarker:cobbled_sculk_stone"}]; Second: Failed to parse either. First: No key id in MapLike[{"chance":0.125,"item":"deeperdarker:cobbled_sculk_stone"}]; Second: Failed to parse either. First: Not a JSON object: "deeperdarker:cobbled_sculk_stone"; Second: Compat cannot be deserialized; Failed to parse either. First: No key amount in MapLike[{"item":"create:experience_nugget"}]; No key id in MapLike[{"item":"create:experience_nugget"}]; Second: Failed to parse either. First: No key id in MapLike[{"item":"create:experience_nugget"}]; Second: Failed to parse either. First: Not a JSON object: "create:experience_nugget"; Second: Compat cannot be deserialized; Failed to parse either. First: No key amount in MapLike[{"chance":0.25,"item":"minecraft:emerald"}]; No key id in MapLike[{"chance":0.25,"item":"minecraft:emerald"}]; Second: Failed to parse either. First: No key id in MapLike[{"chance":0.25,"item":"minecraft:emerald"}]; Second: Failed to parse either. First: Not a JSON object: "minecraft:emerald"; Second: Compat cannot be deserialized; Failed to parse either. First: No key amount in MapLike[{"count":3,"item":"minecraft:emerald"}]; No key id in MapLike[{"count":3,"item":"minecraft:emerald"}]; Second: Failed to parse either. First: No key id in MapLike[{"count":3,"item":"minecraft:emerald"}]; Second: Failed to parse either. First: Not a JSON object: "minecraft:emerald"; Second: Compat cannot be deserialized
	at MC-BOOTSTRAP/datafixerupper@8.0.16/com.mojang.serialization.DataResult$Error.getOrThrow(DataResult.java:287) ~[datafixerupper-8.0.16.jar%23100!/:?]
	at TRANSFORMER/minecraft@1.21.1/net.minecraft.world.item.crafting.RecipeManager.apply(RecipeManager.java:60) ~[server-1.21.1-20240808.144430-srg.jar%23444!/:?]
	at TRANSFORMER/minecraft@1.21.1/net.minecraft.world.item.crafting.RecipeManager.apply(RecipeManager.java:36) ~[server-1.21.1-20240808.144430-srg.jar%23444!/:?]
	at TRANSFORMER/minecraft@1.21.1/net.minecraft.server.packs.resources.SimplePreparableReloadListener.lambda$reload$1(SimplePreparableReloadListener.java:19) ~[server-1.21.1-20240808.144430-srg.jar%23444!/:?]
	at java.base/java.util.concurrent.CompletableFuture$UniAccept.tryFire(CompletableFuture.java:718) ~[?:?]
	at java.base/java.util.concurrent.CompletableFuture$Completion.run(CompletableFuture.java:482) ~[?:?]
	at TRANSFORMER/minecraft@1.21.1/net.minecraft.server.packs.resources.SimpleReloadInstance.lambda$new$3(SimpleReloadInstance.java:69) ~[server-1.21.1-20240808.144430-srg.jar%23444!/:?]
	at TRANSFORMER/minecraft@1.21.1/net.minecraft.Util.blockUntilDone(Util.java:872) ~[server-1.21.1-20240808.144430-srg.jar%23444!/:?]
	at TRANSFORMER/minecraft@1.21.1/net.minecraft.Util.blockUntilDone(Util.java:861) ~[server-1.21.1-20240808.144430-srg.jar%23444!/:?]
	at TRANSFORMER/minecraft@1.21.1/net.minecraft.server.Main.main(Main.java:204) ~[server-1.21.1-20240808.144430-srg.jar%23444!/:?]
	at java.base/jdk.internal.reflect.DirectMethodHandleAccessor.invoke(DirectMethodHandleAccessor.java:103) ~[?:?]
	at java.base/java.lang.reflect.Method.invoke(Method.java:580) ~[?:?]
	at MC-BOOTSTRAP/fml_loader@4.0.42/net.neoforged.fml.loading.targets.CommonLaunchHandler.runTarget(CommonLaunchHandler.java:136) ~[loader-4.0.42.jar%2359!/:4.0]
	at MC-BOOTSTRAP/fml_loader@4.0.42/net.neoforged.fml.loading.targets.CommonLaunchHandler.serverService(CommonLaunchHandler.java:128) ~[loader-4.0.42.jar%2359!/:4.0]
	at MC-BOOTSTRAP/fml_loader@4.0.42/net.neoforged.fml.loading.targets.CommonServerLaunchHandler.runService(CommonServerLaunchHandler.java:32) ~[loader-4.0.42.jar%2359!/:4.0]
	at MC-BOOTSTRAP/fml_loader@4.0.42/net.neoforged.fml.loading.targets.CommonLaunchHandler.lambda$launchService$4(CommonLaunchHandler.java:118) ~[loader-4.0.42.jar%2359!/:4.0]
	at MC-BOOTSTRAP/cpw.mods.modlauncher@11.0.5/cpw.mods.modlauncher.LaunchServiceHandlerDecorator.launch(LaunchServiceHandlerDecorator.java:30) [modlauncher-11.0.5.jar%2364!/:?]
	at MC-BOOTSTRAP/cpw.mods.modlauncher@11.0.5/cpw.mods.modlauncher.LaunchServiceHandler.launch(LaunchServiceHandler.java:53) [modlauncher-11.0.5.jar%2364!/:?]
	at MC-BOOTSTRAP/cpw.mods.modlauncher@11.0.5/cpw.mods.modlauncher.LaunchServiceHandler.launch(LaunchServiceHandler.java:71) [modlauncher-11.0.5.jar%2364!/:?]
	at MC-BOOTSTRAP/cpw.mods.modlauncher@11.0.5/cpw.mods.modlauncher.Launcher.run(Launcher.java:103) [modlauncher-11.0.5.jar%2364!/:?]
	at MC-BOOTSTRAP/cpw.mods.modlauncher@11.0.5/cpw.mods.modlauncher.Launcher.main(Launcher.java:74) [modlauncher-11.0.5.jar%2364!/:?]
	at MC-BOOTSTRAP/cpw.mods.modlauncher@11.0.5/cpw.mods.modlauncher.BootstrapLaunchConsumer.accept(BootstrapLaunchConsumer.java:26) [modlauncher-11.0.5.jar%2364!/:?]
	at MC-BOOTSTRAP/cpw.mods.modlauncher@11.0.5/cpw.mods.modlauncher.BootstrapLaunchConsumer.accept(BootstrapLaunchConsumer.java:23) [modlauncher-11.0.5.jar%2364!/:?]
	at cpw.mods.bootstraplauncher@2.0.2/cpw.mods.bootstraplauncher.BootstrapLauncher.run(BootstrapLauncher.java:210) [bootstraplauncher-2.0.2.jar:?]
	at cpw.mods.bootstraplauncher@2.0.2/cpw.mods.bootstraplauncher.BootstrapLauncher.main(BootstrapLauncher.java:69) [bootstraplauncher-2.0.2.jar:?]
[04Apr2026 00:41:34.489] [main/ERROR] [net.minecraft.world.item.crafting.RecipeManager/]: Parsing error loading recipe cataclysm_spellbooks:engineer_boots
com.google.gson.JsonParseException: Map entry 'r' : Failed to parse either. First: Not a json array: {"item":"cataclysm_spellbooks:technomancy_rune"}; Second: No key tag in MapLike[{"item":"cataclysm_spellbooks:technomancy_rune"}]; Unknown registry key in ResourceKey[minecraft:root / minecraft:item]: cataclysm_spellbooks:technomancy_rune
	at MC-BOOTSTRAP/datafixerupper@8.0.16/com.mojang.serialization.DataResult$Error.getOrThrow(DataResult.java:287) ~[datafixerupper-8.0.16.jar%23100!/:?]
	at TRANSFORMER/minecraft@1.21.1/net.minecraft.world.item.crafting.RecipeManager.apply(RecipeManager.java:60) ~[server-1.21.1-20240808.144430-srg.jar%23444!/:?]
	at TRANSFORMER/minecraft@1.21.1/net.minecraft.world.item.crafting.RecipeManager.apply(RecipeManager.java:36) ~[server-1.21.1-20240808.144430-srg.jar%23444!/:?]
	at TRANSFORMER/minecraft@1.21.1/net.minecraft.server.packs.resources.SimplePreparableReloadListener.lambda$reload$1(SimplePreparableReloadListener.java:19) ~[server-1.21.1-20240808.144430-srg.jar%23444!/:?]
	at java.base/java.util.concurrent.CompletableFuture$UniAccept.tryFire(CompletableFuture.java:718) ~[?:?]
	at java.base/java.util.concurrent.CompletableFuture$Completion.run(CompletableFuture.java:482) ~[?:?]
	at TRANSFORMER/minecraft@1.21.1/net.minecraft.server.packs.resources.SimpleReloadInstance.lambda$new$3(SimpleReloadInstance.java:69) ~[server-1.21.1-20240808.144430-srg.jar%23444!/:?]
	at TRANSFORMER/minecraft@1.21.1/net.minecraft.Util.blockUntilDone(Util.java:872) ~[server-1.21.1-20240808.144430-srg.jar%23444!/:?]
	at TRANSFORMER/minecraft@1.21.1/net.minecraft.Util.blockUntilDone(Util.java:861) ~[server-1.21.1-20240808.144430-srg.jar%23444!/:?]
	at TRANSFORMER/minecraft@1.21.1/net.minecraft.server.Main.main(Main.java:204) ~[server-1.21.1-20240808.144430-srg.jar%23444!/:?]
	at java.base/jdk.internal.reflect.DirectMethodHandleAccessor.invoke(DirectMethodHandleAccessor.java:103) ~[?:?]
	at java.base/java.lang.reflect.Method.invoke(Method.java:580) ~[?:?]
	at MC-BOOTSTRAP/fml_loader@4.0.42/net.neoforged.fml.loading.targets.CommonLaunchHandler.runTarget(CommonLaunchHandler.java:136) ~[loader-4.0.42.jar%2359!/:4.0]
	at MC-BOOTSTRAP/fml_loader@4.0.42/net.neoforged.fml.loading.targets.CommonLaunchHandler.serverService(CommonLaunchHandler.java:128) ~[loader-4.0.42.jar%2359!/:4.0]
	at MC-BOOTSTRAP/fml_loader@4.0.42/net.neoforged.fml.loading.targets.CommonServerLaunchHandler.runService(CommonServerLaunchHandler.java:32) ~[loader-4.0.42.jar%2359!/:4.0]
	at MC-BOOTSTRAP/fml_loader@4.0.42/net.neoforged.fml.loading.targets.CommonLaunchHandler.lambda$launchService$4(CommonLaunchHandler.java:118) ~[loader-4.0.42.jar%2359!/:4.0]
	at MC-BOOTSTRAP/cpw.mods.modlauncher@11.0.5/cpw.mods.modlauncher.LaunchServiceHandlerDecorator.launch(LaunchServiceHandlerDecorator.java:30) [modlauncher-11.0.5.jar%2364!/:?]
	at MC-BOOTSTRAP/cpw.mods.modlauncher@11.0.5/cpw.mods.modlauncher.LaunchServiceHandler.launch(LaunchServiceHandler.java:53) [modlauncher-11.0.5.jar%2364!/:?]
	at MC-BOOTSTRAP/cpw.mods.modlauncher@11.0.5/cpw.mods.modlauncher.LaunchServiceHandler.launch(LaunchServiceHandler.java:71) [modlauncher-11.0.5.jar%2364!/:?]
	at MC-BOOTSTRAP/cpw.mods.modlauncher@11.0.5/cpw.mods.modlauncher.Launcher.run(Launcher.java:103) [modlauncher-11.0.5.jar%2364!/:?]
	at MC-BOOTSTRAP/cpw.mods.modlauncher@11.0.5/cpw.mods.modlauncher.Launcher.main(Launcher.java:74) [modlauncher-11.0.5.jar%2364!/:?]
	at MC-BOOTSTRAP/cpw.mods.modlauncher@11.0.5/cpw.mods.modlauncher.BootstrapLaunchConsumer.accept(BootstrapLaunchConsumer.java:26) [modlauncher-11.0.5.jar%2364!/:?]
	at MC-BOOTSTRAP/cpw.mods.modlauncher@11.0.5/cpw.mods.modlauncher.BootstrapLaunchConsumer.accept(BootstrapLaunchConsumer.java:23) [modlauncher-11.0.5.jar%2364!/:?]
	at cpw.mods.bootstraplauncher@2.0.2/cpw.mods.bootstraplauncher.BootstrapLauncher.run(BootstrapLauncher.java:210) [bootstraplauncher-2.0.2.jar:?]
	at cpw.mods.bootstraplauncher@2.0.2/cpw.mods.bootstraplauncher.BootstrapLauncher.main(BootstrapLauncher.java:69) [bootstraplauncher-2.0.2.jar:?]
[04Apr2026 00:41:34.492] [main/ERROR] [net.minecraft.world.item.crafting.RecipeManager/]: Parsing error loading recipe create:crushing/compat/biomeswevegone/cryptic_redstone_ore
com.google.gson.JsonParseException: Failed to parse either. First: Failed to parse either. First: No key tag in MapLike[{"item":"biomeswevegone:cryptic_redstone_ore"}]; No key fluid in MapLike[{"item":"biomeswevegone:cryptic_redstone_ore"}]; Fluid ingredient cannot be empty, at least one item must be defined; No key children in MapLike[{"type":"neoforge:compound","ingredients":[{"item":"biomeswevegone:cryptic_redstone_ore"}]}]; Second: Failed to parse either. First: No key amount in MapLike[{"type":"neoforge:compound","ingredients":[{"item":"biomeswevegone:cryptic_redstone_ore"}]}]; No key fluid in MapLike[{"type":"neoforge:compound","ingredients":[{"item":"biomeswevegone:cryptic_redstone_ore"}]}]; Invalid Type: neoforge:compound; Second: No key amount in MapLike[{"type":"neoforge:compound","ingredients":[{"item":"biomeswevegone:cryptic_redstone_ore"}]}]; No key fluid_tag in MapLike[{"type":"neoforge:compound","ingredients":[{"item":"biomeswevegone:cryptic_redstone_ore"}]}]; Invalid Type: neoforge:compound; Second: Failed to parse either. First: Not a json array: {"type":"neoforge:compound","ingredients":[{"item":"biomeswevegone:cryptic_redstone_ore"}]}; Second: No key tag in MapLike[{"item":"biomeswevegone:cryptic_redstone_ore"}]; Unknown registry key in ResourceKey[minecraft:root / minecraft:item]: biomeswevegone:cryptic_redstone_ore; Item array cannot be empty, at least one item must be defined; No key children in MapLike[{"type":"neoforge:compound","ingredients":[{"item":"biomeswevegone:cryptic_redstone_ore"}]}]
	at MC-BOOTSTRAP/datafixerupper@8.0.16/com.mojang.serialization.DataResult$Error.getOrThrow(DataResult.java:287) ~[datafixerupper-8.0.16.jar%23100!/:?]
	at TRANSFORMER/minecraft@1.21.1/net.minecraft.world.item.crafting.RecipeManager.apply(RecipeManager.java:60) ~[server-1.21.1-20240808.144430-srg.jar%23444!/:?]
	at TRANSFORMER/minecraft@1.21.1/net.minecraft.world.item.crafting.RecipeManager.apply(RecipeManager.java:36) ~[server-1.21.1-20240808.144430-srg.jar%23444!/:?]
	at TRANSFORMER/minecraft@1.21.1/net.minecraft.server.packs.resources.SimplePreparableReloadListener.lambda$reload$1(SimplePreparableReloadListener.java:19) ~[server-1.21.1-20240808.144430-srg.jar%23444!/:?]
	at java.base/java.util.concurrent.CompletableFuture$UniAccept.tryFire(CompletableFuture.java:718) ~[?:?]
	at java.base/java.util.concurrent.CompletableFuture$Completion.run(CompletableFuture.java:482) ~[?:?]
	at TRANSFORMER/minecraft@1.21.1/net.minecraft.server.packs.resources.SimpleReloadInstance.lambda$new$3(SimpleReloadInstance.java:69) ~[server-1.21.1-20240808.144430-srg.jar%23444!/:?]
	at TRANSFORMER/minecraft@1.21.1/net.minecraft.Util.blockUntilDone(Util.java:872) ~[server-1.21.1-20240808.144430-srg.jar%23444!/:?]
	at TRANSFORMER/minecraft@1.21.1/net.minecraft.Util.blockUntilDone(Util.java:861) ~[server-1.21.1-20240808.144430-srg.jar%23444!/:?]
	at TRANSFORMER/minecraft@1.21.1/net.minecraft.server.Main.main(Main.java:204) ~[server-1.21.1-20240808.144430-srg.jar%23444!/:?]
	at java.base/jdk.internal.reflect.DirectMethodHandleAccessor.invoke(DirectMethodHandleAccessor.java:103) ~[?:?]
	at java.base/java.lang.reflect.Method.invoke(Method.java:580) ~[?:?]
	at MC-BOOTSTRAP/fml_loader@4.0.42/net.neoforged.fml.loading.targets.CommonLaunchHandler.runTarget(CommonLaunchHandler.java:136) ~[loader-4.0.42.jar%2359!/:4.0]
	at MC-BOOTSTRAP/fml_loader@4.0.42/net.neoforged.fml.loading.targets.CommonLaunchHandler.serverService(CommonLaunchHandler.java:128) ~[loader-4.0.42.jar%2359!/:4.0]
	at MC-BOOTSTRAP/fml_loader@4.0.42/net.neoforged.fml.loading.targets.CommonServerLaunchHandler.runService(CommonServerLaunchHandler.java:32) ~[loader-4.0.42.jar%2359!/:4.0]
	at MC-BOOTSTRAP/fml_loader@4.0.42/net.neoforged.fml.loading.targets.CommonLaunchHandler.lambda$launchService$4(CommonLaunchHandler.java:118) ~[loader-4.0.42.jar%2359!/:4.0]
	at MC-BOOTSTRAP/cpw.mods.modlauncher@11.0.5/cpw.mods.modlauncher.LaunchServiceHandlerDecorator.launch(LaunchServiceHandlerDecorator.java:30) [modlauncher-11.0.5.jar%2364!/:?]
	at MC-BOOTSTRAP/cpw.mods.modlauncher@11.0.5/cpw.mods.modlauncher.LaunchServiceHandler.launch(LaunchServiceHandler.java:53) [modlauncher-11.0.5.jar%2364!/:?]
	at MC-BOOTSTRAP/cpw.mods.modlauncher@11.0.5/cpw.mods.modlauncher.LaunchServiceHandler.launch(LaunchServiceHandler.java:71) [modlauncher-11.0.5.jar%2364!/:?]
	at MC-BOOTSTRAP/cpw.mods.modlauncher@11.0.5/cpw.mods.modlauncher.Launcher.run(Launcher.java:103) [modlauncher-11.0.5.jar%2364!/:?]
	at MC-BOOTSTRAP/cpw.mods.modlauncher@11.0.5/cpw.mods.modlauncher.Launcher.main(Launcher.java:74) [modlauncher-11.0.5.jar%2364!/:?]
	at MC-BOOTSTRAP/cpw.mods.modlauncher@11.0.5/cpw.mods.modlauncher.BootstrapLaunchConsumer.accept(BootstrapLaunchConsumer.java:26) [modlauncher-11.0.5.jar%2364!/:?]
	at MC-BOOTSTRAP/cpw.mods.modlauncher@11.0.5/cpw.mods.modlauncher.BootstrapLaunchConsumer.accept(BootstrapLaunchConsumer.java:23) [modlauncher-11.0.5.jar%2364!/:?]
	at cpw.mods.bootstraplauncher@2.0.2/cpw.mods.bootstraplauncher.BootstrapLauncher.run(BootstrapLauncher.java:210) [bootstraplauncher-2.0.2.jar:?]
	at cpw.mods.bootstraplauncher@2.0.2/cpw.mods.bootstraplauncher.BootstrapLauncher.main(BootstrapLauncher.java:69) [bootstraplauncher-2.0.2.jar:?]
[04Apr2026 00:41:34.493] [main/ERROR] [net.minecraft.world.item.crafting.RecipeManager/]: Parsing error loading recipe create:cutting/stripped_echo_log
com.google.gson.JsonParseException: Failed to parse either. First: No key amount in MapLike[{"count":6,"item":"deeperdarker:echo_planks"}]; No key id in MapLike[{"count":6,"item":"deeperdarker:echo_planks"}]; Second: Failed to parse either. First: No key id in MapLike[{"count":6,"item":"deeperdarker:echo_planks"}]; Second: Failed to parse either. First: Not a JSON object: "deeperdarker:echo_planks"; Second: Compat cannot be deserialized
	at MC-BOOTSTRAP/datafixerupper@8.0.16/com.mojang.serialization.DataResult$Error.getOrThrow(DataResult.java:287) ~[datafixerupper-8.0.16.jar%23100!/:?]
	at TRANSFORMER/minecraft@1.21.1/net.minecraft.world.item.crafting.RecipeManager.apply(RecipeManager.java:60) ~[server-1.21.1-20240808.144430-srg.jar%23444!/:?]
	at TRANSFORMER/minecraft@1.21.1/net.minecraft.world.item.crafting.RecipeManager.apply(RecipeManager.java:36) ~[server-1.21.1-20240808.144430-srg.jar%23444!/:?]
	at TRANSFORMER/minecraft@1.21.1/net.minecraft.server.packs.resources.SimplePreparableReloadListener.lambda$reload$1(SimplePreparableReloadListener.java:19) ~[server-1.21.1-20240808.144430-srg.jar%23444!/:?]
	at java.base/java.util.concurrent.CompletableFuture$UniAccept.tryFire(CompletableFuture.java:718) ~[?:?]
	at java.base/java.util.concurrent.CompletableFuture$Completion.run(CompletableFuture.java:482) ~[?:?]
	at TRANSFORMER/minecraft@1.21.1/net.minecraft.server.packs.resources.SimpleReloadInstance.lambda$new$3(SimpleReloadInstance.java:69) ~[server-1.21.1-20240808.144430-srg.jar%23444!/:?]
	at TRANSFORMER/minecraft@1.21.1/net.minecraft.Util.blockUntilDone(Util.java:872) ~[server-1.21.1-20240808.144430-srg.jar%23444!/:?]
	at TRANSFORMER/minecraft@1.21.1/net.minecraft.Util.blockUntilDone(Util.java:861) ~[server-1.21.1-20240808.144430-srg.jar%23444!/:?]
	at TRANSFORMER/minecraft@1.21.1/net.minecraft.server.Main.main(Main.java:204) ~[server-1.21.1-20240808.144430-srg.jar%23444!/:?]
	at java.base/jdk.internal.reflect.DirectMethodHandleAccessor.invoke(DirectMethodHandleAccessor.java:103) ~[?:?]
	at java.base/java.lang.reflect.Method.invoke(Method.java:580) ~[?:?]
	at MC-BOOTSTRAP/fml_loader@4.0.42/net.neoforged.fml.loading.targets.CommonLaunchHandler.runTarget(CommonLaunchHandler.java:136) ~[loader-4.0.42.jar%2359!/:4.0]
	at MC-BOOTSTRAP/fml_loader@4.0.42/net.neoforged.fml.loading.targets.CommonLaunchHandler.serverService(CommonLaunchHandler.java:128) ~[loader-4.0.42.jar%2359!/:4.0]
	at MC-BOOTSTRAP/fml_loader@4.0.42/net.neoforged.fml.loading.targets.CommonServerLaunchHandler.runService(CommonServerLaunchHandler.java:32) ~[loader-4.0.42.jar%2359!/:4.0]
	at MC-BOOTSTRAP/fml_loader@4.0.42/net.neoforged.fml.loading.targets.CommonLaunchHandler.lambda$launchService$4(CommonLaunchHandler.java:118) ~[loader-4.0.42.jar%2359!/:4.0]
	at MC-BOOTSTRAP/cpw.mods.modlauncher@11.0.5/cpw.mods.modlauncher.LaunchServiceHandlerDecorator.launch(LaunchServiceHandlerDecorator.java:30) [modlauncher-11.0.5.jar%2364!/:?]
	at MC-BOOTSTRAP/cpw.mods.modlauncher@11.0.5/cpw.mods.modlauncher.LaunchServiceHandler.launch(LaunchServiceHandler.java:53) [modlauncher-11.0.5.jar%2364!/:?]
	at MC-BOOTSTRAP/cpw.mods.modlauncher@11.0.5/cpw.mods.modlauncher.LaunchServiceHandler.launch(LaunchServiceHandler.java:71) [modlauncher-11.0.5.jar%2364!/:?]
	at MC-BOOTSTRAP/cpw.mods.modlauncher@11.0.5/cpw.mods.modlauncher.Launcher.run(Launcher.java:103) [modlauncher-11.0.5.jar%2364!/:?]
	at MC-BOOTSTRAP/cpw.mods.modlauncher@11.0.5/cpw.mods.modlauncher.Launcher.main(Launcher.java:74) [modlauncher-11.0.5.jar%2364!/:?]
	at MC-BOOTSTRAP/cpw.mods.modlauncher@11.0.5/cpw.mods.modlauncher.BootstrapLaunchConsumer.accept(BootstrapLaunchConsumer.java:26) [modlauncher-11.0.5.jar%2364!/:?]
	at MC-BOOTSTRAP/cpw.mods.modlauncher@11.0.5/cpw.mods.modlauncher.BootstrapLaunchConsumer.accept(BootstrapLaunchConsumer.java:23) [modlauncher-11.0.5.jar%2364!/:?]
	at cpw.mods.bootstraplauncher@2.0.2/cpw.mods.bootstraplauncher.BootstrapLauncher.run(BootstrapLauncher.java:210) [bootstraplauncher-2.0.2.jar:?]
	at cpw.mods.bootstraplauncher@2.0.2/cpw.mods.bootstraplauncher.BootstrapLauncher.main(BootstrapLauncher.java:69) [bootstraplauncher-2.0.2.jar:?]
[04Apr2026 00:41:34.495] [main/ERROR] [net.minecraft.world.item.crafting.RecipeManager/]: Parsing error loading recipe cataclysm_spellbooks:burning_manuscript
com.google.gson.JsonParseException: Unknown registry key in ResourceKey[minecraft:root / minecraft:item]: cataclysm_spellbooks:burning_manuscript; Map entry 'f' : Failed to parse either. First: Not a json array: {"item":"cataclysm_spellbooks:burning_knowledge_fragment"}; Second: No key tag in MapLike[{"item":"cataclysm_spellbooks:burning_knowledge_fragment"}]; Unknown registry key in ResourceKey[minecraft:root / minecraft:item]: cataclysm_spellbooks:burning_knowledge_fragment
	at MC-BOOTSTRAP/datafixerupper@8.0.16/com.mojang.serialization.DataResult$Error.getOrThrow(DataResult.java:287) ~[datafixerupper-8.0.16.jar%23100!/:?]
	at TRANSFORMER/minecraft@1.21.1/net.minecraft.world.item.crafting.RecipeManager.apply(RecipeManager.java:60) ~[server-1.21.1-20240808.144430-srg.jar%23444!/:?]
	at TRANSFORMER/minecraft@1.21.1/net.minecraft.world.item.crafting.RecipeManager.apply(RecipeManager.java:36) ~[server-1.21.1-20240808.144430-srg.jar%23444!/:?]
	at TRANSFORMER/minecraft@1.21.1/net.minecraft.server.packs.resources.SimplePreparableReloadListener.lambda$reload$1(SimplePreparableReloadListener.java:19) ~[server-1.21.1-20240808.144430-srg.jar%23444!/:?]
	at java.base/java.util.concurrent.CompletableFuture$UniAccept.tryFire(CompletableFuture.java:718) ~[?:?]
	at java.base/java.util.concurrent.CompletableFuture$Completion.run(CompletableFuture.java:482) ~[?:?]
	at TRANSFORMER/minecraft@1.21.1/net.minecraft.server.packs.resources.SimpleReloadInstance.lambda$new$3(SimpleReloadInstance.java:69) ~[server-1.21.1-20240808.144430-srg.jar%23444!/:?]
	at TRANSFORMER/minecraft@1.21.1/net.minecraft.Util.blockUntilDone(Util.java:872) ~[server-1.21.1-20240808.144430-srg.jar%23444!/:?]
	at TRANSFORMER/minecraft@1.21.1/net.minecraft.Util.blockUntilDone(Util.java:861) ~[server-1.21.1-20240808.144430-srg.jar%23444!/:?]
	at TRANSFORMER/minecraft@1.21.1/net.minecraft.server.Main.main(Main.java:204) ~[server-1.21.1-20240808.144430-srg.jar%23444!/:?]
	at java.base/jdk.internal.reflect.DirectMethodHandleAccessor.invoke(DirectMethodHandleAccessor.java:103) ~[?:?]
	at java.base/java.lang.reflect.Method.invoke(Method.java:580) ~[?:?]
	at MC-BOOTSTRAP/fml_loader@4.0.42/net.neoforged.fml.loading.targets.CommonLaunchHandler.runTarget(CommonLaunchHandler.java:136) ~[loader-4.0.42.jar%2359!/:4.0]
	at MC-BOOTSTRAP/fml_loader@4.0.42/net.neoforged.fml.loading.targets.CommonLaunchHandler.serverService(CommonLaunchHandler.java:128) ~[loader-4.0.42.jar%2359!/:4.0]
	at MC-BOOTSTRAP/fml_loader@4.0.42/net.neoforged.fml.loading.targets.CommonServerLaunchHandler.runService(CommonServerLaunchHandler.java:32) ~[loader-4.0.42.jar%2359!/:4.0]
	at MC-BOOTSTRAP/fml_loader@4.0.42/net.neoforged.fml.loading.targets.CommonLaunchHandler.lambda$launchService$4(CommonLaunchHandler.java:118) ~[loader-4.0.42.jar%2359!/:4.0]
	at MC-BOOTSTRAP/cpw.mods.modlauncher@11.0.5/cpw.mods.modlauncher.LaunchServiceHandlerDecorator.launch(LaunchServiceHandlerDecorator.java:30) [modlauncher-11.0.5.jar%2364!/:?]
	at MC-BOOTSTRAP/cpw.mods.modlauncher@11.0.5/cpw.mods.modlauncher.LaunchServiceHandler.launch(LaunchServiceHandler.java:53) [modlauncher-11.0.5.jar%2364!/:?]
	at MC-BOOTSTRAP/cpw.mods.modlauncher@11.0.5/cpw.mods.modlauncher.LaunchServiceHandler.launch(LaunchServiceHandler.java:71) [modlauncher-11.0.5.jar%2364!/:?]
	at MC-BOOTSTRAP/cpw.mods.modlauncher@11.0.5/cpw.mods.modlauncher.Launcher.run(Launcher.java:103) [modlauncher-11.0.5.jar%2364!/:?]
	at MC-BOOTSTRAP/cpw.mods.modlauncher@11.0.5/cpw.mods.modlauncher.Launcher.main(Launcher.java:74) [modlauncher-11.0.5.jar%2364!/:?]
	at MC-BOOTSTRAP/cpw.mods.modlauncher@11.0.5/cpw.mods.modlauncher.BootstrapLaunchConsumer.accept(BootstrapLaunchConsumer.java:26) [modlauncher-11.0.5.jar%2364!/:?]
	at MC-BOOTSTRAP/cpw.mods.modlauncher@11.0.5/cpw.mods.modlauncher.BootstrapLaunchConsumer.accept(BootstrapLaunchConsumer.java:23) [modlauncher-11.0.5.jar%2364!/:?]
	at cpw.mods.bootstraplauncher@2.0.2/cpw.mods.bootstraplauncher.BootstrapLauncher.run(BootstrapLauncher.java:210) [bootstraplauncher-2.0.2.jar:?]
	at cpw.mods.bootstraplauncher@2.0.2/cpw.mods.bootstraplauncher.BootstrapLauncher.main(BootstrapLauncher.java:69) [bootstraplauncher-2.0.2.jar:?]
[04Apr2026 00:41:34.498] [main/ERROR] [net.minecraft.world.item.crafting.RecipeManager/]: Parsing error loading recipe cataclysm_spellbooks:smithing/excelsius_resist_visors_upgrade
com.google.gson.JsonParseException: Failed to parse either. First: Not a json array: {"item":"cataclysm_spellbooks:excel_upgrade_resistence"}; Second: No key tag in MapLike[{"item":"cataclysm_spellbooks:excel_upgrade_resistence"}]; Unknown registry key in ResourceKey[minecraft:root / minecraft:item]: cataclysm_spellbooks:excel_upgrade_resistence
	at MC-BOOTSTRAP/datafixerupper@8.0.16/com.mojang.serialization.DataResult$Error.getOrThrow(DataResult.java:287) ~[datafixerupper-8.0.16.jar%23100!/:?]
	at TRANSFORMER/minecraft@1.21.1/net.minecraft.world.item.crafting.RecipeManager.apply(RecipeManager.java:60) ~[server-1.21.1-20240808.144430-srg.jar%23444!/:?]
	at TRANSFORMER/minecraft@1.21.1/net.minecraft.world.item.crafting.RecipeManager.apply(RecipeManager.java:36) ~[server-1.21.1-20240808.144430-srg.jar%23444!/:?]
	at TRANSFORMER/minecraft@1.21.1/net.minecraft.server.packs.resources.SimplePreparableReloadListener.lambda$reload$1(SimplePreparableReloadListener.java:19) ~[server-1.21.1-20240808.144430-srg.jar%23444!/:?]
	at java.base/java.util.concurrent.CompletableFuture$UniAccept.tryFire(CompletableFuture.java:718) ~[?:?]
	at java.base/java.util.concurrent.CompletableFuture$Completion.run(CompletableFuture.java:482) ~[?:?]
	at TRANSFORMER/minecraft@1.21.1/net.minecraft.server.packs.resources.SimpleReloadInstance.lambda$new$3(SimpleReloadInstance.java:69) ~[server-1.21.1-20240808.144430-srg.jar%23444!/:?]
	at TRANSFORMER/minecraft@1.21.1/net.minecraft.Util.blockUntilDone(Util.java:872) ~[server-1.21.1-20240808.144430-srg.jar%23444!/:?]
	at TRANSFORMER/minecraft@1.21.1/net.minecraft.Util.blockUntilDone(Util.java:861) ~[server-1.21.1-20240808.144430-srg.jar%23444!/:?]
	at TRANSFORMER/minecraft@1.21.1/net.minecraft.server.Main.main(Main.java:204) ~[server-1.21.1-20240808.144430-srg.jar%23444!/:?]
	at java.base/jdk.internal.reflect.DirectMethodHandleAccessor.invoke(DirectMethodHandleAccessor.java:103) ~[?:?]
	at java.base/java.lang.reflect.Method.invoke(Method.java:580) ~[?:?]
	at MC-BOOTSTRAP/fml_loader@4.0.42/net.neoforged.fml.loading.targets.CommonLaunchHandler.runTarget(CommonLaunchHandler.java:136) ~[loader-4.0.42.jar%2359!/:4.0]
	at MC-BOOTSTRAP/fml_loader@4.0.42/net.neoforged.fml.loading.targets.CommonLaunchHandler.serverService(CommonLaunchHandler.java:128) ~[loader-4.0.42.jar%2359!/:4.0]
	at MC-BOOTSTRAP/fml_loader@4.0.42/net.neoforged.fml.loading.targets.CommonServerLaunchHandler.runService(CommonServerLaunchHandler.java:32) ~[loader-4.0.42.jar%2359!/:4.0]
	at MC-BOOTSTRAP/fml_loader@4.0.42/net.neoforged.fml.loading.targets.CommonLaunchHandler.lambda$launchService$4(CommonLaunchHandler.java:118) ~[loader-4.0.42.jar%2359!/:4.0]
	at MC-BOOTSTRAP/cpw.mods.modlauncher@11.0.5/cpw.mods.modlauncher.LaunchServiceHandlerDecorator.launch(LaunchServiceHandlerDecorator.java:30) [modlauncher-11.0.5.jar%2364!/:?]
	at MC-BOOTSTRAP/cpw.mods.modlauncher@11.0.5/cpw.mods.modlauncher.LaunchServiceHandler.launch(LaunchServiceHandler.java:53) [modlauncher-11.0.5.jar%2364!/:?]
	at MC-BOOTSTRAP/cpw.mods.modlauncher@11.0.5/cpw.mods.modlauncher.LaunchServiceHandler.launch(LaunchServiceHandler.java:71) [modlauncher-11.0.5.jar%2364!/:?]
	at MC-BOOTSTRAP/cpw.mods.modlauncher@11.0.5/cpw.mods.modlauncher.Launcher.run(Launcher.java:103) [modlauncher-11.0.5.jar%2364!/:?]
	at MC-BOOTSTRAP/cpw.mods.modlauncher@11.0.5/cpw.mods.modlauncher.Launcher.main(Launcher.java:74) [modlauncher-11.0.5.jar%2364!/:?]
	at MC-BOOTSTRAP/cpw.mods.modlauncher@11.0.5/cpw.mods.modlauncher.BootstrapLaunchConsumer.accept(BootstrapLaunchConsumer.java:26) [modlauncher-11.0.5.jar%2364!/:?]
	at MC-BOOTSTRAP/cpw.mods.modlauncher@11.0.5/cpw.mods.modlauncher.BootstrapLaunchConsumer.accept(BootstrapLaunchConsumer.java:23) [modlauncher-11.0.5.jar%2364!/:?]
	at cpw.mods.bootstraplauncher@2.0.2/cpw.mods.bootstraplauncher.BootstrapLauncher.run(BootstrapLauncher.java:210) [bootstraplauncher-2.0.2.jar:?]
	at cpw.mods.bootstraplauncher@2.0.2/cpw.mods.bootstraplauncher.BootstrapLauncher.main(BootstrapLauncher.java:69) [bootstraplauncher-2.0.2.jar:?]
[04Apr2026 00:41:34.499] [main/ERROR] [net.minecraft.world.item.crafting.RecipeManager/]: Parsing error loading recipe create:milling/compat/biomeswevegone/lolipop_flower
com.google.gson.JsonParseException: Failed to parse either. First: Failed to parse either. First: No key tag in MapLike[{"item":"biomeswevegone:lolipop_flower"}]; No key fluid in MapLike[{"item":"biomeswevegone:lolipop_flower"}]; Fluid ingredient cannot be empty, at least one item must be defined; No key children in MapLike[{"type":"neoforge:compound","ingredients":[{"item":"biomeswevegone:lolipop_flower"}]}]; Second: Failed to parse either. First: No key amount in MapLike[{"type":"neoforge:compound","ingredients":[{"item":"biomeswevegone:lolipop_flower"}]}]; No key fluid in MapLike[{"type":"neoforge:compound","ingredients":[{"item":"biomeswevegone:lolipop_flower"}]}]; Invalid Type: neoforge:compound; Second: No key amount in MapLike[{"type":"neoforge:compound","ingredients":[{"item":"biomeswevegone:lolipop_flower"}]}]; No key fluid_tag in MapLike[{"type":"neoforge:compound","ingredients":[{"item":"biomeswevegone:lolipop_flower"}]}]; Invalid Type: neoforge:compound; Second: Failed to parse either. First: Not a json array: {"type":"neoforge:compound","ingredients":[{"item":"biomeswevegone:lolipop_flower"}]}; Second: No key tag in MapLike[{"item":"biomeswevegone:lolipop_flower"}]; Unknown registry key in ResourceKey[minecraft:root / minecraft:item]: biomeswevegone:lolipop_flower; Item array cannot be empty, at least one item must be defined; No key children in MapLike[{"type":"neoforge:compound","ingredients":[{"item":"biomeswevegone:lolipop_flower"}]}]
	at MC-BOOTSTRAP/datafixerupper@8.0.16/com.mojang.serialization.DataResult$Error.getOrThrow(DataResult.java:287) ~[datafixerupper-8.0.16.jar%23100!/:?]
	at TRANSFORMER/minecraft@1.21.1/net.minecraft.world.item.crafting.RecipeManager.apply(RecipeManager.java:60) ~[server-1.21.1-20240808.144430-srg.jar%23444!/:?]
	at TRANSFORMER/minecraft@1.21.1/net.minecraft.world.item.crafting.RecipeManager.apply(RecipeManager.java:36) ~[server-1.21.1-20240808.144430-srg.jar%23444!/:?]
	at TRANSFORMER/minecraft@1.21.1/net.minecraft.server.packs.resources.SimplePreparableReloadListener.lambda$reload$1(SimplePreparableReloadListener.java:19) ~[server-1.21.1-20240808.144430-srg.jar%23444!/:?]
	at java.base/java.util.concurrent.CompletableFuture$UniAccept.tryFire(CompletableFuture.java:718) ~[?:?]
	at java.base/java.util.concurrent.CompletableFuture$Completion.run(CompletableFuture.java:482) ~[?:?]
	at TRANSFORMER/minecraft@1.21.1/net.minecraft.server.packs.resources.SimpleReloadInstance.lambda$new$3(SimpleReloadInstance.java:69) ~[server-1.21.1-20240808.144430-srg.jar%23444!/:?]
	at TRANSFORMER/minecraft@1.21.1/net.minecraft.Util.blockUntilDone(Util.java:872) ~[server-1.21.1-20240808.144430-srg.jar%23444!/:?]
	at TRANSFORMER/minecraft@1.21.1/net.minecraft.Util.blockUntilDone(Util.java:861) ~[server-1.21.1-20240808.144430-srg.jar%23444!/:?]
	at TRANSFORMER/minecraft@1.21.1/net.minecraft.server.Main.main(Main.java:204) ~[server-1.21.1-20240808.144430-srg.jar%23444!/:?]
	at java.base/jdk.internal.reflect.DirectMethodHandleAccessor.invoke(DirectMethodHandleAccessor.java:103) ~[?:?]
	at java.base/java.lang.reflect.Method.invoke(Method.java:580) ~[?:?]
	at MC-BOOTSTRAP/fml_loader@4.0.42/net.neoforged.fml.loading.targets.CommonLaunchHandler.runTarget(CommonLaunchHandler.java:136) ~[loader-4.0.42.jar%2359!/:4.0]
	at MC-BOOTSTRAP/fml_loader@4.0.42/net.neoforged.fml.loading.targets.CommonLaunchHandler.serverService(CommonLaunchHandler.java:128) ~[loader-4.0.42.jar%2359!/:4.0]
	at MC-BOOTSTRAP/fml_loader@4.0.42/net.neoforged.fml.loading.targets.CommonServerLaunchHandler.runService(CommonServerLaunchHandler.java:32) ~[loader-4.0.42.jar%2359!/:4.0]
	at MC-BOOTSTRAP/fml_loader@4.0.42/net.neoforged.fml.loading.targets.CommonLaunchHandler.lambda$launchService$4(CommonLaunchHandler.java:118) ~[loader-4.0.42.jar%2359!/:4.0]
	at MC-BOOTSTRAP/cpw.mods.modlauncher@11.0.5/cpw.mods.modlauncher.LaunchServiceHandlerDecorator.launch(LaunchServiceHandlerDecorator.java:30) [modlauncher-11.0.5.jar%2364!/:?]
	at MC-BOOTSTRAP/cpw.mods.modlauncher@11.0.5/cpw.mods.modlauncher.LaunchServiceHandler.launch(LaunchServiceHandler.java:53) [modlauncher-11.0.5.jar%2364!/:?]
	at MC-BOOTSTRAP/cpw.mods.modlauncher@11.0.5/cpw.mods.modlauncher.LaunchServiceHandler.launch(LaunchServiceHandler.java:71) [modlauncher-11.0.5.jar%2364!/:?]
	at MC-BOOTSTRAP/cpw.mods.modlauncher@11.0.5/cpw.mods.modlauncher.Launcher.run(Launcher.java:103) [modlauncher-11.0.5.jar%2364!/:?]
	at MC-BOOTSTRAP/cpw.mods.modlauncher@11.0.5/cpw.mods.modlauncher.Launcher.main(Launcher.java:74) [modlauncher-11.0.5.jar%2364!/:?]
	at MC-BOOTSTRAP/cpw.mods.modlauncher@11.0.5/cpw.mods.modlauncher.BootstrapLaunchConsumer.accept(BootstrapLaunchConsumer.java:26) [modlauncher-11.0.5.jar%2364!/:?]
	at MC-BOOTSTRAP/cpw.mods.modlauncher@11.0.5/cpw.mods.modlauncher.BootstrapLaunchConsumer.accept(BootstrapLaunchConsumer.java:23) [modlauncher-11.0.5.jar%2364!/:?]
	at cpw.mods.bootstraplauncher@2.0.2/cpw.mods.bootstraplauncher.BootstrapLauncher.run(BootstrapLauncher.java:210) [bootstraplauncher-2.0.2.jar:?]
	at cpw.mods.bootstraplauncher@2.0.2/cpw.mods.bootstraplauncher.BootstrapLauncher.main(BootstrapLauncher.java:69) [bootstraplauncher-2.0.2.jar:?]
[04Apr2026 00:41:34.506] [main/ERROR] [net.minecraft.world.item.crafting.RecipeManager/]: Parsing error loading recipe cataclysm_spellbooks:the_ordeal_upgrade
com.google.gson.JsonParseException: Unknown registry key in ResourceKey[minecraft:root / minecraft:item]: cataclysm_spellbooks:gauntlet_of_power; Failed to parse either. First: Not a json array: {"item":"cataclysm_spellbooks:engineers_power_glove"}; Second: No key tag in MapLike[{"item":"cataclysm_spellbooks:engineers_power_glove"}]; Unknown registry key in ResourceKey[minecraft:root / minecraft:item]: cataclysm_spellbooks:engineers_power_glove
	at MC-BOOTSTRAP/datafixerupper@8.0.16/com.mojang.serialization.DataResult$Error.getOrThrow(DataResult.java:287) ~[datafixerupper-8.0.16.jar%23100!/:?]
	at TRANSFORMER/minecraft@1.21.1/net.minecraft.world.item.crafting.RecipeManager.apply(RecipeManager.java:60) ~[server-1.21.1-20240808.144430-srg.jar%23444!/:?]
	at TRANSFORMER/minecraft@1.21.1/net.minecraft.world.item.crafting.RecipeManager.apply(RecipeManager.java:36) ~[server-1.21.1-20240808.144430-srg.jar%23444!/:?]
	at TRANSFORMER/minecraft@1.21.1/net.minecraft.server.packs.resources.SimplePreparableReloadListener.lambda$reload$1(SimplePreparableReloadListener.java:19) ~[server-1.21.1-20240808.144430-srg.jar%23444!/:?]
	at java.base/java.util.concurrent.CompletableFuture$UniAccept.tryFire(CompletableFuture.java:718) ~[?:?]
	at java.base/java.util.concurrent.CompletableFuture$Completion.run(CompletableFuture.java:482) ~[?:?]
	at TRANSFORMER/minecraft@1.21.1/net.minecraft.server.packs.resources.SimpleReloadInstance.lambda$new$3(SimpleReloadInstance.java:69) ~[server-1.21.1-20240808.144430-srg.jar%23444!/:?]
	at TRANSFORMER/minecraft@1.21.1/net.minecraft.Util.blockUntilDone(Util.java:872) ~[server-1.21.1-20240808.144430-srg.jar%23444!/:?]
	at TRANSFORMER/minecraft@1.21.1/net.minecraft.Util.blockUntilDone(Util.java:861) ~[server-1.21.1-20240808.144430-srg.jar%23444!/:?]
	at TRANSFORMER/minecraft@1.21.1/net.minecraft.server.Main.main(Main.java:204) ~[server-1.21.1-20240808.144430-srg.jar%23444!/:?]
	at java.base/jdk.internal.reflect.DirectMethodHandleAccessor.invoke(DirectMethodHandleAccessor.java:103) ~[?:?]
	at java.base/java.lang.reflect.Method.invoke(Method.java:580) ~[?:?]
	at MC-BOOTSTRAP/fml_loader@4.0.42/net.neoforged.fml.loading.targets.CommonLaunchHandler.runTarget(CommonLaunchHandler.java:136) ~[loader-4.0.42.jar%2359!/:4.0]
	at MC-BOOTSTRAP/fml_loader@4.0.42/net.neoforged.fml.loading.targets.CommonLaunchHandler.serverService(CommonLaunchHandler.java:128) ~[loader-4.0.42.jar%2359!/:4.0]
	at MC-BOOTSTRAP/fml_loader@4.0.42/net.neoforged.fml.loading.targets.CommonServerLaunchHandler.runService(CommonServerLaunchHandler.java:32) ~[loader-4.0.42.jar%2359!/:4.0]
	at MC-BOOTSTRAP/fml_loader@4.0.42/net.neoforged.fml.loading.targets.CommonLaunchHandler.lambda$launchService$4(CommonLaunchHandler.java:118) ~[loader-4.0.42.jar%2359!/:4.0]
	at MC-BOOTSTRAP/cpw.mods.modlauncher@11.0.5/cpw.mods.modlauncher.LaunchServiceHandlerDecorator.launch(LaunchServiceHandlerDecorator.java:30) [modlauncher-11.0.5.jar%2364!/:?]
	at MC-BOOTSTRAP/cpw.mods.modlauncher@11.0.5/cpw.mods.modlauncher.LaunchServiceHandler.launch(LaunchServiceHandler.java:53) [modlauncher-11.0.5.jar%2364!/:?]
	at MC-BOOTSTRAP/cpw.mods.modlauncher@11.0.5/cpw.mods.modlauncher.LaunchServiceHandler.launch(LaunchServiceHandler.java:71) [modlauncher-11.0.5.jar%2364!/:?]
	at MC-BOOTSTRAP/cpw.mods.modlauncher@11.0.5/cpw.mods.modlauncher.Launcher.run(Launcher.java:103) [modlauncher-11.0.5.jar%2364!/:?]
	at MC-BOOTSTRAP/cpw.mods.modlauncher@11.0.5/cpw.mods.modlauncher.Launcher.main(Launcher.java:74) [modlauncher-11.0.5.jar%2364!/:?]
	at MC-BOOTSTRAP/cpw.mods.modlauncher@11.0.5/cpw.mods.modlauncher.BootstrapLaunchConsumer.accept(BootstrapLaunchConsumer.java:26) [modlauncher-11.0.5.jar%2364!/:?]
	at MC-BOOTSTRAP/cpw.mods.modlauncher@11.0.5/cpw.mods.modlauncher.BootstrapLaunchConsumer.accept(BootstrapLaunchConsumer.java:23) [modlauncher-11.0.5.jar%2364!/:?]
	at cpw.mods.bootstraplauncher@2.0.2/cpw.mods.bootstraplauncher.BootstrapLauncher.run(BootstrapLauncher.java:210) [bootstraplauncher-2.0.2.jar:?]
	at cpw.mods.bootstraplauncher@2.0.2/cpw.mods.bootstraplauncher.BootstrapLauncher.main(BootstrapLauncher.java:69) [bootstraplauncher-2.0.2.jar:?]
[04Apr2026 00:41:34.512] [main/ERROR] [net.minecraft.world.item.crafting.RecipeManager/]: Parsing error loading recipe create:crushing/sculk_stone_gold_ore
com.google.gson.JsonParseException: Failed to parse either. First: No key amount in MapLike[{"chance":0.125,"item":"deeperdarker:cobbled_sculk_stone"}]; No key id in MapLike[{"chance":0.125,"item":"deeperdarker:cobbled_sculk_stone"}]; Second: Failed to parse either. First: No key id in MapLike[{"chance":0.125,"item":"deeperdarker:cobbled_sculk_stone"}]; Second: Failed to parse either. First: Not a JSON object: "deeperdarker:cobbled_sculk_stone"; Second: Compat cannot be deserialized; Failed to parse either. First: No key amount in MapLike[{"count":2,"item":"create:experience_nugget"}]; No key id in MapLike[{"count":2,"item":"create:experience_nugget"}]; Second: Failed to parse either. First: No key id in MapLike[{"count":2,"item":"create:experience_nugget"}]; Second: Failed to parse either. First: Not a JSON object: "create:experience_nugget"; Second: Compat cannot be deserialized; Failed to parse either. First: No key amount in MapLike[{"chance":0.75,"item":"create:crushed_raw_gold"}]; No key id in MapLike[{"chance":0.75,"item":"create:crushed_raw_gold"}]; Second: Failed to parse either. First: No key id in MapLike[{"chance":0.75,"item":"create:crushed_raw_gold"}]; Second: Failed to parse either. First: Not a JSON object: "create:crushed_raw_gold"; Second: Compat cannot be deserialized; Failed to parse either. First: No key amount in MapLike[{"count":3,"item":"create:crushed_raw_gold"}]; No key id in MapLike[{"count":3,"item":"create:crushed_raw_gold"}]; Second: Failed to parse either. First: No key id in MapLike[{"count":3,"item":"create:crushed_raw_gold"}]; Second: Failed to parse either. First: Not a JSON object: "create:crushed_raw_gold"; Second: Compat cannot be deserialized
	at MC-BOOTSTRAP/datafixerupper@8.0.16/com.mojang.serialization.DataResult$Error.getOrThrow(DataResult.java:287) ~[datafixerupper-8.0.16.jar%23100!/:?]
	at TRANSFORMER/minecraft@1.21.1/net.minecraft.world.item.crafting.RecipeManager.apply(RecipeManager.java:60) ~[server-1.21.1-20240808.144430-srg.jar%23444!/:?]
	at TRANSFORMER/minecraft@1.21.1/net.minecraft.world.item.crafting.RecipeManager.apply(RecipeManager.java:36) ~[server-1.21.1-20240808.144430-srg.jar%23444!/:?]
	at TRANSFORMER/minecraft@1.21.1/net.minecraft.server.packs.resources.SimplePreparableReloadListener.lambda$reload$1(SimplePreparableReloadListener.java:19) ~[server-1.21.1-20240808.144430-srg.jar%23444!/:?]
	at java.base/java.util.concurrent.CompletableFuture$UniAccept.tryFire(CompletableFuture.java:718) ~[?:?]
	at java.base/java.util.concurrent.CompletableFuture$Completion.run(CompletableFuture.java:482) ~[?:?]
	at TRANSFORMER/minecraft@1.21.1/net.minecraft.server.packs.resources.SimpleReloadInstance.lambda$new$3(SimpleReloadInstance.java:69) ~[server-1.21.1-20240808.144430-srg.jar%23444!/:?]
	at TRANSFORMER/minecraft@1.21.1/net.minecraft.Util.blockUntilDone(Util.java:872) ~[server-1.21.1-20240808.144430-srg.jar%23444!/:?]
	at TRANSFORMER/minecraft@1.21.1/net.minecraft.Util.blockUntilDone(Util.java:861) ~[server-1.21.1-20240808.144430-srg.jar%23444!/:?]
	at TRANSFORMER/minecraft@1.21.1/net.minecraft.server.Main.main(Main.java:204) ~[server-1.21.1-20240808.144430-srg.jar%23444!/:?]
	at java.base/jdk.internal.reflect.DirectMethodHandleAccessor.invoke(DirectMethodHandleAccessor.java:103) ~[?:?]
	at java.base/java.lang.reflect.Method.invoke(Method.java:580) ~[?:?]
	at MC-BOOTSTRAP/fml_loader@4.0.42/net.neoforged.fml.loading.targets.CommonLaunchHandler.runTarget(CommonLaunchHandler.java:136) ~[loader-4.0.42.jar%2359!/:4.0]
	at MC-BOOTSTRAP/fml_loader@4.0.42/net.neoforged.fml.loading.targets.CommonLaunchHandler.serverService(CommonLaunchHandler.java:128) ~[loader-4.0.42.jar%2359!/:4.0]
	at MC-BOOTSTRAP/fml_loader@4.0.42/net.neoforged.fml.loading.targets.CommonServerLaunchHandler.runService(CommonServerLaunchHandler.java:32) ~[loader-4.0.42.jar%2359!/:4.0]
	at MC-BOOTSTRAP/fml_loader@4.0.42/net.neoforged.fml.loading.targets.CommonLaunchHandler.lambda$launchService$4(CommonLaunchHandler.java:118) ~[loader-4.0.42.jar%2359!/:4.0]
	at MC-BOOTSTRAP/cpw.mods.modlauncher@11.0.5/cpw.mods.modlauncher.LaunchServiceHandlerDecorator.launch(LaunchServiceHandlerDecorator.java:30) [modlauncher-11.0.5.jar%2364!/:?]
	at MC-BOOTSTRAP/cpw.mods.modlauncher@11.0.5/cpw.mods.modlauncher.LaunchServiceHandler.launch(LaunchServiceHandler.java:53) [modlauncher-11.0.5.jar%2364!/:?]
	at MC-BOOTSTRAP/cpw.mods.modlauncher@11.0.5/cpw.mods.modlauncher.LaunchServiceHandler.launch(LaunchServiceHandler.java:71) [modlauncher-11.0.5.jar%2364!/:?]
	at MC-BOOTSTRAP/cpw.mods.modlauncher@11.0.5/cpw.mods.modlauncher.Launcher.run(Launcher.java:103) [modlauncher-11.0.5.jar%2364!/:?]
	at MC-BOOTSTRAP/cpw.mods.modlauncher@11.0.5/cpw.mods.modlauncher.Launcher.main(Launcher.java:74) [modlauncher-11.0.5.jar%2364!/:?]
	at MC-BOOTSTRAP/cpw.mods.modlauncher@11.0.5/cpw.mods.modlauncher.BootstrapLaunchConsumer.accept(BootstrapLaunchConsumer.java:26) [modlauncher-11.0.5.jar%2364!/:?]
	at MC-BOOTSTRAP/cpw.mods.modlauncher@11.0.5/cpw.mods.modlauncher.BootstrapLaunchConsumer.accept(BootstrapLaunchConsumer.java:23) [modlauncher-11.0.5.jar%2364!/:?]
	at cpw.mods.bootstraplauncher@2.0.2/cpw.mods.bootstraplauncher.BootstrapLauncher.run(BootstrapLauncher.java:210) [bootstraplauncher-2.0.2.jar:?]
	at cpw.mods.bootstraplauncher@2.0.2/cpw.mods.bootstraplauncher.BootstrapLauncher.main(BootstrapLauncher.java:69) [bootstraplauncher-2.0.2.jar:?]
[04Apr2026 00:41:34.523] [main/INFO] [net.minecraft.world.item.crafting.RecipeManager/]: Loaded 41339 recipes
[04Apr2026 00:41:34.906] [NeoForge Version Check/INFO] [net.neoforged.fml.VersionChecker/]: [iceberg] Found status: UP_TO_DATE Current: 1.3.2 Target: null
[04Apr2026 00:41:34.906] [NeoForge Version Check/INFO] [net.neoforged.fml.VersionChecker/]: [appmek] Starting version check at https://api.modrinth.com/updates/applied-mekanistics/forge_updates.json
[04Apr2026 00:41:35.054] [NeoForge Version Check/INFO] [net.neoforged.fml.VersionChecker/]: [appmek] Found status: BETA Current: 1.6.3 Target: null
[04Apr2026 00:41:35.072] [main/ERROR] [net.minecraft.advancements.AdvancementTree/]: Couldn't load advancements: [minecraft:give_quest_trader_trade, minecraft:wander_add_map, dungeons_arise:find_thornborn_towers, dungeons_arise:find_fishing_hut]
[04Apr2026 00:41:35.072] [main/INFO] [net.minecraft.advancements.AdvancementTree/]: Loaded 23857 advancements
[04Apr2026 00:41:35.091] [main/WARN] [com.iafenvoy.jupiter.Jupiter/]: Cannot find suitable entry for key=fatalEpicFightRuntimeHandler, type=sleys.lazyutilities.core.utilities.logic.ExecutionStatement$ExecutionPolicy$1 in config=lazy_utilities:COMMON
[04Apr2026 00:41:35.105] [main/WARN] [com.iafenvoy.jupiter.Jupiter/]: Notice: Jupiter cannot resolve 30 empty List<Enum> since technical issue in Java, it is recommended to add a value in default value list.
[04Apr2026 00:41:35.105] [main/INFO] [com.iafenvoy.jupiter.Jupiter/]: Config spec loading complete, found 87 configs from 85 mods.
[04Apr2026 00:41:35.107] [main/INFO] [com.iafenvoy.jupiter.Jupiter/]: Cloth Config loading complete, found 4 configs from 4 mods.
[04Apr2026 00:41:35.107] [main/INFO] [com.iafenvoy.jupiter.Jupiter/]: Successfully reload 93 server config(s).
[04Apr2026 00:41:35.133] [main/INFO] [Curios API/]: Loaded 21 curio slots
[04Apr2026 00:41:35.136] [main/ERROR] [Curios API/]: example is not a registered slot type!
[04Apr2026 00:41:35.136] [main/ERROR] [Curios API/]: cape is not a registered slot type!
[04Apr2026 00:41:35.137] [main/INFO] [Curios API/]: Loaded 2 curio entities
[04Apr2026 00:41:35.139] [main/INFO] [com.enderio.enderio.foundation.souldata.SoulDataReloadListener/]: Data loader for eio_soul/spawner loaded 73 jsons
[04Apr2026 00:41:35.139] [main/INFO] [com.enderio.enderio.foundation.souldata.SoulDataReloadListener/]: Data loader for eio_soul/engine loaded 6 jsons
[04Apr2026 00:41:35.139] [main/INFO] [com.enderio.enderio.foundation.souldata.SoulDataReloadListener/]: Data loader for eio_soul/farm loaded 3 jsons
[04Apr2026 00:41:35.139] [main/INFO] [com.enderio.enderio.foundation.souldata.SoulDataReloadListener/]: Data loader for eio_soul/solar loaded 1 jsons
[04Apr2026 00:41:35.143] [main/ERROR] [net.blay09.mods.kleeslabs.KleeSlabs/]: Slab minecraft:pale_oak_slab could not be found.
[04Apr2026 00:41:35.143] [main/ERROR] [net.blay09.mods.kleeslabs.KleeSlabs/]: Slab minecraft:resin_brick_slab could not be found.
[04Apr2026 00:41:35.160] [main/INFO] [Dungeon Crawl/]: Loading data...
[04Apr2026 00:41:35.306] [main/INFO] [Dungeon Crawl/]: Done.
[04Apr2026 00:41:35.309] [main/INFO] [Moonlight/]: Failed to load custom color set definition {"id":"quark:rune","colors":{"default":"quark:blank_rune"},"replace":false}. Ignoring
[04Apr2026 00:41:35.310] [main/INFO] [Moonlight/]: Failed to load custom color set definition {"id":"suppsquared:sack","colors":{"default":"supplementaries:sack"},"replace":false}. Ignoring
[04Apr2026 00:41:35.310] [main/INFO] [Moonlight/]: Failed to load custom color set definition {"id":"quark:shard","colors":{"default":"quark:clear_shard"},"replace":false}. Ignoring
[04Apr2026 00:41:35.315] [main/INFO] [com.drmangotea.tfmg.TFMG/]: Added 8 Engine Fuel Types
[04Apr2026 00:41:35.324] [main/INFO] [hostilenetworks/]: Registered 61 data_models.
[04Apr2026 00:41:35.324] [main/INFO] [hostilenetworks/]: Registered 5 model_tiers.
[04Apr2026 00:41:35.331] [main/INFO] [placebo/]: Registered 43 gear_sets.
[04Apr2026 00:41:35.332] [main/INFO] [placebo/]: Registered 36 wanderer_trades.
[04Apr2026 00:41:35.335] [main/INFO] [placebo/]: Registered 37 brewing_mixes.
[04Apr2026 00:41:35.342] [main/INFO] [Apotheosis : Enchantment/]: Registered 25 enchanting_stats.
[04Apr2026 00:41:35.343] [main/INFO] [apotheosis/]: Registered 5 rarities.
[04Apr2026 00:41:35.348] [main/INFO] [apotheosis/]: Registered 1 rarity_override.
[04Apr2026 00:41:35.356] [main/INFO] [apotheosis/]: Registered 93 affixes.
[04Apr2026 00:41:35.356] [main/INFO] [apotheosis/]: Registered 0 extra_gem_bonuses.
[04Apr2026 00:41:35.359] [main/INFO] [apotheosis/]: Registered 23 gems.
[04Apr2026 00:41:35.362] [main/INFO] [apotheosis/]: Registered 95 affix_loot_entries.
[04Apr2026 00:41:35.367] [main/INFO] [apotheosis/]: Registered 31 apothic_invaders.
[04Apr2026 00:41:35.368] [main/INFO] [apotheosis/]: Registered 9 rogue_spawners.
[04Apr2026 00:41:35.369] [main/INFO] [apotheosis/]: Registered 4 apothic_elites.
[04Apr2026 00:41:35.369] [main/INFO] [apotheosis/]: Registered 1 purity_weights.
[04Apr2026 00:41:35.369] [main/INFO] [apotheosis/]: Registered 1 apothic_augments.
[04Apr2026 00:41:35.370] [main/INFO] [apotheosis/]: Registered 19 tier_augments.
[04Apr2026 00:41:35.477] [main/INFO] [rechiseled/]: Loaded 291 chiseling recipes
[04Apr2026 00:41:35.496] [main/WARN] [net.minecraft.core.MappedRegistry/]: Not all defined tags for registry ResourceKey[minecraft:root / minecraft:item] are present in data pack: runes:runes
[04Apr2026 00:41:35.520] [main/WARN] [net.minecraft.core.MappedRegistry/]: Not all defined tags for registry ResourceKey[minecraft:root / minecraft:block] are present in data pack: cataclysm:needs_black_steel_tool, cataclysm:needs_monstrosity_tool
[04Apr2026 00:41:35.535] [main/WARN] [net.minecraft.core.MappedRegistry/]: Not all defined tags for registry ResourceKey[minecraft:root / minecraft:enchantment] are present in data pack: forbidden_arcanus:modifier/soulbound_incompatible
[04Apr2026 00:41:59.069] [main/INFO] [Mystical Agriculture/]: Recipe ingredient caching done in 4 ms
[04Apr2026 00:41:59.075] [main/INFO] [Cucumber Library/]: Loaded cucumber-tags.json in 5 ms
[04Apr2026 00:41:59.150] [main/INFO] [com.possible_triangle.sliceanddice.SliceAndDice/]: Injecting recipes
[04Apr2026 00:41:59.253] [Server thread/INFO] [net.minecraft.server.dedicated.DedicatedServer/]: Starting minecraft server version 1.21.1
[04Apr2026 00:41:59.253] [Server thread/INFO] [net.minecraft.server.dedicated.DedicatedServer/]: Loading properties
[04Apr2026 00:41:59.253] [Server thread/INFO] [net.minecraft.server.dedicated.DedicatedServer/]: Default game type: SURVIVAL
[04Apr2026 00:41:59.253] [Server thread/INFO] [net.minecraft.server.MinecraftServer/]: Generating keypair
[04Apr2026 00:41:59.289] [Server thread/INFO] [net.minecraft.server.dedicated.DedicatedServer/]: Starting Minecraft server on *:25566
[04Apr2026 00:41:59.358] [Server thread/INFO] [net.minecraft.server.network.ServerConnectionListener/]: Using epoll channel type
[04Apr2026 00:41:59.386] [Server thread/INFO] [FluxNetworks/Energy]: Energy blacklist loaded: 0 block entries, 0 item entries
[04Apr2026 00:41:59.396] [Server thread/INFO] [journeymap/]: Loading JourneyMap Forge Configs
[04Apr2026 00:41:59.423] [Server thread/WARN] [net.neoforged.neoforge.server.ServerLifecycleHooks/]: Detected deeperdarker:angler_fish that was registered with WATER_CREATURE mob category but was added under MONSTER mob category for deeperdarker:blooming_caverns biome! Mobs should be added to biomes under the same mob category that the mob was registered as to prevent mob cap spawning issues.
[04Apr2026 00:41:59.423] [Server thread/WARN] [net.neoforged.neoforge.server.ServerLifecycleHooks/]: Detected alexsmobs:skreecher that was registered with CREATURE mob category but was added under MONSTER mob category for deeperdarker:blooming_caverns biome! Mobs should be added to biomes under the same mob category that the mob was registered as to prevent mob cap spawning issues.
[04Apr2026 00:41:59.440] [Server thread/WARN] [net.neoforged.neoforge.server.ServerLifecycleHooks/]: Detected alexsmobs:skreecher that was registered with CREATURE mob category but was added under MONSTER mob category for deeperdarker:deeplands biome! Mobs should be added to biomes under the same mob category that the mob was registered as to prevent mob cap spawning issues.
[04Apr2026 00:41:59.443] [Server thread/WARN] [net.neoforged.neoforge.server.ServerLifecycleHooks/]: Detected alexsmobs:skreecher that was registered with CREATURE mob category but was added under MONSTER mob category for deeperdarker:echoing_forest biome! Mobs should be added to biomes under the same mob category that the mob was registered as to prevent mob cap spawning issues.
[04Apr2026 00:41:59.523] [Server thread/INFO] [FTB Teams/]: loaded team data: 1 known players, 1 teams total
[04Apr2026 00:41:59.535] [Server thread/INFO] [DistantHorizons-DistantHorizons-com.seibel.distanthorizons.core.config.ConfigHandler/]: Initialising config for [DistantHorizons]
[04Apr2026 00:41:59.561] [Server thread/WARN] [DistantHorizons-DistantHorizons-com.seibel.distanthorizons.core.config.file.ConfigFileHandler/]: BlockBiomeWrapperPair [client.advanced.debugging.exampleConfigScreen.mapTest] had an invalid value when loading the config. Using default value.
[04Apr2026 00:41:59.567] [Server thread/INFO] [DistantHorizons-DistantHorizons-com.seibel.distanthorizons.core.config.ConfigHandler/]: [DistantHorizons] Config initialised
[04Apr2026 00:41:59.572] [Server thread/INFO] [DistantHorizons-DistantHorizons-com.seibel.distanthorizons.core.config.eventHandlers.IgnoredDimensionCsvHandler/]: Dimension ignoring disabled, DH will render all dimensions.
[04Apr2026 00:41:59.572] [Server thread/INFO] [com.seibel.distanthorizons.core.logging.DhLogger/]: Applying config to loggers
[04Apr2026 00:41:59.572] [Server thread/INFO] [DistantHorizons-DistantHorizons-loaderCommon.neoforge.com.seibel.distanthorizons.common.AbstractModInitializer/]: Running Delayed setup...
[04Apr2026 00:41:59.572] [Server thread/INFO] [DistantHorizons-DistantHorizons-loaderCommon.neoforge.com.seibel.distanthorizons.common.AbstractModInitializer/]: Delayed setup complete, firing DhApiAfterDhInitEvent event...
[04Apr2026 00:41:59.579] [Server thread/INFO] [DistantHorizons-DistantHorizons-com.seibel.distanthorizons.core.jar.updater.SelfUpdater/]: Checking for Distant Horizons update
[04Apr2026 00:41:59.826] [Server thread/INFO] [DistantHorizons-DistantHorizons-com.seibel.distanthorizons.core.jar.updater.SelfUpdater/]: Distant Horizons already up to date.
[04Apr2026 00:41:59.827] [Server thread/INFO] [DistantHorizons-DistantHorizons-loaderCommon.neoforge.com.seibel.distanthorizons.common.AbstractModInitializer/]: Distant Horizons server Initialized at 
[04Apr2026 00:41:59.872] [Server thread/INFO] [spark/]: Starting background profiler...
[04Apr2026 00:42:00.045] [Server thread/INFO] [Framework/]: Loading server configs...
[04Apr2026 00:42:00.121] [Server thread/INFO] [net.bettercombat.logic.WeaponRegistry/]: Encoded Weapon Attribute registry size (with package overhead): 13445 bytes (in 2 string chunks with the size of 10000)
[04Apr2026 00:42:00.145] [Server thread/INFO] [net.minecraft.server.LoggedPrintStream/]: [STDOUT]: Encoded SpellRegistry size (with package overhead): ??? bytes (in 4 string chunks with the size of 10000)
[04Apr2026 00:42:00.157] [Server thread/INFO] [DistantHorizons-DistantHorizons-com.seibel.distanthorizons.core.world.AbstractDhWorld/]: Started [DhServerWorld] of type [SERVER_ONLY].
[04Apr2026 00:42:00.719] [Server thread/INFO] [terrablender/]: Initialized TerraBlender biomes for level stem minecraft:overworld
[04Apr2026 00:42:00.720] [Server thread/INFO] [terrablender/]: Initialized TerraBlender biomes for level stem minecraft:the_nether
[04Apr2026 00:42:00.721] [Server thread/INFO] [citadel/]: [Citadel] SurfaceRuleInitializer: Starting initialization...
[04Apr2026 00:42:00.721] [Server thread/INFO] [citadel/]: [Citadel] OVERWORLD rules registered: false
[04Apr2026 00:42:00.722] [Server thread/INFO] [citadel/]: [Citadel] Processing dimension: stellaris:mercury_orbit
[04Apr2026 00:42:00.722] [Server thread/INFO] [citadel/]: [Citadel] Processing dimension: deeperdarker:otherside
[04Apr2026 00:42:00.722] [Server thread/INFO] [citadel/]: [Citadel] Processing dimension: crystal_chronicles:mockup_netherlike
[04Apr2026 00:42:00.722] [Server thread/INFO] [citadel/]: [Citadel] Processing dimension: stellaris:venus_orbit
[04Apr2026 00:42:00.722] [Server thread/INFO] [citadel/]: [Citadel] Processing dimension: twilightforest:twilight_forest
[04Apr2026 00:42:00.722] [Server thread/INFO] [citadel/]: [Citadel] Processing dimension: iceandfire:dread_land
[04Apr2026 00:42:00.722] [Server thread/INFO] [citadel/]: [Citadel] Processing dimension: stellaris:venus
[04Apr2026 00:42:00.722] [Server thread/INFO] [citadel/]: [Citadel] Processing dimension: minecraft:overworld
[04Apr2026 00:42:00.722] [Server thread/INFO] [citadel/]: [Citadel] Processing dimension: stellaris:mars_orbit
[04Apr2026 00:42:00.722] [Server thread/INFO] [citadel/]: [Citadel] Processing dimension: stellaris:mars
[04Apr2026 00:42:00.722] [Server thread/INFO] [citadel/]: [Citadel] Processing dimension: crystal_chronicles:mockup_blood
[04Apr2026 00:42:00.722] [Server thread/INFO] [citadel/]: [Citadel] Processing dimension: irons_spellbooks:pocket_dimension
[04Apr2026 00:42:00.722] [Server thread/INFO] [citadel/]: [Citadel] Processing dimension: stellaris:jupiter
[04Apr2026 00:42:00.722] [Server thread/INFO] [citadel/]: [Citadel] Processing dimension: crystal_chronicles:mockup_fire
[04Apr2026 00:42:00.723] [Server thread/INFO] [citadel/]: [Citadel] Processing dimension: crystal_chronicles:mockup_holy
[04Apr2026 00:42:00.723] [Server thread/INFO] [citadel/]: [Citadel] Processing dimension: stellaris:earth_orbit
[04Apr2026 00:42:00.723] [Server thread/INFO] [citadel/]: [Citadel] Processing dimension: stellaris:moon
[04Apr2026 00:42:00.723] [Server thread/INFO] [citadel/]: [Citadel] Processing dimension: minecraft:the_end
[04Apr2026 00:42:00.723] [Server thread/INFO] [citadel/]: [Citadel] Processing dimension: stellaris:mercury
[04Apr2026 00:42:00.723] [Server thread/INFO] [citadel/]: [Citadel] Processing dimension: minecraft:the_nether
[04Apr2026 00:42:00.723] [Server thread/INFO] [citadel/]: [Citadel] Processing dimension: compactmachines:compact_world
[04Apr2026 00:42:00.723] [Server thread/INFO] [citadel/]: [Citadel] SurfaceRuleInitializer: Initialization complete.
[04Apr2026 00:42:00.723] [Server thread/INFO] [net.minecraft.server.dedicated.DedicatedServer/]: Preparing level "world"
[04Apr2026 00:42:00.738] [Server thread/INFO] [CheckedThreadLocalRandom/]: Enforcing safe world random access
[04Apr2026 00:42:01.199] [Server thread/INFO] [TheSpeedyObjectFactory/]: Using TheSpeedyObjectFactory with Unsafe
[04Apr2026 00:42:01.375] [DH-Full Data Migration Thread[0]/INFO] [DistantHorizons-DistantHorizons-com.seibel.distanthorizons.core.file.fullDatafile.V2.DataMigratorV1/]: No migration necessary.
[04Apr2026 00:42:01.387] [Server thread/INFO] [DistantHorizons-DistantHorizons-com.seibel.distanthorizons.core.level.AbstractDhServerLevel/]: Started DhServerLevel for [Wrapped{ServerLevel[world]@minecraft:overworld}] at [[LocalSaveStructure@(./world/data)]].
[04Apr2026 00:42:01.480] [DH-Request Module Ticker [minecraft:overworld] Thread[0]/INFO] [DistantHorizons-LOD World Gen/]: C2ME detected: DH's pre-existing chunk accessing will use methods handled by C2ME.
[04Apr2026 00:42:01.480] [DH-Request Module Ticker [minecraft:overworld] Thread[0]/INFO] [DistantHorizons-DistantHorizons-com.seibel.distanthorizons.core.generation.BatchGenerator/]: Batch Chunk Generator initialized
[04Apr2026 00:42:01.484] [DH-Request Module Ticker [minecraft:overworld] Thread[0]/INFO] [DistantHorizons-DistantHorizons-com.seibel.distanthorizons.core.generation.WorldGenerationQueue/]: Creating world gen queue
[04Apr2026 00:42:01.484] [DH-Request Module Ticker [minecraft:overworld] Thread[0]/INFO] [DistantHorizons-DistantHorizons-com.seibel.distanthorizons.core.generation.WorldGenerationQueue/]: Created world gen queue
[04Apr2026 00:42:01.486] [DH-Request Module Ticker [minecraft:overworld] Thread[0]/INFO] [DistantHorizons-DistantHorizons-com.seibel.distanthorizons.core.file.fullDatafile.GeneratedFullDataSourceProvider/]: Set world gen queue for level [minecraft:overworld].
[04Apr2026 00:42:03.564] [DH-Full Data Migration Thread[0]/INFO] [DistantHorizons-DistantHorizons-com.seibel.distanthorizons.core.file.fullDatafile.V2.DataMigratorV1/]: No migration necessary.
[04Apr2026 00:42:03.576] [Server thread/INFO] [DistantHorizons-DistantHorizons-com.seibel.distanthorizons.core.level.AbstractDhServerLevel/]: Started DhServerLevel for [Wrapped{ServerLevel[world]@stellaris:mercury_orbit}] at [[LocalSaveStructure@(./world/dimensions/stellaris/mercury_orbit/data;./world/data)]].
[04Apr2026 00:42:03.584] [DH-Request Module Ticker [stellaris:mercury_orbit] Thread[0]/INFO] [DistantHorizons-LOD World Gen/]: C2ME detected: DH's pre-existing chunk accessing will use methods handled by C2ME.
[04Apr2026 00:42:03.587] [DH-Request Module Ticker [stellaris:mercury_orbit] Thread[0]/INFO] [DistantHorizons-DistantHorizons-com.seibel.distanthorizons.core.generation.BatchGenerator/]: Batch Chunk Generator initialized
[04Apr2026 00:42:03.587] [DH-Request Module Ticker [stellaris:mercury_orbit] Thread[0]/INFO] [DistantHorizons-DistantHorizons-com.seibel.distanthorizons.core.generation.WorldGenerationQueue/]: Creating world gen queue
[04Apr2026 00:42:03.588] [DH-Request Module Ticker [stellaris:mercury_orbit] Thread[0]/INFO] [DistantHorizons-DistantHorizons-com.seibel.distanthorizons.core.generation.WorldGenerationQueue/]: Created world gen queue
[04Apr2026 00:42:03.592] [DH-Request Module Ticker [stellaris:mercury_orbit] Thread[0]/INFO] [DistantHorizons-DistantHorizons-com.seibel.distanthorizons.core.file.fullDatafile.GeneratedFullDataSourceProvider/]: Set world gen queue for level [stellaris:mercury_orbit].
[04Apr2026 00:42:03.595] [DH-Full Data Migration Thread[0]/INFO] [DistantHorizons-DistantHorizons-com.seibel.distanthorizons.core.file.fullDatafile.V2.DataMigratorV1/]: No migration necessary.
[04Apr2026 00:42:03.606] [Server thread/INFO] [DistantHorizons-DistantHorizons-com.seibel.distanthorizons.core.level.AbstractDhServerLevel/]: Started DhServerLevel for [Wrapped{ServerLevel[world]@deeperdarker:otherside}] at [[LocalSaveStructure@(./world/dimensions/stellaris/mercury_orbit/data;./world/dimensions/deeperdarker/otherside/data;./world/data)]].
[04Apr2026 00:42:03.615] [DH-Request Module Ticker [deeperdarker:otherside] Thread[0]/INFO] [DistantHorizons-LOD World Gen/]: C2ME detected: DH's pre-existing chunk accessing will use methods handled by C2ME.
[04Apr2026 00:42:03.615] [DH-Request Module Ticker [deeperdarker:otherside] Thread[0]/INFO] [DistantHorizons-DistantHorizons-com.seibel.distanthorizons.core.generation.BatchGenerator/]: Batch Chunk Generator initialized
[04Apr2026 00:42:03.616] [DH-Request Module Ticker [deeperdarker:otherside] Thread[0]/INFO] [DistantHorizons-DistantHorizons-com.seibel.distanthorizons.core.generation.WorldGenerationQueue/]: Creating world gen queue
[04Apr2026 00:42:03.616] [DH-Request Module Ticker [deeperdarker:otherside] Thread[0]/INFO] [DistantHorizons-DistantHorizons-com.seibel.distanthorizons.core.generation.WorldGenerationQueue/]: Created world gen queue
[04Apr2026 00:42:03.616] [DH-Request Module Ticker [deeperdarker:otherside] Thread[0]/INFO] [DistantHorizons-DistantHorizons-com.seibel.distanthorizons.core.file.fullDatafile.GeneratedFullDataSourceProvider/]: Set world gen queue for level [deeperdarker:otherside].
[04Apr2026 00:42:03.619] [DH-Full Data Migration Thread[0]/INFO] [DistantHorizons-DistantHorizons-com.seibel.distanthorizons.core.file.fullDatafile.V2.DataMigratorV1/]: No migration necessary.
[04Apr2026 00:42:03.626] [Server thread/INFO] [DistantHorizons-DistantHorizons-com.seibel.distanthorizons.core.level.AbstractDhServerLevel/]: Started DhServerLevel for [Wrapped{ServerLevel[world]@crystal_chronicles:mockup_netherlike}] at [[LocalSaveStructure@(./world/dimensions/stellaris/mercury_orbit/data;./world/dimensions/deeperdarker/otherside/data;./world/dimensions/crystal_chronicles/mockup_netherlike/data;./world/data)]].
[04Apr2026 00:42:03.637] [DH-Full Data Migration Thread[0]/INFO] [DistantHorizons-DistantHorizons-com.seibel.distanthorizons.core.file.fullDatafile.V2.DataMigratorV1/]: No migration necessary.
[04Apr2026 00:42:03.639] [DH-Request Module Ticker [crystal_chronicles:mockup_netherlike] Thread[0]/INFO] [DistantHorizons-LOD World Gen/]: C2ME detected: DH's pre-existing chunk accessing will use methods handled by C2ME.
[04Apr2026 00:42:03.639] [DH-Request Module Ticker [crystal_chronicles:mockup_netherlike] Thread[0]/INFO] [DistantHorizons-DistantHorizons-com.seibel.distanthorizons.core.generation.BatchGenerator/]: Batch Chunk Generator initialized
[04Apr2026 00:42:03.639] [DH-Request Module Ticker [crystal_chronicles:mockup_netherlike] Thread[0]/INFO] [DistantHorizons-DistantHorizons-com.seibel.distanthorizons.core.generation.WorldGenerationQueue/]: Creating world gen queue
[04Apr2026 00:42:03.639] [DH-Request Module Ticker [crystal_chronicles:mockup_netherlike] Thread[0]/INFO] [DistantHorizons-DistantHorizons-com.seibel.distanthorizons.core.generation.WorldGenerationQueue/]: Created world gen queue
[04Apr2026 00:42:03.639] [DH-Request Module Ticker [crystal_chronicles:mockup_netherlike] Thread[0]/INFO] [DistantHorizons-DistantHorizons-com.seibel.distanthorizons.core.file.fullDatafile.GeneratedFullDataSourceProvider/]: Set world gen queue for level [crystal_chronicles:mockup_netherlike].
[04Apr2026 00:42:03.644] [Server thread/INFO] [DistantHorizons-DistantHorizons-com.seibel.distanthorizons.core.level.AbstractDhServerLevel/]: Started DhServerLevel for [Wrapped{ServerLevel[world]@stellaris:venus_orbit}] at [[LocalSaveStructure@(./world/dimensions/stellaris/mercury_orbit/data;./world/dimensions/stellaris/venus_orbit/data;./world/dimensions/deeperdarker/otherside/data;./world/dimensions/crystal_chronicles/mockup_netherlike/data;./world/data)]].
[04Apr2026 00:42:03.657] [DH-Request Module Ticker [stellaris:venus_orbit] Thread[0]/INFO] [DistantHorizons-LOD World Gen/]: C2ME detected: DH's pre-existing chunk accessing will use methods handled by C2ME.
[04Apr2026 00:42:03.657] [DH-Request Module Ticker [stellaris:venus_orbit] Thread[0]/INFO] [DistantHorizons-DistantHorizons-com.seibel.distanthorizons.core.generation.BatchGenerator/]: Batch Chunk Generator initialized
[04Apr2026 00:42:03.657] [DH-Request Module Ticker [stellaris:venus_orbit] Thread[0]/INFO] [DistantHorizons-DistantHorizons-com.seibel.distanthorizons.core.generation.WorldGenerationQueue/]: Creating world gen queue
[04Apr2026 00:42:03.657] [DH-Request Module Ticker [stellaris:venus_orbit] Thread[0]/INFO] [DistantHorizons-DistantHorizons-com.seibel.distanthorizons.core.generation.WorldGenerationQueue/]: Created world gen queue
[04Apr2026 00:42:03.658] [DH-Request Module Ticker [stellaris:venus_orbit] Thread[0]/INFO] [DistantHorizons-DistantHorizons-com.seibel.distanthorizons.core.file.fullDatafile.GeneratedFullDataSourceProvider/]: Set world gen queue for level [stellaris:venus_orbit].
[04Apr2026 00:42:03.658] [DH-Full Data Migration Thread[0]/INFO] [DistantHorizons-DistantHorizons-com.seibel.distanthorizons.core.file.fullDatafile.V2.DataMigratorV1/]: No migration necessary.
[04Apr2026 00:42:03.665] [Server thread/INFO] [DistantHorizons-DistantHorizons-com.seibel.distanthorizons.core.level.AbstractDhServerLevel/]: Started DhServerLevel for [Wrapped{ServerLevel[world]@twilightforest:twilight_forest}] at [[LocalSaveStructure@(./world/dimensions/stellaris/mercury_orbit/data;./world/dimensions/stellaris/venus_orbit/data;./world/dimensions/twilightforest/twilight_forest/data;./world/dimensions/deeperdarker/otherside/data;./world/dimensions/crystal_chronicles/mockup_netherlike/data;./world/data)]].
[04Apr2026 00:42:03.678] [DH-Request Module Ticker [twilightforest:twilight_forest] Thread[0]/INFO] [DistantHorizons-LOD World Gen/]: C2ME detected: DH's pre-existing chunk accessing will use methods handled by C2ME.
[04Apr2026 00:42:03.678] [DH-Request Module Ticker [twilightforest:twilight_forest] Thread[0]/INFO] [DistantHorizons-DistantHorizons-com.seibel.distanthorizons.core.generation.BatchGenerator/]: Batch Chunk Generator initialized
[04Apr2026 00:42:03.678] [DH-Request Module Ticker [twilightforest:twilight_forest] Thread[0]/INFO] [DistantHorizons-DistantHorizons-com.seibel.distanthorizons.core.generation.WorldGenerationQueue/]: Creating world gen queue
[04Apr2026 00:42:03.678] [DH-Request Module Ticker [twilightforest:twilight_forest] Thread[0]/INFO] [DistantHorizons-DistantHorizons-com.seibel.distanthorizons.core.generation.WorldGenerationQueue/]: Created world gen queue
[04Apr2026 00:42:03.678] [DH-Request Module Ticker [twilightforest:twilight_forest] Thread[0]/INFO] [DistantHorizons-DistantHorizons-com.seibel.distanthorizons.core.file.fullDatafile.GeneratedFullDataSourceProvider/]: Set world gen queue for level [twilightforest:twilight_forest].
[04Apr2026 00:42:03.683] [DH-Full Data Migration Thread[0]/INFO] [DistantHorizons-DistantHorizons-com.seibel.distanthorizons.core.file.fullDatafile.V2.DataMigratorV1/]: No migration necessary.
[04Apr2026 00:42:03.691] [Server thread/INFO] [DistantHorizons-DistantHorizons-com.seibel.distanthorizons.core.level.AbstractDhServerLevel/]: Started DhServerLevel for [Wrapped{ServerLevel[world]@iceandfire:dread_land}] at [[LocalSaveStructure@(./world/dimensions/stellaris/mercury_orbit/data;./world/dimensions/stellaris/venus_orbit/data;./world/dimensions/iceandfire/dread_land/data;./world/dimensions/twilightforest/twilight_forest/data;./world/dimensions/deeperdarker/otherside/data;./world/dimensions/crystal_chronicles/mockup_netherlike/data;./world/data)]].
[04Apr2026 00:42:03.704] [DH-Request Module Ticker [iceandfire:dread_land] Thread[0]/INFO] [DistantHorizons-LOD World Gen/]: C2ME detected: DH's pre-existing chunk accessing will use methods handled by C2ME.
[04Apr2026 00:42:03.704] [DH-Request Module Ticker [iceandfire:dread_land] Thread[0]/INFO] [DistantHorizons-DistantHorizons-com.seibel.distanthorizons.core.generation.BatchGenerator/]: Batch Chunk Generator initialized
[04Apr2026 00:42:03.704] [DH-Request Module Ticker [iceandfire:dread_land] Thread[0]/INFO] [DistantHorizons-DistantHorizons-com.seibel.distanthorizons.core.generation.WorldGenerationQueue/]: Creating world gen queue
[04Apr2026 00:42:03.704] [DH-Request Module Ticker [iceandfire:dread_land] Thread[0]/INFO] [DistantHorizons-DistantHorizons-com.seibel.distanthorizons.core.generation.WorldGenerationQueue/]: Created world gen queue
[04Apr2026 00:42:03.704] [DH-Request Module Ticker [iceandfire:dread_land] Thread[0]/INFO] [DistantHorizons-DistantHorizons-com.seibel.distanthorizons.core.file.fullDatafile.GeneratedFullDataSourceProvider/]: Set world gen queue for level [iceandfire:dread_land].
[04Apr2026 00:42:03.711] [DH-Full Data Migration Thread[0]/INFO] [DistantHorizons-DistantHorizons-com.seibel.distanthorizons.core.file.fullDatafile.V2.DataMigratorV1/]: No migration necessary.
[04Apr2026 00:42:03.721] [Server thread/INFO] [DistantHorizons-DistantHorizons-com.seibel.distanthorizons.core.level.AbstractDhServerLevel/]: Started DhServerLevel for [Wrapped{ServerLevel[world]@stellaris:venus}] at [[LocalSaveStructure@(./world/dimensions/stellaris/mercury_orbit/data;./world/dimensions/stellaris/venus_orbit/data;./world/dimensions/iceandfire/dread_land/data;./world/dimensions/twilightforest/twilight_forest/data;./world/dimensions/deeperdarker/otherside/data;./world/dimensions/crystal_chronicles/mockup_netherlike/data;./world/dimensions/stellaris/venus/data;./world/data)]].
[04Apr2026 00:42:03.731] [DH-Request Module Ticker [stellaris:venus] Thread[0]/INFO] [DistantHorizons-LOD World Gen/]: C2ME detected: DH's pre-existing chunk accessing will use methods handled by C2ME.
[04Apr2026 00:42:03.732] [DH-Request Module Ticker [stellaris:venus] Thread[0]/INFO] [DistantHorizons-DistantHorizons-com.seibel.distanthorizons.core.generation.BatchGenerator/]: Batch Chunk Generator initialized
[04Apr2026 00:42:03.732] [DH-Request Module Ticker [stellaris:venus] Thread[0]/INFO] [DistantHorizons-DistantHorizons-com.seibel.distanthorizons.core.generation.WorldGenerationQueue/]: Creating world gen queue
[04Apr2026 00:42:03.732] [DH-Request Module Ticker [stellaris:venus] Thread[0]/INFO] [DistantHorizons-DistantHorizons-com.seibel.distanthorizons.core.generation.WorldGenerationQueue/]: Created world gen queue
[04Apr2026 00:42:03.732] [DH-Request Module Ticker [stellaris:venus] Thread[0]/INFO] [DistantHorizons-DistantHorizons-com.seibel.distanthorizons.core.file.fullDatafile.GeneratedFullDataSourceProvider/]: Set world gen queue for level [stellaris:venus].
[04Apr2026 00:42:03.736] [DH-Full Data Migration Thread[0]/INFO] [DistantHorizons-DistantHorizons-com.seibel.distanthorizons.core.file.fullDatafile.V2.DataMigratorV1/]: No migration necessary.
[04Apr2026 00:42:03.745] [Server thread/INFO] [DistantHorizons-DistantHorizons-com.seibel.distanthorizons.core.level.AbstractDhServerLevel/]: Started DhServerLevel for [Wrapped{ServerLevel[world]@stellaris:mars_orbit}] at [[LocalSaveStructure@(./world/dimensions/stellaris/mercury_orbit/data;./world/dimensions/stellaris/venus_orbit/data;./world/dimensions/iceandfire/dread_land/data;./world/dimensions/twilightforest/twilight_forest/data;./world/dimensions/deeperdarker/otherside/data;./world/dimensions/crystal_chronicles/mockup_netherlike/data;./world/dimensions/stellaris/venus/data;./world/dimensions/stellaris/mars_orbit/data;./world/data)]].
[04Apr2026 00:42:03.756] [DH-Request Module Ticker [stellaris:mars_orbit] Thread[0]/INFO] [DistantHorizons-LOD World Gen/]: C2ME detected: DH's pre-existing chunk accessing will use methods handled by C2ME.
[04Apr2026 00:42:03.757] [DH-Request Module Ticker [stellaris:mars_orbit] Thread[0]/INFO] [DistantHorizons-DistantHorizons-com.seibel.distanthorizons.core.generation.BatchGenerator/]: Batch Chunk Generator initialized
[04Apr2026 00:42:03.757] [DH-Request Module Ticker [stellaris:mars_orbit] Thread[0]/INFO] [DistantHorizons-DistantHorizons-com.seibel.distanthorizons.core.generation.WorldGenerationQueue/]: Creating world gen queue
[04Apr2026 00:42:03.757] [DH-Request Module Ticker [stellaris:mars_orbit] Thread[0]/INFO] [DistantHorizons-DistantHorizons-com.seibel.distanthorizons.core.generation.WorldGenerationQueue/]: Created world gen queue
[04Apr2026 00:42:03.757] [DH-Request Module Ticker [stellaris:mars_orbit] Thread[0]/INFO] [DistantHorizons-DistantHorizons-com.seibel.distanthorizons.core.file.fullDatafile.GeneratedFullDataSourceProvider/]: Set world gen queue for level [stellaris:mars_orbit].
[04Apr2026 00:42:03.761] [DH-Full Data Migration Thread[0]/INFO] [DistantHorizons-DistantHorizons-com.seibel.distanthorizons.core.file.fullDatafile.V2.DataMigratorV1/]: No migration necessary.
[04Apr2026 00:42:03.768] [Server thread/INFO] [DistantHorizons-DistantHorizons-com.seibel.distanthorizons.core.level.AbstractDhServerLevel/]: Started DhServerLevel for [Wrapped{ServerLevel[world]@stellaris:mars}] at [[LocalSaveStructure@(./world/dimensions/stellaris/mercury_orbit/data;./world/dimensions/stellaris/mars/data;./world/dimensions/stellaris/venus_orbit/data;./world/dimensions/iceandfire/dread_land/data;./world/dimensions/twilightforest/twilight_forest/data;./world/dimensions/deeperdarker/otherside/data;./world/dimensions/crystal_chronicles/mockup_netherlike/data;./world/dimensions/stellaris/venus/data;./world/dimensions/stellaris/mars_orbit/data;./world/data)]].
[04Apr2026 00:42:03.781] [DH-Request Module Ticker [stellaris:mars] Thread[0]/INFO] [DistantHorizons-LOD World Gen/]: C2ME detected: DH's pre-existing chunk accessing will use methods handled by C2ME.
[04Apr2026 00:42:03.781] [DH-Request Module Ticker [stellaris:mars] Thread[0]/INFO] [DistantHorizons-DistantHorizons-com.seibel.distanthorizons.core.generation.BatchGenerator/]: Batch Chunk Generator initialized
[04Apr2026 00:42:03.782] [DH-Request Module Ticker [stellaris:mars] Thread[0]/INFO] [DistantHorizons-DistantHorizons-com.seibel.distanthorizons.core.generation.WorldGenerationQueue/]: Creating world gen queue
[04Apr2026 00:42:03.782] [DH-Request Module Ticker [stellaris:mars] Thread[0]/INFO] [DistantHorizons-DistantHorizons-com.seibel.distanthorizons.core.generation.WorldGenerationQueue/]: Created world gen queue
[04Apr2026 00:42:03.782] [DH-Request Module Ticker [stellaris:mars] Thread[0]/INFO] [DistantHorizons-DistantHorizons-com.seibel.distanthorizons.core.file.fullDatafile.GeneratedFullDataSourceProvider/]: Set world gen queue for level [stellaris:mars].
[04Apr2026 00:42:03.782] [DH-Full Data Migration Thread[0]/INFO] [DistantHorizons-DistantHorizons-com.seibel.distanthorizons.core.file.fullDatafile.V2.DataMigratorV1/]: No migration necessary.
[04Apr2026 00:42:03.789] [Server thread/INFO] [DistantHorizons-DistantHorizons-com.seibel.distanthorizons.core.level.AbstractDhServerLevel/]: Started DhServerLevel for [Wrapped{ServerLevel[world]@crystal_chronicles:mockup_blood}] at [[LocalSaveStructure@(./world/dimensions/stellaris/mercury_orbit/data;./world/dimensions/stellaris/mars/data;./world/dimensions/stellaris/venus_orbit/data;./world/dimensions/iceandfire/dread_land/data;./world/dimensions/twilightforest/twilight_forest/data;./world/dimensions/crystal_chronicles/mockup_blood/data;./world/dimensions/deeperdarker/otherside/data;./world/dimensions/crystal_chronicles/mockup_netherlike/data;./world/dimensions/stellaris/venus/data;./world/dimensions/stellaris/mars_orbit/data;./world/data)]].
[04Apr2026 00:42:03.802] [DH-Request Module Ticker [crystal_chronicles:mockup_blood] Thread[0]/INFO] [DistantHorizons-LOD World Gen/]: C2ME detected: DH's pre-existing chunk accessing will use methods handled by C2ME.
[04Apr2026 00:42:03.803] [DH-Request Module Ticker [crystal_chronicles:mockup_blood] Thread[0]/INFO] [DistantHorizons-DistantHorizons-com.seibel.distanthorizons.core.generation.BatchGenerator/]: Batch Chunk Generator initialized
[04Apr2026 00:42:03.803] [DH-Request Module Ticker [crystal_chronicles:mockup_blood] Thread[0]/INFO] [DistantHorizons-DistantHorizons-com.seibel.distanthorizons.core.generation.WorldGenerationQueue/]: Creating world gen queue
[04Apr2026 00:42:03.803] [DH-Request Module Ticker [crystal_chronicles:mockup_blood] Thread[0]/INFO] [DistantHorizons-DistantHorizons-com.seibel.distanthorizons.core.generation.WorldGenerationQueue/]: Created world gen queue
[04Apr2026 00:42:03.803] [DH-Request Module Ticker [crystal_chronicles:mockup_blood] Thread[0]/INFO] [DistantHorizons-DistantHorizons-com.seibel.distanthorizons.core.file.fullDatafile.GeneratedFullDataSourceProvider/]: Set world gen queue for level [crystal_chronicles:mockup_blood].
[04Apr2026 00:42:03.804] [DH-Full Data Migration Thread[0]/INFO] [DistantHorizons-DistantHorizons-com.seibel.distanthorizons.core.file.fullDatafile.V2.DataMigratorV1/]: No migration necessary.
[04Apr2026 00:42:03.811] [Server thread/INFO] [DistantHorizons-DistantHorizons-com.seibel.distanthorizons.core.level.AbstractDhServerLevel/]: Started DhServerLevel for [Wrapped{ServerLevel[world]@irons_spellbooks:pocket_dimension}] at [[LocalSaveStructure@(./world/dimensions/stellaris/mercury_orbit/data;./world/dimensions/stellaris/mars/data;./world/dimensions/stellaris/venus_orbit/data;./world/dimensions/iceandfire/dread_land/data;./world/dimensions/twilightforest/twilight_forest/data;./world/dimensions/irons_spellbooks/pocket_dimension/data;./world/dimensions/deeperdarker/otherside/data;./world/dimensions/stellaris/venus/data;./world/dimensions/crystal_chronicles/mockup_blood/data;./world/dimensions/crystal_chronicles/mockup_netherlike/data;./world/dimensions/stellaris/mars_orbit/data;./world/data)]].
[04Apr2026 00:42:03.823] [DH-Full Data Migration Thread[0]/INFO] [DistantHorizons-DistantHorizons-com.seibel.distanthorizons.core.file.fullDatafile.V2.DataMigratorV1/]: No migration necessary.
[04Apr2026 00:42:03.824] [DH-Request Module Ticker [irons_spellbooks:pocket_dimension] Thread[0]/INFO] [DistantHorizons-LOD World Gen/]: C2ME detected: DH's pre-existing chunk accessing will use methods handled by C2ME.
[04Apr2026 00:42:03.825] [DH-Request Module Ticker [irons_spellbooks:pocket_dimension] Thread[0]/INFO] [DistantHorizons-DistantHorizons-com.seibel.distanthorizons.core.generation.BatchGenerator/]: Batch Chunk Generator initialized
[04Apr2026 00:42:03.825] [DH-Request Module Ticker [irons_spellbooks:pocket_dimension] Thread[0]/INFO] [DistantHorizons-DistantHorizons-com.seibel.distanthorizons.core.generation.WorldGenerationQueue/]: Creating world gen queue
[04Apr2026 00:42:03.825] [DH-Request Module Ticker [irons_spellbooks:pocket_dimension] Thread[0]/INFO] [DistantHorizons-DistantHorizons-com.seibel.distanthorizons.core.generation.WorldGenerationQueue/]: Created world gen queue
[04Apr2026 00:42:03.825] [DH-Request Module Ticker [irons_spellbooks:pocket_dimension] Thread[0]/INFO] [DistantHorizons-DistantHorizons-com.seibel.distanthorizons.core.file.fullDatafile.GeneratedFullDataSourceProvider/]: Set world gen queue for level [irons_spellbooks:pocket_dimension].
[04Apr2026 00:42:03.831] [Server thread/INFO] [DistantHorizons-DistantHorizons-com.seibel.distanthorizons.core.level.AbstractDhServerLevel/]: Started DhServerLevel for [Wrapped{ServerLevel[world]@stellaris:jupiter}] at [[LocalSaveStructure@(./world/dimensions/stellaris/mercury_orbit/data;./world/dimensions/stellaris/mars/data;./world/dimensions/stellaris/venus_orbit/data;./world/dimensions/iceandfire/dread_land/data;./world/dimensions/twilightforest/twilight_forest/data;./world/dimensions/irons_spellbooks/pocket_dimension/data;./world/dimensions/deeperdarker/otherside/data;./world/dimensions/stellaris/venus/data;./world/dimensions/crystal_chronicles/mockup_blood/data;./world/dimensions/crystal_chronicles/mockup_netherlike/data;./world/dimensions/stellaris/jupiter/data;./world/dimensions/stellaris/mars_orbit/data;./world/data)]].
[04Apr2026 00:42:03.844] [DH-Request Module Ticker [stellaris:jupiter] Thread[0]/INFO] [DistantHorizons-LOD World Gen/]: C2ME detected: DH's pre-existing chunk accessing will use methods handled by C2ME.
[04Apr2026 00:42:03.844] [DH-Request Module Ticker [stellaris:jupiter] Thread[0]/INFO] [DistantHorizons-DistantHorizons-com.seibel.distanthorizons.core.generation.BatchGenerator/]: Batch Chunk Generator initialized
[04Apr2026 00:42:03.844] [DH-Request Module Ticker [stellaris:jupiter] Thread[0]/INFO] [DistantHorizons-DistantHorizons-com.seibel.distanthorizons.core.generation.WorldGenerationQueue/]: Creating world gen queue
[04Apr2026 00:42:03.844] [DH-Request Module Ticker [stellaris:jupiter] Thread[0]/INFO] [DistantHorizons-DistantHorizons-com.seibel.distanthorizons.core.generation.WorldGenerationQueue/]: Created world gen queue
[04Apr2026 00:42:03.844] [DH-Request Module Ticker [stellaris:jupiter] Thread[0]/INFO] [DistantHorizons-DistantHorizons-com.seibel.distanthorizons.core.file.fullDatafile.GeneratedFullDataSourceProvider/]: Set world gen queue for level [stellaris:jupiter].
[04Apr2026 00:42:03.846] [DH-Full Data Migration Thread[0]/INFO] [DistantHorizons-DistantHorizons-com.seibel.distanthorizons.core.file.fullDatafile.V2.DataMigratorV1/]: No migration necessary.
[04Apr2026 00:42:03.853] [Server thread/INFO] [DistantHorizons-DistantHorizons-com.seibel.distanthorizons.core.level.AbstractDhServerLevel/]: Started DhServerLevel for [Wrapped{ServerLevel[world]@crystal_chronicles:mockup_fire}] at [[LocalSaveStructure@(./world/dimensions/stellaris/mercury_orbit/data;./world/dimensions/crystal_chronicles/mockup_fire/data;./world/dimensions/stellaris/mars/data;./world/dimensions/stellaris/venus_orbit/data;./world/dimensions/iceandfire/dread_land/data;./world/dimensions/twilightforest/twilight_forest/data;./world/dimensions/irons_spellbooks/pocket_dimension/data;./world/dimensions/deeperdarker/otherside/data;./world/dimensions/stellaris/venus/data;./world/dimensions/crystal_chronicles/mockup_blood/data;./world/dimensions/crystal_chronicles/mockup_netherlike/data;./world/dimensions/stellaris/jupiter/data;./world/dimensions/stellaris/mars_orbit/data;./world/data)]].
[04Apr2026 00:42:03.866] [DH-Request Module Ticker [crystal_chronicles:mockup_fire] Thread[0]/INFO] [DistantHorizons-LOD World Gen/]: C2ME detected: DH's pre-existing chunk accessing will use methods handled by C2ME.
[04Apr2026 00:42:03.866] [DH-Request Module Ticker [crystal_chronicles:mockup_fire] Thread[0]/INFO] [DistantHorizons-DistantHorizons-com.seibel.distanthorizons.core.generation.BatchGenerator/]: Batch Chunk Generator initialized
[04Apr2026 00:42:03.866] [DH-Request Module Ticker [crystal_chronicles:mockup_fire] Thread[0]/INFO] [DistantHorizons-DistantHorizons-com.seibel.distanthorizons.core.generation.WorldGenerationQueue/]: Creating world gen queue
[04Apr2026 00:42:03.867] [DH-Request Module Ticker [crystal_chronicles:mockup_fire] Thread[0]/INFO] [DistantHorizons-DistantHorizons-com.seibel.distanthorizons.core.generation.WorldGenerationQueue/]: Created world gen queue
[04Apr2026 00:42:03.867] [DH-Request Module Ticker [crystal_chronicles:mockup_fire] Thread[0]/INFO] [DistantHorizons-DistantHorizons-com.seibel.distanthorizons.core.file.fullDatafile.GeneratedFullDataSourceProvider/]: Set world gen queue for level [crystal_chronicles:mockup_fire].
[04Apr2026 00:42:03.868] [DH-Full Data Migration Thread[0]/INFO] [DistantHorizons-DistantHorizons-com.seibel.distanthorizons.core.file.fullDatafile.V2.DataMigratorV1/]: No migration necessary.
[04Apr2026 00:42:03.875] [Server thread/INFO] [DistantHorizons-DistantHorizons-com.seibel.distanthorizons.core.level.AbstractDhServerLevel/]: Started DhServerLevel for [Wrapped{ServerLevel[world]@crystal_chronicles:mockup_holy}] at [[LocalSaveStructure@(./world/dimensions/stellaris/mercury_orbit/data;./world/dimensions/crystal_chronicles/mockup_fire/data;./world/dimensions/stellaris/mars/data;./world/dimensions/stellaris/venus_orbit/data;./world/dimensions/iceandfire/dread_land/data;./world/dimensions/twilightforest/twilight_forest/data;./world/dimensions/irons_spellbooks/pocket_dimension/data;./world/dimensions/deeperdarker/otherside/data;./world/dimensions/stellaris/venus/data;./world/dimensions/crystal_chronicles/mockup_holy/data;./world/dimensions/crystal_chronicles/mockup_blood/data;./world/dimensions/crystal_chronicles/mockup_netherlike/data;./world/dimensions/stellaris/jupiter/data;./world/dimensions/stellaris/mars_orbit/data;./world/data)]].
[04Apr2026 00:42:03.886] [DH-Full Data Migration Thread[0]/INFO] [DistantHorizons-DistantHorizons-com.seibel.distanthorizons.core.file.fullDatafile.V2.DataMigratorV1/]: No migration necessary.
[04Apr2026 00:42:03.888] [DH-Request Module Ticker [crystal_chronicles:mockup_holy] Thread[0]/INFO] [DistantHorizons-LOD World Gen/]: C2ME detected: DH's pre-existing chunk accessing will use methods handled by C2ME.
[04Apr2026 00:42:03.888] [DH-Request Module Ticker [crystal_chronicles:mockup_holy] Thread[0]/INFO] [DistantHorizons-DistantHorizons-com.seibel.distanthorizons.core.generation.BatchGenerator/]: Batch Chunk Generator initialized
[04Apr2026 00:42:03.888] [DH-Request Module Ticker [crystal_chronicles:mockup_holy] Thread[0]/INFO] [DistantHorizons-DistantHorizons-com.seibel.distanthorizons.core.generation.WorldGenerationQueue/]: Creating world gen queue
[04Apr2026 00:42:03.888] [DH-Request Module Ticker [crystal_chronicles:mockup_holy] Thread[0]/INFO] [DistantHorizons-DistantHorizons-com.seibel.distanthorizons.core.generation.WorldGenerationQueue/]: Created world gen queue
[04Apr2026 00:42:03.888] [DH-Request Module Ticker [crystal_chronicles:mockup_holy] Thread[0]/INFO] [DistantHorizons-DistantHorizons-com.seibel.distanthorizons.core.file.fullDatafile.GeneratedFullDataSourceProvider/]: Set world gen queue for level [crystal_chronicles:mockup_holy].
[04Apr2026 00:42:03.893] [Server thread/INFO] [DistantHorizons-DistantHorizons-com.seibel.distanthorizons.core.level.AbstractDhServerLevel/]: Started DhServerLevel for [Wrapped{ServerLevel[world]@stellaris:earth_orbit}] at [[LocalSaveStructure@(./world/dimensions/stellaris/mercury_orbit/data;./world/dimensions/crystal_chronicles/mockup_fire/data;./world/dimensions/stellaris/mars/data;./world/dimensions/stellaris/venus_orbit/data;./world/dimensions/iceandfire/dread_land/data;./world/dimensions/twilightforest/twilight_forest/data;./world/dimensions/irons_spellbooks/pocket_dimension/data;./world/dimensions/deeperdarker/otherside/data;./world/dimensions/stellaris/venus/data;./world/dimensions/crystal_chronicles/mockup_holy/data;./world/dimensions/stellaris/earth_orbit/data;./world/dimensions/crystal_chronicles/mockup_blood/data;./world/dimensions/crystal_chronicles/mockup_netherlike/data;./world/dimensions/stellaris/jupiter/data;./world/dimensions/stellaris/mars_orbit/data;./world/data)]].
[04Apr2026 00:42:03.906] [DH-Request Module Ticker [stellaris:earth_orbit] Thread[0]/INFO] [DistantHorizons-LOD World Gen/]: C2ME detected: DH's pre-existing chunk accessing will use methods handled by C2ME.
[04Apr2026 00:42:03.906] [DH-Request Module Ticker [stellaris:earth_orbit] Thread[0]/INFO] [DistantHorizons-DistantHorizons-com.seibel.distanthorizons.core.generation.BatchGenerator/]: Batch Chunk Generator initialized
[04Apr2026 00:42:03.906] [DH-Request Module Ticker [stellaris:earth_orbit] Thread[0]/INFO] [DistantHorizons-DistantHorizons-com.seibel.distanthorizons.core.generation.WorldGenerationQueue/]: Creating world gen queue
[04Apr2026 00:42:03.906] [DH-Request Module Ticker [stellaris:earth_orbit] Thread[0]/INFO] [DistantHorizons-DistantHorizons-com.seibel.distanthorizons.core.generation.WorldGenerationQueue/]: Created world gen queue
[04Apr2026 00:42:03.906] [DH-Request Module Ticker [stellaris:earth_orbit] Thread[0]/INFO] [DistantHorizons-DistantHorizons-com.seibel.distanthorizons.core.file.fullDatafile.GeneratedFullDataSourceProvider/]: Set world gen queue for level [stellaris:earth_orbit].
[04Apr2026 00:42:03.908] [DH-Full Data Migration Thread[0]/INFO] [DistantHorizons-DistantHorizons-com.seibel.distanthorizons.core.file.fullDatafile.V2.DataMigratorV1/]: No migration necessary.
[04Apr2026 00:42:03.916] [Server thread/INFO] [DistantHorizons-DistantHorizons-com.seibel.distanthorizons.core.level.AbstractDhServerLevel/]: Started DhServerLevel for [Wrapped{ServerLevel[world]@stellaris:moon}] at [[LocalSaveStructure@(./world/dimensions/stellaris/mercury_orbit/data;./world/dimensions/crystal_chronicles/mockup_fire/data;./world/dimensions/stellaris/mars/data;./world/dimensions/stellaris/venus_orbit/data;./world/dimensions/iceandfire/dread_land/data;./world/dimensions/twilightforest/twilight_forest/data;./world/dimensions/irons_spellbooks/pocket_dimension/data;./world/dimensions/deeperdarker/otherside/data;./world/dimensions/stellaris/venus/data;./world/dimensions/stellaris/moon/data;./world/dimensions/crystal_chronicles/mockup_holy/data;./world/dimensions/stellaris/earth_orbit/data;./world/dimensions/crystal_chronicles/mockup_blood/data;./world/dimensions/crystal_chronicles/mockup_netherlike/data;./world/dimensions/stellaris/jupiter/data;./world/dimensions/stellaris/mars_orbit/data;./world/data)]].
[04Apr2026 00:42:03.946] [DH-Request Module Ticker [stellaris:moon] Thread[0]/INFO] [DistantHorizons-LOD World Gen/]: C2ME detected: DH's pre-existing chunk accessing will use methods handled by C2ME.
[04Apr2026 00:42:03.946] [DH-Request Module Ticker [stellaris:moon] Thread[0]/INFO] [DistantHorizons-DistantHorizons-com.seibel.distanthorizons.core.generation.BatchGenerator/]: Batch Chunk Generator initialized
[04Apr2026 00:42:03.946] [DH-Request Module Ticker [stellaris:moon] Thread[0]/INFO] [DistantHorizons-DistantHorizons-com.seibel.distanthorizons.core.generation.WorldGenerationQueue/]: Creating world gen queue
[04Apr2026 00:42:03.946] [DH-Request Module Ticker [stellaris:moon] Thread[0]/INFO] [DistantHorizons-DistantHorizons-com.seibel.distanthorizons.core.generation.WorldGenerationQueue/]: Created world gen queue
[04Apr2026 00:42:03.946] [DH-Request Module Ticker [stellaris:moon] Thread[0]/INFO] [DistantHorizons-DistantHorizons-com.seibel.distanthorizons.core.file.fullDatafile.GeneratedFullDataSourceProvider/]: Set world gen queue for level [stellaris:moon].
[04Apr2026 00:42:03.978] [DH-Full Data Migration Thread[0]/INFO] [DistantHorizons-DistantHorizons-com.seibel.distanthorizons.core.file.fullDatafile.V2.DataMigratorV1/]: No migration necessary.
[04Apr2026 00:42:04.014] [Server thread/INFO] [DistantHorizons-DistantHorizons-com.seibel.distanthorizons.core.level.AbstractDhServerLevel/]: Started DhServerLevel for [Wrapped{ServerLevel[world]@minecraft:the_end}] at [[LocalSaveStructure@(./world/dimensions/stellaris/mercury_orbit/data;./world/dimensions/crystal_chronicles/mockup_fire/data;./world/dimensions/stellaris/mars/data;./world/dimensions/stellaris/venus_orbit/data;./world/dimensions/iceandfire/dread_land/data;./world/dimensions/twilightforest/twilight_forest/data;./world/dimensions/irons_spellbooks/pocket_dimension/data;./world/dimensions/deeperdarker/otherside/data;./world/dimensions/stellaris/venus/data;./world/DIM1/data;./world/dimensions/stellaris/moon/data;./world/dimensions/crystal_chronicles/mockup_holy/data;./world/dimensions/stellaris/earth_orbit/data;./world/dimensions/crystal_chronicles/mockup_blood/data;./world/dimensions/crystal_chronicles/mockup_netherlike/data;./world/dimensions/stellaris/jupiter/data;./world/dimensions/stellaris/mars_orbit/data;./world/data)]].
[04Apr2026 00:42:04.042] [DH-Request Module Ticker [minecraft:the_end] Thread[0]/INFO] [DistantHorizons-LOD World Gen/]: C2ME detected: DH's pre-existing chunk accessing will use methods handled by C2ME.
[04Apr2026 00:42:04.042] [DH-Request Module Ticker [minecraft:the_end] Thread[0]/INFO] [DistantHorizons-DistantHorizons-com.seibel.distanthorizons.core.generation.BatchGenerator/]: Batch Chunk Generator initialized
[04Apr2026 00:42:04.042] [DH-Request Module Ticker [minecraft:the_end] Thread[0]/INFO] [DistantHorizons-DistantHorizons-com.seibel.distanthorizons.core.generation.WorldGenerationQueue/]: Creating world gen queue
[04Apr2026 00:42:04.042] [DH-Request Module Ticker [minecraft:the_end] Thread[0]/INFO] [DistantHorizons-DistantHorizons-com.seibel.distanthorizons.core.generation.WorldGenerationQueue/]: Created world gen queue
[04Apr2026 00:42:04.042] [DH-Request Module Ticker [minecraft:the_end] Thread[0]/INFO] [DistantHorizons-DistantHorizons-com.seibel.distanthorizons.core.file.fullDatafile.GeneratedFullDataSourceProvider/]: Set world gen queue for level [minecraft:the_end].
[04Apr2026 00:42:04.473] [DH-Full Data Migration Thread[0]/INFO] [DistantHorizons-DistantHorizons-com.seibel.distanthorizons.core.file.fullDatafile.V2.DataMigratorV1/]: No migration necessary.
[04Apr2026 00:42:04.479] [Server thread/INFO] [DistantHorizons-DistantHorizons-com.seibel.distanthorizons.core.level.AbstractDhServerLevel/]: Started DhServerLevel for [Wrapped{ServerLevel[world]@stellaris:mercury}] at [[LocalSaveStructure@(./world/dimensions/stellaris/mercury_orbit/data;./world/dimensions/crystal_chronicles/mockup_fire/data;./world/dimensions/stellaris/mars/data;./world/dimensions/stellaris/venus_orbit/data;./world/dimensions/iceandfire/dread_land/data;./world/dimensions/stellaris/mercury/data;./world/dimensions/twilightforest/twilight_forest/data;./world/dimensions/irons_spellbooks/pocket_dimension/data;./world/dimensions/deeperdarker/otherside/data;./world/dimensions/stellaris/venus/data;./world/DIM1/data;./world/dimensions/stellaris/moon/data;./world/dimensions/crystal_chronicles/mockup_holy/data;./world/dimensions/stellaris/earth_orbit/data;./world/dimensions/crystal_chronicles/mockup_blood/data;./world/dimensions/crystal_chronicles/mockup_netherlike/data;./world/dimensions/stellaris/jupiter/data;./world/dimensions/stellaris/mars_orbit/data;./world/data)]].
[04Apr2026 00:42:04.489] [DH-Full Data Migration Thread[0]/INFO] [DistantHorizons-DistantHorizons-com.seibel.distanthorizons.core.file.fullDatafile.V2.DataMigratorV1/]: No migration necessary.
[04Apr2026 00:42:04.493] [DH-Request Module Ticker [stellaris:mercury] Thread[0]/INFO] [DistantHorizons-LOD World Gen/]: C2ME detected: DH's pre-existing chunk accessing will use methods handled by C2ME.
[04Apr2026 00:42:04.493] [DH-Request Module Ticker [stellaris:mercury] Thread[0]/INFO] [DistantHorizons-DistantHorizons-com.seibel.distanthorizons.core.generation.BatchGenerator/]: Batch Chunk Generator initialized
[04Apr2026 00:42:04.494] [DH-Request Module Ticker [stellaris:mercury] Thread[0]/INFO] [DistantHorizons-DistantHorizons-com.seibel.distanthorizons.core.generation.WorldGenerationQueue/]: Creating world gen queue
[04Apr2026 00:42:04.494] [DH-Request Module Ticker [stellaris:mercury] Thread[0]/INFO] [DistantHorizons-DistantHorizons-com.seibel.distanthorizons.core.generation.WorldGenerationQueue/]: Created world gen queue
[04Apr2026 00:42:04.494] [DH-Request Module Ticker [stellaris:mercury] Thread[0]/INFO] [DistantHorizons-DistantHorizons-com.seibel.distanthorizons.core.file.fullDatafile.GeneratedFullDataSourceProvider/]: Set world gen queue for level [stellaris:mercury].
[04Apr2026 00:42:04.495] [Server thread/INFO] [DistantHorizons-DistantHorizons-com.seibel.distanthorizons.core.level.AbstractDhServerLevel/]: Started DhServerLevel for [Wrapped{ServerLevel[world]@minecraft:the_nether}] at [[LocalSaveStructure@(./world/dimensions/stellaris/mercury_orbit/data;./world/dimensions/crystal_chronicles/mockup_fire/data;./world/dimensions/stellaris/mars/data;./world/dimensions/stellaris/venus_orbit/data;./world/dimensions/iceandfire/dread_land/data;./world/dimensions/stellaris/mercury/data;./world/dimensions/twilightforest/twilight_forest/data;./world/dimensions/irons_spellbooks/pocket_dimension/data;./world/dimensions/deeperdarker/otherside/data;./world/dimensions/stellaris/venus/data;./world/DIM1/data;./world/dimensions/stellaris/moon/data;./world/dimensions/crystal_chronicles/mockup_holy/data;./world/dimensions/stellaris/earth_orbit/data;./world/DIM-1/data;./world/dimensions/crystal_chronicles/mockup_blood/data;./world/dimensions/crystal_chronicles/mockup_netherlike/data;./world/dimensions/stellaris/jupiter/data;./world/dimensions/stellaris/mars_orbit/data;./world/data)]].
[04Apr2026 00:42:04.506] [DH-Full Data Migration Thread[0]/INFO] [DistantHorizons-DistantHorizons-com.seibel.distanthorizons.core.file.fullDatafile.V2.DataMigratorV1/]: No migration necessary.
[04Apr2026 00:42:04.509] [DH-Request Module Ticker [minecraft:the_nether] Thread[0]/INFO] [DistantHorizons-LOD World Gen/]: C2ME detected: DH's pre-existing chunk accessing will use methods handled by C2ME.
[04Apr2026 00:42:04.509] [DH-Request Module Ticker [minecraft:the_nether] Thread[0]/INFO] [DistantHorizons-DistantHorizons-com.seibel.distanthorizons.core.generation.BatchGenerator/]: Batch Chunk Generator initialized
[04Apr2026 00:42:04.510] [DH-Request Module Ticker [minecraft:the_nether] Thread[0]/INFO] [DistantHorizons-DistantHorizons-com.seibel.distanthorizons.core.generation.WorldGenerationQueue/]: Creating world gen queue
[04Apr2026 00:42:04.510] [DH-Request Module Ticker [minecraft:the_nether] Thread[0]/INFO] [DistantHorizons-DistantHorizons-com.seibel.distanthorizons.core.generation.WorldGenerationQueue/]: Created world gen queue
[04Apr2026 00:42:04.510] [DH-Request Module Ticker [minecraft:the_nether] Thread[0]/INFO] [DistantHorizons-DistantHorizons-com.seibel.distanthorizons.core.file.fullDatafile.GeneratedFullDataSourceProvider/]: Set world gen queue for level [minecraft:the_nether].
[04Apr2026 00:42:04.512] [Server thread/INFO] [DistantHorizons-DistantHorizons-com.seibel.distanthorizons.core.level.AbstractDhServerLevel/]: Started DhServerLevel for [Wrapped{ServerLevel[world]@compactmachines:compact_world}] at [[LocalSaveStructure@(./world/dimensions/stellaris/mercury_orbit/data;./world/dimensions/crystal_chronicles/mockup_fire/data;./world/dimensions/compactmachines/compact_world/data;./world/dimensions/stellaris/mars/data;./world/dimensions/stellaris/venus_orbit/data;./world/dimensions/iceandfire/dread_land/data;./world/dimensions/stellaris/mercury/data;./world/dimensions/twilightforest/twilight_forest/data;./world/dimensions/irons_spellbooks/pocket_dimension/data;./world/dimensions/deeperdarker/otherside/data;./world/dimensions/stellaris/venus/data;./world/DIM1/data;./world/dimensions/stellaris/moon/data;./world/dimensions/crystal_chronicles/mockup_holy/data;./world/dimensions/stellaris/earth_orbit/data;./world/DIM-1/data;./world/dimensions/crystal_chronicles/mockup_blood/data;./world/dimensions/crystal_chronicles/mockup_netherlike/data;./world/dimensions/stellaris/jupiter/data;./world/dimensions/stellaris/mars_orbit/data;./world/data)]].
[04Apr2026 00:42:04.515] [Server thread/WARN] [com.structureessentials.StructureEssentials/]: Non-unique structure_set salt:0 potentially creating overlapping structures detected. Structure sets: [twilightforest:dark_tower, minecraft:mineshafts, twilightforest:final_castle, twilightforest:large_hollow_hill, twilightforest:hedge_maze, minecraft:buried_treasures, twilightforest:giant_house, twilightforest:aurora_palace, twilightforest:naga_courtyard, twilightforest:labyrinth, twilightforest:lich_tower, twilightforest:yeti_cave, twilightforest:quest_grove, twilightforest:small_hollow_hill, nova_structures:end_castle, minecraft:strongholds, twilightforest:troll_cave, twilightforest:medium_hollow_hill, twilightforest:knight_stronghold, twilightforest:hydra_lair]
[04Apr2026 00:42:04.515] [Server thread/WARN] [com.structureessentials.StructureEssentials/]: Non-unique structure_set salt:10387313 potentially creating overlapping structures detected. Structure sets: [minecraft:ocean_monuments, dungeoncrawl:dungeons, minecraft:end_cities]
[04Apr2026 00:42:04.515] [Server thread/WARN] [com.structureessentials.StructureEssentials/]: Non-unique structure_set salt:5456445 potentially creating overlapping structures detected. Structure sets: [fdbosses:chesed_arena, fdbosses:geburah_arena]
[04Apr2026 00:42:04.515] [Server thread/WARN] [com.structureessentials.StructureEssentials/]: Non-unique structure_set salt:783 potentially creating overlapping structures detected. Structure sets: [nova_structures:taverns, nova_structures:badlands_miner_outpost_mineshafts, nova_structures:badlands_miner_outpost]
[04Apr2026 00:42:04.515] [Server thread/WARN] [com.structureessentials.StructureEssentials/]: Non-unique structure_set salt:78409300 potentially creating overlapping structures detected. Structure sets: [nova_structures:shrines, nova_structures:shrine_tower]
[04Apr2026 00:42:04.515] [Server thread/WARN] [com.structureessentials.StructureEssentials/]: Non-unique structure_set salt:7407930 potentially creating overlapping structures detected. Structure sets: [iceandfire:pixie_village, iceandfire:cyclops_cave]
[04Apr2026 00:42:04.516] [Server thread/WARN] [com.structureessentials.StructureEssentials/]: Non-unique structure_set salt:10387312 potentially creating overlapping structures detected. Structure sets: [nova_structures:villages_jungle, nova_structures:villages_swamp, nova_structures:villages_birch]
[04Apr2026 00:42:04.516] [Server thread/WARN] [com.structureessentials.StructureEssentials/]: Non-unique structure_set salt:4533232 potentially creating overlapping structures detected. Structure sets: [nova_structures:illager_camp, nova_structures:nether_camps]
[04Apr2026 00:42:04.516] [Server thread/WARN] [com.structureessentials.StructureEssentials/]: Non-unique structure_set salt:239021 potentially creating overlapping structures detected. Structure sets: [nova_structures:desert_ruins, nova_structures:jungle_ruins]
[04Apr2026 00:42:04.527] [DH-Full Data Migration Thread[0]/INFO] [DistantHorizons-DistantHorizons-com.seibel.distanthorizons.core.file.fullDatafile.V2.DataMigratorV1/]: No migration necessary.
[04Apr2026 00:42:04.527] [DH-Request Module Ticker [compactmachines:compact_world] Thread[0]/INFO] [DistantHorizons-LOD World Gen/]: C2ME detected: DH's pre-existing chunk accessing will use methods handled by C2ME.
[04Apr2026 00:42:04.527] [DH-Request Module Ticker [compactmachines:compact_world] Thread[0]/INFO] [DistantHorizons-DistantHorizons-com.seibel.distanthorizons.core.generation.BatchGenerator/]: Batch Chunk Generator initialized
[04Apr2026 00:42:04.527] [DH-Request Module Ticker [compactmachines:compact_world] Thread[0]/INFO] [DistantHorizons-DistantHorizons-com.seibel.distanthorizons.core.generation.WorldGenerationQueue/]: Creating world gen queue
[04Apr2026 00:42:04.527] [DH-Request Module Ticker [compactmachines:compact_world] Thread[0]/INFO] [DistantHorizons-DistantHorizons-com.seibel.distanthorizons.core.generation.WorldGenerationQueue/]: Created world gen queue
[04Apr2026 00:42:04.527] [DH-Request Module Ticker [compactmachines:compact_world] Thread[0]/INFO] [DistantHorizons-DistantHorizons-com.seibel.distanthorizons.core.file.fullDatafile.GeneratedFullDataSourceProvider/]: Set world gen queue for level [compactmachines:compact_world].
[04Apr2026 00:42:04.533] [Server thread/INFO] [DistantHorizons-DistantHorizons-com.seibel.distanthorizons.core.level.AbstractDhServerLevel/]: Started DhServerLevel for [Wrapped{ServerLevel[world]@ae2:spatial_storage}] at [[LocalSaveStructure@(./world/dimensions/stellaris/mercury_orbit/data;./world/dimensions/crystal_chronicles/mockup_fire/data;./world/dimensions/compactmachines/compact_world/data;./world/dimensions/stellaris/mars/data;./world/dimensions/stellaris/venus_orbit/data;./world/dimensions/iceandfire/dread_land/data;./world/dimensions/stellaris/mercury/data;./world/dimensions/twilightforest/twilight_forest/data;./world/dimensions/irons_spellbooks/pocket_dimension/data;./world/dimensions/deeperdarker/otherside/data;./world/dimensions/ae2/spatial_storage/data;./world/dimensions/stellaris/venus/data;./world/DIM1/data;./world/dimensions/stellaris/moon/data;./world/dimensions/crystal_chronicles/mockup_holy/data;./world/dimensions/stellaris/earth_orbit/data;./world/DIM-1/data;./world/dimensions/crystal_chronicles/mockup_blood/data;./world/dimensions/crystal_chronicles/mockup_netherlike/data;./world/dimensions/stellaris/jupiter/data;./world/dimensions/stellaris/mars_orbit/data;./world/data)]].
[04Apr2026 00:42:04.534] [Server thread/INFO] [net.minecraft.server.MinecraftServer/]: Preparing start region for dimension minecraft:overworld
[04Apr2026 00:42:04.541] [Server thread/INFO] [KubeJS Server/]: Server resource reload complete!
[04Apr2026 00:42:04.547] [DH-Request Module Ticker [ae2:spatial_storage] Thread[0]/INFO] [DistantHorizons-LOD World Gen/]: C2ME detected: DH's pre-existing chunk accessing will use methods handled by C2ME.
[04Apr2026 00:42:04.547] [DH-Request Module Ticker [ae2:spatial_storage] Thread[0]/WARN] [DistantHorizons-LOD World Gen/]: Unknown Chunk Generator detected: [class appeng.spatial.SpatialStorageChunkGenerator], Distant Generation May Fail!
[04Apr2026 00:42:04.547] [DH-Request Module Ticker [ae2:spatial_storage] Thread[0]/WARN] [DistantHorizons-LOD World Gen/]: If it does crash, disable Distant Generation or set the Generation Mode to [PRE_EXISTING_ONLY].
[04Apr2026 00:42:04.547] [DH-Request Module Ticker [ae2:spatial_storage] Thread[0]/INFO] [DistantHorizons-DistantHorizons-com.seibel.distanthorizons.core.generation.BatchGenerator/]: Batch Chunk Generator initialized
[04Apr2026 00:42:04.547] [DH-Request Module Ticker [ae2:spatial_storage] Thread[0]/INFO] [DistantHorizons-DistantHorizons-com.seibel.distanthorizons.core.generation.WorldGenerationQueue/]: Creating world gen queue
[04Apr2026 00:42:04.547] [DH-Request Module Ticker [ae2:spatial_storage] Thread[0]/INFO] [DistantHorizons-DistantHorizons-com.seibel.distanthorizons.core.generation.WorldGenerationQueue/]: Created world gen queue
[04Apr2026 00:42:04.547] [DH-Request Module Ticker [ae2:spatial_storage] Thread[0]/INFO] [DistantHorizons-DistantHorizons-com.seibel.distanthorizons.core.file.fullDatafile.GeneratedFullDataSourceProvider/]: Set world gen queue for level [ae2:spatial_storage].
[04Apr2026 00:42:04.672] [c2me-worker-4/WARN] [mixin/]: Method overwrite conflict for acquire in saturn.mixins.json:miscellaneous.threading_detector.PalettedContainerMixin from mod saturn, previously written by net.caffeinemc.mods.lithium.mixin.chunk.no_locking.PalettedContainerMixin. Skipping method.
[04Apr2026 00:42:04.673] [c2me-worker-4/WARN] [mixin/]: Method overwrite conflict for release in saturn.mixins.json:miscellaneous.threading_detector.PalettedContainerMixin from mod saturn, previously written by net.caffeinemc.mods.lithium.mixin.chunk.no_locking.PalettedContainerMixin. Skipping method.
[04Apr2026 00:42:04.742] [c2me-worker-7/INFO] [net.minecraft.server.level.progress.LoggerChunkProgressListener/]: Preparing spawn area: 0%
[04Apr2026 00:42:04.742] [c2me-worker-8/INFO] [net.minecraft.server.level.progress.LoggerChunkProgressListener/]: Preparing spawn area: 0%
[04Apr2026 00:42:04.742] [c2me-worker-0/INFO] [net.minecraft.server.level.progress.LoggerChunkProgressListener/]: Preparing spawn area: 0%
[04Apr2026 00:42:05.041] [Server thread/INFO] [net.minecraft.server.level.progress.LoggerChunkProgressListener/]: Preparing spawn area: 40%
[04Apr2026 00:42:05.547] [c2me-worker-4/INFO] [net.minecraft.server.level.progress.LoggerChunkProgressListener/]: Preparing spawn area: 81%
[04Apr2026 00:42:05.868] [Server thread/INFO] [net.minecraft.server.level.progress.LoggerChunkProgressListener/]: Time elapsed: 1334 ms
[04Apr2026 00:42:05.869] [Server thread/INFO] [net.minecraft.server.dedicated.DedicatedServer/]: Done (6.487s)! For help, type "help"
[04Apr2026 00:42:06.167] [Server thread/WARN] [net.neoforged.neoforge.server.LanguageHook/]: Skipped language file: crm:lang/en_us.json
java.lang.NullPointerException: Cannot invoke "com.google.gson.JsonObject.entrySet()" because "jsonobject" is null
	at TRANSFORMER/minecraft@1.21.1/net.minecraft.locale.Language.loadFromJson(Language.java:102) ~[server-1.21.1-20240808.144430-srg.jar%23444!/:?]
	at TRANSFORMER/neoforge@21.1.220/net.neoforged.neoforge.server.LanguageHook.loadLanguage(LanguageHook.java:65) ~[neoforge-21.1.220-universal.jar%23445!/:?]
	at TRANSFORMER/neoforge@21.1.220/net.neoforged.neoforge.server.LanguageHook.loadModLanguages(LanguageHook.java:103) ~[neoforge-21.1.220-universal.jar%23445!/:?]
	at TRANSFORMER/neoforge@21.1.220/net.neoforged.neoforge.server.ServerLifecycleHooks.handleServerStarting(ServerLifecycleHooks.java:103) ~[neoforge-21.1.220-universal.jar%23445!/:?]
	at TRANSFORMER/minecraft@1.21.1/net.minecraft.server.dedicated.DedicatedServer.initServer(DedicatedServer.java:230) ~[server-1.21.1-20240808.144430-srg.jar%23444!/:?]
	at TRANSFORMER/minecraft@1.21.1/net.minecraft.server.MinecraftServer.runServer(MinecraftServer.java:670) ~[server-1.21.1-20240808.144430-srg.jar%23444!/:?]
	at TRANSFORMER/minecraft@1.21.1/net.minecraft.server.MinecraftServer.lambda$spin$2(MinecraftServer.java:267) ~[server-1.21.1-20240808.144430-srg.jar%23444!/:?]
	at java.base/java.lang.Thread.run(Thread.java:1583) [?:?]
[04Apr2026 00:42:06.209] [Server thread/INFO] [net.neoforged.neoforge.server.permission.PermissionAPI/]: Successfully initialized permission handler neoforge:default_handler
[04Apr2026 00:42:06.215] [Server thread/INFO] [DragonLib/]: Starting DragonLib Network Manager (Server) worker thread...
[04Apr2026 00:42:06.226] [Server thread/INFO] [net.veroxuniverse.crystal_chronicles.CrystalChronicles/]: HELLO from server starting
[04Apr2026 00:42:06.226] [DragonLib Network Manager (Server)/INFO] [DragonLib/]: DragonLib Network Manager (Server) worker thread has been started.
[04Apr2026 00:42:06.272] [Server thread/INFO] [journeymap/]: Loaded journeymap_webmap.WebMapServiceProvider@11759918 for service interface journeymap.api.services.WebMapService
[04Apr2026 00:42:06.273] [Server thread/INFO] [journeymap/]: Loaded journeymap.common.helpers.NeoForgeClientHooks@5aa890fa for service interface journeymap.api.services.ClientPlatformService
[04Apr2026 00:42:06.274] [Server thread/INFO] [journeymap/]: Loaded journeymap.common.helpers.NeoForgeHooks@451ae779 for service interface journeymap.api.services.CommonPlatformService
[04Apr2026 00:42:06.304] [Server thread/INFO] [journeymap/]: Found @JourneyMapPlugin: journeymap.api.plugins.LoadedChunkOverlayPlugin
[04Apr2026 00:42:06.311] [Advanced Display Data Manager/INFO] [de.mrjulsen.crn.CreateRailwaysNavigator/]: Advanced Display Data Manager has been started.
[04Apr2026 00:42:06.313] [Server thread/INFO] [Observable/]: Registered thread Server thread
[04Apr2026 00:42:06.322] [CRN Train Listener Launcher/INFO] [de.mrjulsen.crn.CreateRailwaysNavigator/]: Train listener has been started.
[04Apr2026 00:42:06.326] [Server thread/INFO] [FTB Quests/]: Loading quests from /home/container/config/ftbquests/quests
[04Apr2026 00:42:06.328] [Server thread/INFO] [FTB Quests/]: loaded translation tables for 1 language(s)
[04Apr2026 00:42:06.354] [Server thread/INFO] [FTB Quests/]: Loaded 1 chapter groups, 4 chapters, 181 quests, 0 reward tables
[04Apr2026 00:42:06.358] [Server thread/INFO] [nadiendev.compactmachinerooms.CompactMachinerooms/]: Verificando estado del datapack de Compact Machines...
[04Apr2026 00:42:06.359] [Server thread/INFO] [nadiendev.compactmachinerooms.CompactMachinerooms/]: El datapack ya está habilitado: mod/compactmachines:data/compactmachines/datapacks/basic_templates
[04Apr2026 00:42:06.359] [Server thread/INFO] [com.finderfeed.fdlib.FDLib/]: Loading FD configs...
[04Apr2026 00:42:06.359] [Server thread/INFO] [com.finderfeed.fdlib.FDLib/]: Loading config fdbosses:bosses
[04Apr2026 00:42:06.360] [Server thread/INFO] [com.finderfeed.fdlib.FDLib/]: Loading config fdlib:test
[04Apr2026 00:42:06.361] [Server thread/INFO] [com.finderfeed.fdlib.FDLib/]: Loading config fdlib:fdlib_client
[04Apr2026 00:42:06.361] [Server thread/INFO] [com.finderfeed.fdlib.FDLib/]: Loaded FD configs.
[04Apr2026 00:42:06.365] [Server thread/INFO] [com.cupboard.Cupboard/]: Loaded config for: smoothchunk.json
[04Apr2026 00:42:06.365] [Server thread/INFO] [com.cupboard.Cupboard/]: Loaded config for: chunksending.json
[04Apr2026 00:42:06.437] [Server thread/INFO] [cyclopscore/]: Loading infobook /data/cyclopscore/info/test.xml
[04Apr2026 00:42:06.444] [Server thread/INFO] [integrateddynamics/]: Loading infobook /data/integrateddynamics/info/on_the_dynamics_of_integration.xml
[04Apr2026 00:42:06.647] [VoiceChatServerThread/INFO] [voicechat/]: [voicechat] Voice chat server started at port 24454
[04Apr2026 00:42:06.648] [Server thread/INFO] [patchouli/]: Sending reload packet to clients
[04Apr2026 00:42:06.828] [Server thread/INFO] [immersiveengineering/]: Couldn't fully analyze 1 mysticalagriculture:supremium_hoe, missing knowledge for {1 mysticalagriculture:imperium_hoe=1.0}
[04Apr2026 00:42:06.828] [Server thread/INFO] [immersiveengineering/]: Couldn't fully analyze 1 mysticalagriculture:supremium_pickaxe, missing knowledge for {1 mysticalagriculture:imperium_pickaxe=1.0}
[04Apr2026 00:42:06.828] [Server thread/INFO] [immersiveengineering/]: Couldn't fully analyze 1 mysticalagriculture:inferium_sword, missing knowledge for {1 minecraft:diamond_sword=1.0}
[04Apr2026 00:42:06.828] [Server thread/INFO] [immersiveengineering/]: Couldn't fully analyze 1 mysticalagriculture:inferium_chestplate, missing knowledge for {1 minecraft:diamond_chestplate=1.0}
[04Apr2026 00:42:06.828] [Server thread/INFO] [immersiveengineering/]: Couldn't fully analyze 1 mysticalagriculture:inferium_boots, missing knowledge for {1 minecraft:diamond_boots=1.0}
[04Apr2026 00:42:06.829] [Server thread/INFO] [immersiveengineering/]: Couldn't fully analyze 1 mysticalagriculture:inferium_pickaxe, missing knowledge for {1 minecraft:diamond_pickaxe=1.0}
[04Apr2026 00:42:06.829] [Server thread/INFO] [immersiveengineering/]: Couldn't fully analyze 1 mysticalagriculture:tertium_chestplate, missing knowledge for {1 mysticalagriculture:prudentium_chestplate=1.0}
[04Apr2026 00:42:06.829] [Server thread/INFO] [immersiveengineering/]: Couldn't fully analyze 1 mysticalagriculture:inferium_sickle, missing knowledge for {1 mysticalagriculture:diamond_sickle=1.0}
[04Apr2026 00:42:06.829] [Server thread/INFO] [immersiveengineering/]: Couldn't fully analyze 1 irons_spellbooks:paladin_chestplate, missing knowledge for {1 irons_spellbooks:priest_chestplate=1.0}
[04Apr2026 00:42:06.829] [Server thread/INFO] [immersiveengineering/]: Couldn't fully analyze 1 mysticalagriculture:inferium_scythe, missing knowledge for {1 mysticalagriculture:diamond_scythe=1.0}
[04Apr2026 00:42:06.829] [Server thread/INFO] [immersiveengineering/]: Couldn't fully analyze 1 mysticalagriculture:tertium_shovel, missing knowledge for {1 mysticalagriculture:prudentium_shovel=1.0}
[04Apr2026 00:42:06.829] [Server thread/INFO] [immersiveengineering/]: Couldn't fully analyze 1 mysticalagriculture:prudentium_pickaxe, missing knowledge for {1 mysticalagriculture:inferium_pickaxe=1.0}
[04Apr2026 00:42:06.829] [Server thread/INFO] [immersiveengineering/]: Couldn't fully analyze 1 mysticalagriculture:imperium_sickle, missing knowledge for {1 mysticalagriculture:tertium_sickle=1.0}
[04Apr2026 00:42:06.829] [Server thread/INFO] [immersiveengineering/]: Couldn't fully analyze 1 irons_spellbooks:infernal_sorcerer_chestplate, missing knowledge for {1 irons_spellbooks:pyromancer_chestplate=1.0}
[04Apr2026 00:42:06.829] [Server thread/INFO] [immersiveengineering/]: Couldn't fully analyze 1 pneumaticcraft:compressed_iron_boots, missing knowledge for {1 minecraft:leather_boots=1.0}
[04Apr2026 00:42:06.829] [Server thread/INFO] [immersiveengineering/]: Couldn't fully analyze 1 mysticalagriculture:imperium_leggings, missing knowledge for {1 mysticalagriculture:tertium_leggings=1.0}
[04Apr2026 00:42:06.829] [Server thread/INFO] [immersiveengineering/]: Couldn't fully analyze 1 mysticalagriculture:supremium_scythe, missing knowledge for {1 mysticalagriculture:imperium_scythe=1.0}
[04Apr2026 00:42:06.830] [Server thread/INFO] [immersiveengineering/]: Couldn't fully analyze 1 mysticalagriculture:tertium_pickaxe, missing knowledge for {1 mysticalagriculture:prudentium_pickaxe=1.0}
[04Apr2026 00:42:06.830] [Server thread/INFO] [immersiveengineering/]: Couldn't fully analyze 1 pneumaticcraft:pneumatic_leggings, missing knowledge for {1 pneumaticcraft:compressed_iron_leggings=1.0}
[04Apr2026 00:42:06.830] [Server thread/INFO] [immersiveengineering/]: Couldn't fully analyze 1 mysticalagriculture:prudentium_axe, missing knowledge for {1 mysticalagriculture:inferium_axe=1.0}
[04Apr2026 00:42:06.830] [Server thread/INFO] [immersiveengineering/]: Couldn't fully analyze 1 mysticalagriculture:tertium_sickle, missing knowledge for {1 mysticalagriculture:prudentium_sickle=1.0}
[04Apr2026 00:42:06.830] [Server thread/INFO] [immersiveengineering/]: Couldn't fully analyze 1 mysticalagriculture:tertium_axe, missing knowledge for {1 mysticalagriculture:prudentium_axe=1.0}
[04Apr2026 00:42:06.830] [Server thread/INFO] [immersiveengineering/]: Couldn't fully analyze 1 mysticalagriculture:supremium_chestplate, missing knowledge for {1 mysticalagriculture:imperium_chestplate=1.0}
[04Apr2026 00:42:06.830] [Server thread/INFO] [immersiveengineering/]: Couldn't fully analyze 1 mysticalagriculture:prudentium_scythe, missing knowledge for {1 mysticalagriculture:inferium_scythe=1.0}
[04Apr2026 00:42:06.830] [Server thread/INFO] [immersiveengineering/]: Couldn't fully analyze 1 mysticalagriculture:inferium_helmet, missing knowledge for {1 minecraft:diamond_helmet=1.0}
[04Apr2026 00:42:06.830] [Server thread/INFO] [immersiveengineering/]: Couldn't fully analyze 1 pneumaticcraft:compressed_iron_leggings, missing knowledge for {1 minecraft:leather_leggings=1.0}
[04Apr2026 00:42:06.830] [Server thread/INFO] [immersiveengineering/]: Couldn't fully analyze 1 mysticalagriculture:supremium_shovel, missing knowledge for {1 mysticalagriculture:imperium_shovel=1.0}
[04Apr2026 00:42:06.830] [Server thread/INFO] [immersiveengineering/]: Couldn't fully analyze 1 mysticalagriculture:tertium_helmet, missing knowledge for {1 mysticalagriculture:prudentium_helmet=1.0}
[04Apr2026 00:42:06.830] [Server thread/INFO] [immersiveengineering/]: Couldn't fully analyze 1 mysticalagriculture:inferium_leggings, missing knowledge for {1 minecraft:diamond_leggings=1.0}
[04Apr2026 00:42:06.830] [Server thread/INFO] [immersiveengineering/]: Couldn't fully analyze 1 mysticalagriculture:tertium_sword, missing knowledge for {1 mysticalagriculture:prudentium_sword=1.0}
[04Apr2026 00:42:06.831] [Server thread/INFO] [immersiveengineering/]: Couldn't fully analyze 1 mysticalagriculture:imperium_shovel, missing knowledge for {1 mysticalagriculture:tertium_shovel=1.0}
[04Apr2026 00:42:06.831] [Server thread/INFO] [immersiveengineering/]: Couldn't fully analyze 1 oritech:jetpack_exo_elytra, missing knowledge for {1 oritech:exo_chestplate=1.0}
[04Apr2026 00:42:06.831] [Server thread/INFO] [immersiveengineering/]: Couldn't fully analyze 1 mysticalagriculture:imperium_hoe, missing knowledge for {1 mysticalagriculture:tertium_hoe=1.0}
[04Apr2026 00:42:06.831] [Server thread/INFO] [immersiveengineering/]: Couldn't fully analyze 1 mysticalagriculture:imperium_boots, missing knowledge for {1 mysticalagriculture:tertium_boots=1.0}
[04Apr2026 00:42:06.831] [Server thread/INFO] [immersiveengineering/]: Couldn't fully analyze 1 mysticalagriculture:imperium_helmet, missing knowledge for {1 mysticalagriculture:tertium_helmet=1.0}
[04Apr2026 00:42:06.831] [Server thread/INFO] [immersiveengineering/]: Couldn't fully analyze 1 mysticalagriculture:imperium_scythe, missing knowledge for {1 mysticalagriculture:tertium_scythe=1.0}
[04Apr2026 00:42:06.831] [Server thread/INFO] [immersiveengineering/]: Couldn't fully analyze 1 mysticalagriculture:prudentium_leggings, missing knowledge for {1 mysticalagriculture:inferium_leggings=1.0}
[04Apr2026 00:42:06.831] [Server thread/INFO] [immersiveengineering/]: Couldn't fully analyze 1 mysticalagriculture:tertium_hoe, missing knowledge for {1 mysticalagriculture:prudentium_hoe=1.0}
[04Apr2026 00:42:06.831] [Server thread/INFO] [immersiveengineering/]: Couldn't fully analyze 1 oritech:exo_jetpack, missing knowledge for {1 oritech:exo_chestplate=1.0}
[04Apr2026 00:42:06.831] [Server thread/INFO] [immersiveengineering/]: Couldn't fully analyze 1 mysticalagriculture:tertium_scythe, missing knowledge for {1 mysticalagriculture:prudentium_scythe=1.0}
[04Apr2026 00:42:06.831] [Server thread/INFO] [immersiveengineering/]: Couldn't fully analyze 1 mysticalagriculture:imperium_pickaxe, missing knowledge for {1 mysticalagriculture:tertium_pickaxe=1.0}
[04Apr2026 00:42:06.831] [Server thread/INFO] [immersiveengineering/]: Couldn't fully analyze 1 mysticalagriculture:supremium_helmet, missing knowledge for {1 mysticalagriculture:imperium_helmet=1.0}
[04Apr2026 00:42:06.832] [Server thread/INFO] [immersiveengineering/]: Couldn't fully analyze 1 mysticalagriculture:inferium_hoe, missing knowledge for {1 minecraft:diamond_hoe=1.0}
[04Apr2026 00:42:06.832] [Server thread/INFO] [immersiveengineering/]: Couldn't fully analyze 1 mysticalagriculture:supremium_boots, missing knowledge for {1 mysticalagriculture:imperium_boots=1.0}
[04Apr2026 00:42:06.832] [Server thread/INFO] [immersiveengineering/]: Couldn't fully analyze 1 mysticalagriculture:supremium_leggings, missing knowledge for {1 mysticalagriculture:imperium_leggings=1.0}
[04Apr2026 00:42:06.832] [Server thread/INFO] [immersiveengineering/]: Couldn't fully analyze 1 mysticalagriculture:prudentium_sickle, missing knowledge for {1 mysticalagriculture:inferium_sickle=1.0}
[04Apr2026 00:42:06.832] [Server thread/INFO] [immersiveengineering/]: Couldn't fully analyze 1 mysticalagriculture:prudentium_boots, missing knowledge for {1 mysticalagriculture:inferium_boots=1.0}
[04Apr2026 00:42:06.832] [Server thread/INFO] [immersiveengineering/]: Couldn't fully analyze 1 mysticalagriculture:prudentium_chestplate, missing knowledge for {1 mysticalagriculture:inferium_chestplate=1.0}
[04Apr2026 00:42:06.832] [Server thread/INFO] [immersiveengineering/]: Couldn't fully analyze 1 mysticalagriculture:prudentium_helmet, missing knowledge for {1 mysticalagriculture:inferium_helmet=1.0}
[04Apr2026 00:42:06.832] [Server thread/INFO] [immersiveengineering/]: Couldn't fully analyze 1 mysticalagriculture:prudentium_shovel, missing knowledge for {1 mysticalagriculture:inferium_shovel=1.0}
[04Apr2026 00:42:06.832] [Server thread/INFO] [immersiveengineering/]: Couldn't fully analyze 1 pneumaticcraft:compressed_iron_chestplate, missing knowledge for {1 minecraft:leather_chestplate=1.0}
[04Apr2026 00:42:06.832] [Server thread/INFO] [immersiveengineering/]: Couldn't fully analyze 1 mekanism:free_runners_armored, missing knowledge for {1 mekanism:free_runners=1.0}
[04Apr2026 00:42:06.832] [Server thread/INFO] [immersiveengineering/]: Couldn't fully analyze 1 mysticalagriculture:supremium_sickle, missing knowledge for {1 mysticalagriculture:imperium_sickle=1.0}
[04Apr2026 00:42:06.832] [Server thread/INFO] [immersiveengineering/]: Couldn't fully analyze 1 mysticalagriculture:supremium_axe, missing knowledge for {1 mysticalagriculture:imperium_axe=1.0}
[04Apr2026 00:42:06.832] [Server thread/INFO] [immersiveengineering/]: Couldn't fully analyze 1 mysticalagriculture:prudentium_hoe, missing knowledge for {1 mysticalagriculture:inferium_hoe=1.0}
[04Apr2026 00:42:06.833] [Server thread/INFO] [immersiveengineering/]: Couldn't fully analyze 1 mysticalagriculture:imperium_sword, missing knowledge for {1 mysticalagriculture:tertium_sword=1.0}
[04Apr2026 00:42:06.833] [Server thread/INFO] [immersiveengineering/]: Couldn't fully analyze 1 mysticalagriculture:imperium_chestplate, missing knowledge for {1 mysticalagriculture:tertium_chestplate=1.0}
[04Apr2026 00:42:06.833] [Server thread/INFO] [immersiveengineering/]: Couldn't fully analyze 1 mysticalagriculture:tertium_leggings, missing knowledge for {1 mysticalagriculture:prudentium_leggings=1.0}
[04Apr2026 00:42:06.833] [Server thread/INFO] [immersiveengineering/]: Couldn't fully analyze 1 mysticalagriculture:tertium_boots, missing knowledge for {1 mysticalagriculture:prudentium_boots=1.0}
[04Apr2026 00:42:06.833] [Server thread/INFO] [immersiveengineering/]: Couldn't fully analyze 1 pneumaticcraft:compressed_iron_helmet, missing knowledge for {1 minecraft:leather_helmet=1.0}
[04Apr2026 00:42:06.833] [Server thread/INFO] [immersiveengineering/]: Couldn't fully analyze 1 mysticalagriculture:inferium_axe, missing knowledge for {1 minecraft:diamond_axe=1.0}
[04Apr2026 00:42:06.833] [Server thread/INFO] [immersiveengineering/]: Couldn't fully analyze 1 mysticalagriculture:prudentium_sword, missing knowledge for {1 mysticalagriculture:inferium_sword=1.0}
[04Apr2026 00:42:06.833] [Server thread/INFO] [immersiveengineering/]: Couldn't fully analyze 1 mysticalagriculture:supremium_sword, missing knowledge for {1 mysticalagriculture:imperium_sword=1.0}
[04Apr2026 00:42:06.833] [Server thread/INFO] [immersiveengineering/]: Couldn't fully analyze 1 mysticalagriculture:inferium_shovel, missing knowledge for {1 minecraft:diamond_shovel=1.0}
[04Apr2026 00:42:06.833] [Server thread/INFO] [immersiveengineering/]: Couldn't fully analyze 1 mysticalagriculture:imperium_axe, missing knowledge for {1 mysticalagriculture:tertium_axe=1.0}
[04Apr2026 00:42:06.833] [Server thread/INFO] [immersiveengineering/]: Finished recipe profiler for Arc Recycling, took 185 milliseconds
[04Apr2026 00:42:06.837] [Server thread/INFO] [neruina/]: Auto report config loaded for mod: "copycats"
[04Apr2026 00:52:06.837] [Server thread/INFO] [AllTheLeaks/]: Listing events...
[04Apr2026 00:52:06.838] [Server thread/INFO] [AllTheLeaks/]: Listing memory leaks so far...
[04Apr2026 00:52:06.838] [Server thread/INFO] [AllTheLeaks/]: Waiting to stabilize [2/10]
[04Apr2026 00:52:06.838] [Server thread/INFO] [AllTheLeaks/]: No memory leak detected!
[04Apr2026 01:02:06.884] [Server thread/INFO] [AllTheLeaks/]: Listing events...
[04Apr2026 01:02:06.884] [Server thread/INFO] [AllTheLeaks/]: Listing memory leaks so far...
[04Apr2026 01:02:06.886] [Server thread/INFO] [AllTheLeaks/]: B: 2182MB / C: 2182MB / Diff: +0MB
[04Apr2026 01:02:06.886] [Server thread/INFO] [AllTheLeaks/]: No memory leak detected!
[04Apr2026 01:12:06.934] [Server thread/INFO] [AllTheLeaks/]: Listing events...
[04Apr2026 01:12:06.934] [Server thread/INFO] [AllTheLeaks/]: Listing memory leaks so far...
[04Apr2026 01:12:06.934] [Server thread/INFO] [AllTheLeaks/]: B: 2147MB / C: 2151MB / Diff: +4MB
[04Apr2026 01:12:06.934] [Server thread/INFO] [AllTheLeaks/]: No memory leak detected!
[04Apr2026 01:22:06.984] [Server thread/INFO] [AllTheLeaks/]: Listing events...
[04Apr2026 01:22:06.984] [Server thread/INFO] [AllTheLeaks/]: Listing memory leaks so far...
[04Apr2026 01:22:06.984] [Server thread/INFO] [AllTheLeaks/]: B: 2130MB / C: 2130MB / Diff: +0MB
[04Apr2026 01:22:06.984] [Server thread/INFO] [AllTheLeaks/]: No memory leak detected!
[04Apr2026 01:32:07.034] [Server thread/INFO] [AllTheLeaks/]: Listing events...
[04Apr2026 01:32:07.034] [Server thread/INFO] [AllTheLeaks/]: Listing memory leaks so far...
[04Apr2026 01:32:07.034] [Server thread/INFO] [AllTheLeaks/]: B: 2121MB / C: 2125MB / Diff: +4MB
[04Apr2026 01:32:07.034] [Server thread/INFO] [AllTheLeaks/]: No memory leak detected!
[04Apr2026 01:42:07.084] [Server thread/INFO] [AllTheLeaks/]: Listing events...
[04Apr2026 01:42:07.084] [Server thread/INFO] [AllTheLeaks/]: Listing memory leaks so far...
[04Apr2026 01:42:07.084] [Server thread/INFO] [AllTheLeaks/]: B: 2115MB / C: 2117MB / Diff: +2MB
[04Apr2026 01:42:07.084] [Server thread/INFO] [AllTheLeaks/]: No memory leak detected!
[04Apr2026 01:52:07.134] [Server thread/INFO] [AllTheLeaks/]: Listing events...
[04Apr2026 01:52:07.134] [Server thread/INFO] [AllTheLeaks/]: Listing memory leaks so far...
[04Apr2026 01:52:07.134] [Server thread/INFO] [AllTheLeaks/]: B: 2102MB / C: 2102MB / Diff: +0MB
[04Apr2026 01:52:07.134] [Server thread/INFO] [AllTheLeaks/]: No memory leak detected!
[04Apr2026 02:02:07.184] [Server thread/INFO] [AllTheLeaks/]: Listing events...
[04Apr2026 02:02:07.184] [Server thread/INFO] [AllTheLeaks/]: Listing memory leaks so far...
[04Apr2026 02:02:07.184] [Server thread/INFO] [AllTheLeaks/]: B: 2099MB / C: 2100MB / Diff: +1MB
[04Apr2026 02:02:07.184] [Server thread/INFO] [AllTheLeaks/]: No memory leak detected!
[04Apr2026 02:12:07.234] [Server thread/INFO] [AllTheLeaks/]: Listing events...
[04Apr2026 02:12:07.234] [Server thread/INFO] [AllTheLeaks/]: Listing memory leaks so far...
[04Apr2026 02:12:07.234] [Server thread/INFO] [AllTheLeaks/]: B: 2096MB / C: 2098MB / Diff: +2MB
[04Apr2026 02:12:07.234] [Server thread/INFO] [AllTheLeaks/]: No memory leak detected!
[04Apr2026 02:22:07.284] [Server thread/INFO] [AllTheLeaks/]: Listing events...
[04Apr2026 02:22:07.284] [Server thread/INFO] [AllTheLeaks/]: Listing memory leaks so far...
[04Apr2026 02:22:07.284] [Server thread/INFO] [AllTheLeaks/]: B: 2092MB / C: 2092MB / Diff: +0MB
[04Apr2026 02:22:07.284] [Server thread/INFO] [AllTheLeaks/]: No memory leak detected!
[04Apr2026 02:32:07.334] [Server thread/INFO] [AllTheLeaks/]: Listing events...
[04Apr2026 02:32:07.334] [Server thread/INFO] [AllTheLeaks/]: Listing memory leaks so far...
[04Apr2026 02:32:07.334] [Server thread/INFO] [AllTheLeaks/]: B: 2092MB / C: 2093MB / Diff: +1MB
[04Apr2026 02:32:07.334] [Server thread/INFO] [AllTheLeaks/]: No memory leak detected!
[04Apr2026 02:42:07.384] [Server thread/INFO] [AllTheLeaks/]: Listing events...
[04Apr2026 02:42:07.384] [Server thread/INFO] [AllTheLeaks/]: Listing memory leaks so far...
[04Apr2026 02:42:07.384] [Server thread/INFO] [AllTheLeaks/]: B: 2092MB / C: 2093MB / Diff: +1MB
[04Apr2026 02:42:07.384] [Server thread/INFO] [AllTheLeaks/]: No memory leak detected!
[04Apr2026 02:52:07.434] [Server thread/INFO] [AllTheLeaks/]: Listing events...
[04Apr2026 02:52:07.434] [Server thread/INFO] [AllTheLeaks/]: Listing memory leaks so far...
[04Apr2026 02:52:07.434] [Server thread/INFO] [AllTheLeaks/]: B: 2091MB / C: 2091MB / Diff: +0MB
[04Apr2026 02:52:07.434] [Server thread/INFO] [AllTheLeaks/]: No memory leak detected!
[04Apr2026 03:02:07.484] [Server thread/INFO] [AllTheLeaks/]: Listing events...
[04Apr2026 03:02:07.484] [Server thread/INFO] [AllTheLeaks/]: Listing memory leaks so far...
[04Apr2026 03:02:07.484] [Server thread/INFO] [AllTheLeaks/]: B: 2090MB / C: 2090MB / Diff: +0MB
[04Apr2026 03:02:07.484] [Server thread/INFO] [AllTheLeaks/]: No memory leak detected!
[04Apr2026 03:12:07.534] [Server thread/INFO] [AllTheLeaks/]: Listing events...
[04Apr2026 03:12:07.534] [Server thread/INFO] [AllTheLeaks/]: Listing memory leaks so far...
[04Apr2026 03:12:07.534] [Server thread/INFO] [AllTheLeaks/]: B: 2089MB / C: 2090MB / Diff: +1MB
[04Apr2026 03:12:07.534] [Server thread/INFO] [AllTheLeaks/]: No memory leak detected!
[04Apr2026 03:22:07.584] [Server thread/INFO] [AllTheLeaks/]: Listing events...
[04Apr2026 03:22:07.584] [Server thread/INFO] [AllTheLeaks/]: Listing memory leaks so far...
[04Apr2026 03:22:07.584] [Server thread/INFO] [AllTheLeaks/]: B: 2089MB / C: 2090MB / Diff: +1MB
[04Apr2026 03:22:07.584] [Server thread/INFO] [AllTheLeaks/]: No memory leak detected!
[04Apr2026 03:32:07.634] [Server thread/INFO] [AllTheLeaks/]: Listing events...
[04Apr2026 03:32:07.634] [Server thread/INFO] [AllTheLeaks/]: Listing memory leaks so far...
[04Apr2026 03:32:07.634] [Server thread/INFO] [AllTheLeaks/]: B: 2089MB / C: 2089MB / Diff: +0MB
[04Apr2026 03:32:07.634] [Server thread/INFO] [AllTheLeaks/]: No memory leak detected!
[04Apr2026 03:42:07.684] [Server thread/INFO] [AllTheLeaks/]: Listing events...
[04Apr2026 03:42:07.684] [Server thread/INFO] [AllTheLeaks/]: Listing memory leaks so far...
[04Apr2026 03:42:07.684] [Server thread/INFO] [AllTheLeaks/]: B: 2088MB / C: 2089MB / Diff: +1MB
[04Apr2026 03:42:07.684] [Server thread/INFO] [AllTheLeaks/]: No memory leak detected!
[04Apr2026 03:52:07.734] [Server thread/INFO] [AllTheLeaks/]: Listing events...
[04Apr2026 03:52:07.734] [Server thread/INFO] [AllTheLeaks/]: Listing memory leaks so far...
[04Apr2026 03:52:07.734] [Server thread/INFO] [AllTheLeaks/]: B: 2085MB / C: 2087MB / Diff: +2MB
[04Apr2026 03:52:07.734] [Server thread/INFO] [AllTheLeaks/]: No memory leak detected!
[04Apr2026 04:02:07.784] [Server thread/INFO] [AllTheLeaks/]: Listing events...
[04Apr2026 04:02:07.784] [Server thread/INFO] [AllTheLeaks/]: Listing memory leaks so far...
[04Apr2026 04:02:07.784] [Server thread/INFO] [AllTheLeaks/]: B: 2083MB / C: 2083MB / Diff: +0MB
[04Apr2026 04:02:07.784] [Server thread/INFO] [AllTheLeaks/]: No memory leak detected!
[04Apr2026 04:12:07.834] [Server thread/INFO] [AllTheLeaks/]: Listing events...
[04Apr2026 04:12:07.834] [Server thread/INFO] [AllTheLeaks/]: Listing memory leaks so far...
[04Apr2026 04:12:07.834] [Server thread/INFO] [AllTheLeaks/]: B: 2082MB / C: 2083MB / Diff: +1MB
[04Apr2026 04:12:07.834] [Server thread/INFO] [AllTheLeaks/]: No memory leak detected!
[04Apr2026 04:22:07.884] [Server thread/INFO] [AllTheLeaks/]: Listing events...
[04Apr2026 04:22:07.884] [Server thread/INFO] [AllTheLeaks/]: Listing memory leaks so far...
[04Apr2026 04:22:07.884] [Server thread/INFO] [AllTheLeaks/]: B: 2082MB / C: 2083MB / Diff: +1MB
[04Apr2026 04:22:07.884] [Server thread/INFO] [AllTheLeaks/]: No memory leak detected!
[04Apr2026 04:32:07.934] [Server thread/INFO] [AllTheLeaks/]: Listing events...
[04Apr2026 04:32:07.934] [Server thread/INFO] [AllTheLeaks/]: Listing memory leaks so far...
[04Apr2026 04:32:07.934] [Server thread/INFO] [AllTheLeaks/]: B: 2081MB / C: 2081MB / Diff: +0MB
[04Apr2026 04:32:07.934] [Server thread/INFO] [AllTheLeaks/]: No memory leak detected!
[04Apr2026 04:42:07.984] [Server thread/INFO] [AllTheLeaks/]: Listing events...
[04Apr2026 04:42:07.984] [Server thread/INFO] [AllTheLeaks/]: Listing memory leaks so far...
[04Apr2026 04:42:07.984] [Server thread/INFO] [AllTheLeaks/]: B: 2081MB / C: 2082MB / Diff: +1MB
[04Apr2026 04:42:07.984] [Server thread/INFO] [AllTheLeaks/]: No memory leak detected!
[04Apr2026 04:52:08.034] [Server thread/INFO] [AllTheLeaks/]: Listing events...
[04Apr2026 04:52:08.034] [Server thread/INFO] [AllTheLeaks/]: Listing memory leaks so far...
[04Apr2026 04:52:08.034] [Server thread/INFO] [AllTheLeaks/]: B: 2081MB / C: 2082MB / Diff: +1MB
[04Apr2026 04:52:08.034] [Server thread/INFO] [AllTheLeaks/]: No memory leak detected!
[04Apr2026 05:02:08.084] [Server thread/INFO] [AllTheLeaks/]: Listing events...
[04Apr2026 05:02:08.084] [Server thread/INFO] [AllTheLeaks/]: Listing memory leaks so far...
[04Apr2026 05:02:08.084] [Server thread/INFO] [AllTheLeaks/]: B: 2081MB / C: 2081MB / Diff: +0MB
[04Apr2026 05:02:08.084] [Server thread/INFO] [AllTheLeaks/]: No memory leak detected!
[04Apr2026 05:12:08.134] [Server thread/INFO] [AllTheLeaks/]: Listing events...
[04Apr2026 05:12:08.134] [Server thread/INFO] [AllTheLeaks/]: Listing memory leaks so far...
[04Apr2026 05:12:08.134] [Server thread/INFO] [AllTheLeaks/]: B: 2081MB / C: 2081MB / Diff: +0MB
[04Apr2026 05:12:08.134] [Server thread/INFO] [AllTheLeaks/]: No memory leak detected!
[04Apr2026 05:22:08.184] [Server thread/INFO] [AllTheLeaks/]: Listing events...
[04Apr2026 05:22:08.184] [Server thread/INFO] [AllTheLeaks/]: Listing memory leaks so far...
[04Apr2026 05:22:08.184] [Server thread/INFO] [AllTheLeaks/]: B: 2081MB / C: 2082MB / Diff: +1MB
[04Apr2026 05:22:08.184] [Server thread/INFO] [AllTheLeaks/]: No memory leak detected!
[04Apr2026 05:32:08.234] [Server thread/INFO] [AllTheLeaks/]: Listing events...
[04Apr2026 05:32:08.234] [Server thread/INFO] [AllTheLeaks/]: Listing memory leaks so far...
[04Apr2026 05:32:08.234] [Server thread/INFO] [AllTheLeaks/]: B: 2081MB / C: 2082MB / Diff: +1MB
[04Apr2026 05:32:08.234] [Server thread/INFO] [AllTheLeaks/]: No memory leak detected!
[04Apr2026 05:42:08.284] [Server thread/INFO] [AllTheLeaks/]: Listing events...
[04Apr2026 05:42:08.284] [Server thread/INFO] [AllTheLeaks/]: Listing memory leaks so far...
[04Apr2026 05:42:08.284] [Server thread/INFO] [AllTheLeaks/]: B: 2081MB / C: 2081MB / Diff: +0MB
[04Apr2026 05:42:08.284] [Server thread/INFO] [AllTheLeaks/]: No memory leak detected!
[04Apr2026 05:52:08.334] [Server thread/INFO] [AllTheLeaks/]: Listing events...
[04Apr2026 05:52:08.334] [Server thread/INFO] [AllTheLeaks/]: Listing memory leaks so far...
[04Apr2026 05:52:08.334] [Server thread/INFO] [AllTheLeaks/]: B: 2081MB / C: 2082MB / Diff: +1MB
[04Apr2026 05:52:08.334] [Server thread/INFO] [AllTheLeaks/]: No memory leak detected!
[04Apr2026 06:02:08.384] [Server thread/INFO] [AllTheLeaks/]: Listing events...
[04Apr2026 06:02:08.384] [Server thread/INFO] [AllTheLeaks/]: Listing memory leaks so far...
[04Apr2026 06:02:08.384] [Server thread/INFO] [AllTheLeaks/]: B: 2081MB / C: 2082MB / Diff: +1MB
[04Apr2026 06:02:08.384] [Server thread/INFO] [AllTheLeaks/]: No memory leak detected!
[04Apr2026 06:12:08.434] [Server thread/INFO] [AllTheLeaks/]: Listing events...
[04Apr2026 06:12:08.434] [Server thread/INFO] [AllTheLeaks/]: Listing memory leaks so far...
[04Apr2026 06:12:08.434] [Server thread/INFO] [AllTheLeaks/]: B: 2081MB / C: 2081MB / Diff: +0MB
[04Apr2026 06:12:08.434] [Server thread/INFO] [AllTheLeaks/]: No memory leak detected!
[04Apr2026 06:22:08.484] [Server thread/INFO] [AllTheLeaks/]: Listing events...
[04Apr2026 06:22:08.484] [Server thread/INFO] [AllTheLeaks/]: Listing memory leaks so far...
[04Apr2026 06:22:08.484] [Server thread/INFO] [AllTheLeaks/]: B: 2081MB / C: 2082MB / Diff: +1MB
[04Apr2026 06:22:08.484] [Server thread/INFO] [AllTheLeaks/]: No memory leak detected!
[04Apr2026 06:32:08.534] [Server thread/INFO] [AllTheLeaks/]: Listing events...
[04Apr2026 06:32:08.534] [Server thread/INFO] [AllTheLeaks/]: Listing memory leaks so far...
[04Apr2026 06:32:08.534] [Server thread/INFO] [AllTheLeaks/]: B: 2081MB / C: 2081MB / Diff: +0MB
[04Apr2026 06:32:08.534] [Server thread/INFO] [AllTheLeaks/]: No memory leak detected!
[04Apr2026 06:42:08.584] [Server thread/INFO] [AllTheLeaks/]: Listing events...
[04Apr2026 06:42:08.584] [Server thread/INFO] [AllTheLeaks/]: Listing memory leaks so far...
[04Apr2026 06:42:08.584] [Server thread/INFO] [AllTheLeaks/]: B: 2081MB / C: 2081MB / Diff: +0MB
[04Apr2026 06:42:08.584] [Server thread/INFO] [AllTheLeaks/]: No memory leak detected!
[04Apr2026 06:52:08.634] [Server thread/INFO] [AllTheLeaks/]: Listing events...
[04Apr2026 06:52:08.634] [Server thread/INFO] [AllTheLeaks/]: Listing memory leaks so far...
[04Apr2026 06:52:08.634] [Server thread/INFO] [AllTheLeaks/]: B: 2081MB / C: 2082MB / Diff: +1MB
[04Apr2026 06:52:08.634] [Server thread/INFO] [AllTheLeaks/]: No memory leak detected!
[04Apr2026 07:02:08.684] [Server thread/INFO] [AllTheLeaks/]: Listing events...
[04Apr2026 07:02:08.684] [Server thread/INFO] [AllTheLeaks/]: Listing memory leaks so far...
[04Apr2026 07:02:08.684] [Server thread/INFO] [AllTheLeaks/]: B: 2081MB / C: 2082MB / Diff: +1MB
[04Apr2026 07:02:08.684] [Server thread/INFO] [AllTheLeaks/]: No memory leak detected!
[04Apr2026 07:12:08.734] [Server thread/INFO] [AllTheLeaks/]: Listing events...
[04Apr2026 07:12:08.734] [Server thread/INFO] [AllTheLeaks/]: Listing memory leaks so far...
[04Apr2026 07:12:08.734] [Server thread/INFO] [AllTheLeaks/]: B: 2081MB / C: 2082MB / Diff: +1MB
[04Apr2026 07:12:08.734] [Server thread/INFO] [AllTheLeaks/]: No memory leak detected!
[04Apr2026 07:22:08.784] [Server thread/INFO] [AllTheLeaks/]: Listing events...
[04Apr2026 07:22:08.784] [Server thread/INFO] [AllTheLeaks/]: Listing memory leaks so far...
[04Apr2026 07:22:08.784] [Server thread/INFO] [AllTheLeaks/]: B: 2081MB / C: 2082MB / Diff: +1MB
[04Apr2026 07:22:08.784] [Server thread/INFO] [AllTheLeaks/]: No memory leak detected!
[04Apr2026 07:32:08.834] [Server thread/INFO] [AllTheLeaks/]: Listing events...
[04Apr2026 07:32:08.834] [Server thread/INFO] [AllTheLeaks/]: Listing memory leaks so far...
[04Apr2026 07:32:08.834] [Server thread/INFO] [AllTheLeaks/]: B: 2081MB / C: 2082MB / Diff: +1MB
[04Apr2026 07:32:08.834] [Server thread/INFO] [AllTheLeaks/]: No memory leak detected!
[04Apr2026 07:42:08.884] [Server thread/INFO] [AllTheLeaks/]: Listing events...
[04Apr2026 07:42:08.884] [Server thread/INFO] [AllTheLeaks/]: Listing memory leaks so far...
[04Apr2026 07:42:08.884] [Server thread/INFO] [AllTheLeaks/]: B: 2081MB / C: 2082MB / Diff: +1MB
[04Apr2026 07:42:08.884] [Server thread/INFO] [AllTheLeaks/]: No memory leak detected!
[04Apr2026 07:52:08.934] [Server thread/INFO] [AllTheLeaks/]: Listing events...
[04Apr2026 07:52:08.934] [Server thread/INFO] [AllTheLeaks/]: Listing memory leaks so far...
[04Apr2026 07:52:08.934] [Server thread/INFO] [AllTheLeaks/]: B: 2081MB / C: 2083MB / Diff: +2MB
[04Apr2026 07:52:08.934] [Server thread/INFO] [AllTheLeaks/]: No memory leak detected!
[04Apr2026 08:02:08.984] [Server thread/INFO] [AllTheLeaks/]: Listing events...
[04Apr2026 08:02:08.984] [Server thread/INFO] [AllTheLeaks/]: Listing memory leaks so far...
[04Apr2026 08:02:08.984] [Server thread/INFO] [AllTheLeaks/]: B: 2081MB / C: 2083MB / Diff: +2MB
[04Apr2026 08:02:08.984] [Server thread/INFO] [AllTheLeaks/]: No memory leak detected!
[04Apr2026 08:12:09.034] [Server thread/INFO] [AllTheLeaks/]: Listing events...
[04Apr2026 08:12:09.034] [Server thread/INFO] [AllTheLeaks/]: Listing memory leaks so far...
[04Apr2026 08:12:09.034] [Server thread/INFO] [AllTheLeaks/]: B: 2081MB / C: 2083MB / Diff: +2MB
[04Apr2026 08:12:09.034] [Server thread/INFO] [AllTheLeaks/]: No memory leak detected!
[04Apr2026 08:22:09.084] [Server thread/INFO] [AllTheLeaks/]: Listing events...
[04Apr2026 08:22:09.084] [Server thread/INFO] [AllTheLeaks/]: Listing memory leaks so far...
[04Apr2026 08:22:09.084] [Server thread/INFO] [AllTheLeaks/]: B: 2081MB / C: 2083MB / Diff: +2MB
[04Apr2026 08:22:09.084] [Server thread/INFO] [AllTheLeaks/]: No memory leak detected!
[04Apr2026 08:32:09.134] [Server thread/INFO] [AllTheLeaks/]: Listing events...
[04Apr2026 08:32:09.134] [Server thread/INFO] [AllTheLeaks/]: Listing memory leaks so far...
[04Apr2026 08:32:09.134] [Server thread/INFO] [AllTheLeaks/]: B: 2081MB / C: 2083MB / Diff: +2MB
[04Apr2026 08:32:09.134] [Server thread/INFO] [AllTheLeaks/]: No memory leak detected!
[04Apr2026 08:42:09.184] [Server thread/INFO] [AllTheLeaks/]: Listing events...
[04Apr2026 08:42:09.184] [Server thread/INFO] [AllTheLeaks/]: Listing memory leaks so far...
[04Apr2026 08:42:09.184] [Server thread/INFO] [AllTheLeaks/]: B: 2081MB / C: 2084MB / Diff: +3MB
[04Apr2026 08:42:09.184] [Server thread/INFO] [AllTheLeaks/]: No memory leak detected!
[04Apr2026 08:52:09.234] [Server thread/INFO] [AllTheLeaks/]: Listing events...
[04Apr2026 08:52:09.234] [Server thread/INFO] [AllTheLeaks/]: Listing memory leaks so far...
[04Apr2026 08:52:09.234] [Server thread/INFO] [AllTheLeaks/]: B: 2081MB / C: 2084MB / Diff: +3MB
[04Apr2026 08:52:09.234] [Server thread/INFO] [AllTheLeaks/]: No memory leak detected!
[04Apr2026 09:02:09.284] [Server thread/INFO] [AllTheLeaks/]: Listing events...
[04Apr2026 09:02:09.284] [Server thread/INFO] [AllTheLeaks/]: Listing memory leaks so far...
[04Apr2026 09:02:09.284] [Server thread/INFO] [AllTheLeaks/]: B: 2081MB / C: 2084MB / Diff: +3MB
[04Apr2026 09:02:09.284] [Server thread/INFO] [AllTheLeaks/]: No memory leak detected!
[04Apr2026 09:12:09.334] [Server thread/INFO] [AllTheLeaks/]: Listing events...
[04Apr2026 09:12:09.334] [Server thread/INFO] [AllTheLeaks/]: Listing memory leaks so far...
[04Apr2026 09:12:09.334] [Server thread/INFO] [AllTheLeaks/]: B: 2081MB / C: 2084MB / Diff: +3MB
[04Apr2026 09:12:09.334] [Server thread/INFO] [AllTheLeaks/]: No memory leak detected!
[04Apr2026 09:22:09.384] [Server thread/INFO] [AllTheLeaks/]: Listing events...
[04Apr2026 09:22:09.384] [Server thread/INFO] [AllTheLeaks/]: Listing memory leaks so far...
[04Apr2026 09:22:09.384] [Server thread/INFO] [AllTheLeaks/]: B: 2081MB / C: 2084MB / Diff: +3MB
[04Apr2026 09:22:09.384] [Server thread/INFO] [AllTheLeaks/]: No memory leak detected!
[04Apr2026 09:32:09.434] [Server thread/INFO] [AllTheLeaks/]: Listing events...
[04Apr2026 09:32:09.434] [Server thread/INFO] [AllTheLeaks/]: Listing memory leaks so far...
[04Apr2026 09:32:09.434] [Server thread/INFO] [AllTheLeaks/]: B: 2081MB / C: 2085MB / Diff: +4MB
[04Apr2026 09:32:09.434] [Server thread/INFO] [AllTheLeaks/]: No memory leak detected!
[04Apr2026 09:42:09.484] [Server thread/INFO] [AllTheLeaks/]: Listing events...
[04Apr2026 09:42:09.484] [Server thread/INFO] [AllTheLeaks/]: Listing memory leaks so far...
[04Apr2026 09:42:09.484] [Server thread/INFO] [AllTheLeaks/]: B: 2081MB / C: 2082MB / Diff: +1MB
[04Apr2026 09:42:09.484] [Server thread/INFO] [AllTheLeaks/]: No memory leak detected!
[04Apr2026 09:52:09.534] [Server thread/INFO] [AllTheLeaks/]: Listing events...
[04Apr2026 09:52:09.534] [Server thread/INFO] [AllTheLeaks/]: Listing memory leaks so far...
[04Apr2026 09:52:09.534] [Server thread/INFO] [AllTheLeaks/]: B: 2081MB / C: 2082MB / Diff: +1MB
[04Apr2026 09:52:09.534] [Server thread/INFO] [AllTheLeaks/]: No memory leak detected!
[04Apr2026 10:02:09.584] [Server thread/INFO] [AllTheLeaks/]: Listing events...
[04Apr2026 10:02:09.584] [Server thread/INFO] [AllTheLeaks/]: Listing memory leaks so far...
[04Apr2026 10:02:09.584] [Server thread/INFO] [AllTheLeaks/]: B: 2081MB / C: 2082MB / Diff: +1MB
[04Apr2026 10:02:09.584] [Server thread/INFO] [AllTheLeaks/]: No memory leak detected!
[04Apr2026 10:12:09.634] [Server thread/INFO] [AllTheLeaks/]: Listing events...
[04Apr2026 10:12:09.634] [Server thread/INFO] [AllTheLeaks/]: Listing memory leaks so far...
[04Apr2026 10:12:09.634] [Server thread/INFO] [AllTheLeaks/]: B: 2081MB / C: 2083MB / Diff: +2MB
[04Apr2026 10:12:09.634] [Server thread/INFO] [AllTheLeaks/]: No memory leak detected!
[04Apr2026 10:22:09.684] [Server thread/INFO] [AllTheLeaks/]: Listing events...
[04Apr2026 10:22:09.684] [Server thread/INFO] [AllTheLeaks/]: Listing memory leaks so far...
[04Apr2026 10:22:09.684] [Server thread/INFO] [AllTheLeaks/]: B: 2081MB / C: 2083MB / Diff: +2MB
[04Apr2026 10:22:09.684] [Server thread/INFO] [AllTheLeaks/]: No memory leak detected!
[04Apr2026 10:32:09.734] [Server thread/INFO] [AllTheLeaks/]: Listing events...
[04Apr2026 10:32:09.734] [Server thread/INFO] [AllTheLeaks/]: Listing memory leaks so far...
[04Apr2026 10:32:09.734] [Server thread/INFO] [AllTheLeaks/]: B: 2081MB / C: 2083MB / Diff: +2MB
[04Apr2026 10:32:09.734] [Server thread/INFO] [AllTheLeaks/]: No memory leak detected!
[04Apr2026 10:42:09.784] [Server thread/INFO] [AllTheLeaks/]: Listing events...
[04Apr2026 10:42:09.784] [Server thread/INFO] [AllTheLeaks/]: Listing memory leaks so far...
[04Apr2026 10:42:09.784] [Server thread/INFO] [AllTheLeaks/]: B: 2081MB / C: 2084MB / Diff: +3MB
[04Apr2026 10:42:09.784] [Server thread/INFO] [AllTheLeaks/]: No memory leak detected!
[04Apr2026 10:52:09.834] [Server thread/INFO] [AllTheLeaks/]: Listing events...
[04Apr2026 10:52:09.834] [Server thread/INFO] [AllTheLeaks/]: Listing memory leaks so far...
[04Apr2026 10:52:09.834] [Server thread/INFO] [AllTheLeaks/]: B: 2081MB / C: 2084MB / Diff: +3MB
[04Apr2026 10:52:09.834] [Server thread/INFO] [AllTheLeaks/]: No memory leak detected!
[04Apr2026 11:02:09.884] [Server thread/INFO] [AllTheLeaks/]: Listing events...
[04Apr2026 11:02:09.884] [Server thread/INFO] [AllTheLeaks/]: Listing memory leaks so far...
[04Apr2026 11:02:09.884] [Server thread/INFO] [AllTheLeaks/]: B: 2081MB / C: 2084MB / Diff: +3MB
[04Apr2026 11:02:09.884] [Server thread/INFO] [AllTheLeaks/]: No memory leak detected!
[04Apr2026 11:12:09.934] [Server thread/INFO] [AllTheLeaks/]: Listing events...
[04Apr2026 11:12:09.934] [Server thread/INFO] [AllTheLeaks/]: Listing memory leaks so far...
[04Apr2026 11:12:09.934] [Server thread/INFO] [AllTheLeaks/]: B: 2081MB / C: 2084MB / Diff: +3MB
[04Apr2026 11:12:09.934] [Server thread/INFO] [AllTheLeaks/]: No memory leak detected!
[04Apr2026 11:22:09.984] [Server thread/INFO] [AllTheLeaks/]: Listing events...
[04Apr2026 11:22:09.984] [Server thread/INFO] [AllTheLeaks/]: Listing memory leaks so far...
[04Apr2026 11:22:09.984] [Server thread/INFO] [AllTheLeaks/]: B: 2081MB / C: 2085MB / Diff: +4MB
[04Apr2026 11:22:09.984] [Server thread/INFO] [AllTheLeaks/]: No memory leak detected!
[04Apr2026 11:32:10.034] [Server thread/INFO] [AllTheLeaks/]: Listing events...
[04Apr2026 11:32:10.034] [Server thread/INFO] [AllTheLeaks/]: Listing memory leaks so far...
[04Apr2026 11:32:10.034] [Server thread/INFO] [AllTheLeaks/]: B: 2081MB / C: 2085MB / Diff: +4MB
[04Apr2026 11:32:10.034] [Server thread/INFO] [AllTheLeaks/]: No memory leak detected!
[04Apr2026 11:42:10.084] [Server thread/INFO] [AllTheLeaks/]: Listing events...
[04Apr2026 11:42:10.084] [Server thread/INFO] [AllTheLeaks/]: Listing memory leaks so far...
[04Apr2026 11:42:10.084] [Server thread/INFO] [AllTheLeaks/]: B: 2081MB / C: 2085MB / Diff: +4MB
[04Apr2026 11:42:10.084] [Server thread/INFO] [AllTheLeaks/]: No memory leak detected!
[04Apr2026 11:52:10.134] [Server thread/INFO] [AllTheLeaks/]: Listing events...
[04Apr2026 11:52:10.134] [Server thread/INFO] [AllTheLeaks/]: Listing memory leaks so far...
[04Apr2026 11:52:10.134] [Server thread/INFO] [AllTheLeaks/]: B: 2081MB / C: 2082MB / Diff: +1MB
[04Apr2026 11:52:10.134] [Server thread/INFO] [AllTheLeaks/]: No memory leak detected!
[04Apr2026 12:02:10.184] [Server thread/INFO] [AllTheLeaks/]: Listing events...
[04Apr2026 12:02:10.184] [Server thread/INFO] [AllTheLeaks/]: Listing memory leaks so far...
[04Apr2026 12:02:10.184] [Server thread/INFO] [AllTheLeaks/]: B: 2081MB / C: 2085MB / Diff: +4MB
[04Apr2026 12:02:10.184] [Server thread/INFO] [AllTheLeaks/]: No memory leak detected!
[04Apr2026 12:12:10.234] [Server thread/INFO] [AllTheLeaks/]: Listing events...
[04Apr2026 12:12:10.234] [Server thread/INFO] [AllTheLeaks/]: Listing memory leaks so far...
[04Apr2026 12:12:10.234] [Server thread/INFO] [AllTheLeaks/]: B: 2081MB / C: 2083MB / Diff: +2MB
[04Apr2026 12:12:10.234] [Server thread/INFO] [AllTheLeaks/]: No memory leak detected!
[04Apr2026 12:22:10.284] [Server thread/INFO] [AllTheLeaks/]: Listing events...
[04Apr2026 12:22:10.284] [Server thread/INFO] [AllTheLeaks/]: Listing memory leaks so far...
[04Apr2026 12:22:10.284] [Server thread/INFO] [AllTheLeaks/]: B: 2081MB / C: 2083MB / Diff: +2MB
[04Apr2026 12:22:10.284] [Server thread/INFO] [AllTheLeaks/]: No memory leak detected!
[04Apr2026 12:32:10.334] [Server thread/INFO] [AllTheLeaks/]: Listing events...
[04Apr2026 12:32:10.334] [Server thread/INFO] [AllTheLeaks/]: Listing memory leaks so far...
[04Apr2026 12:32:10.334] [Server thread/INFO] [AllTheLeaks/]: B: 2081MB / C: 2083MB / Diff: +2MB
[04Apr2026 12:32:10.334] [Server thread/INFO] [AllTheLeaks/]: No memory leak detected!
[04Apr2026 12:42:10.384] [Server thread/INFO] [AllTheLeaks/]: Listing events...
[04Apr2026 12:42:10.384] [Server thread/INFO] [AllTheLeaks/]: Listing memory leaks so far...
[04Apr2026 12:42:10.385] [Server thread/INFO] [AllTheLeaks/]: B: 2081MB / C: 2084MB / Diff: +3MB
[04Apr2026 12:42:10.385] [Server thread/INFO] [AllTheLeaks/]: No memory leak detected!
[04Apr2026 12:52:10.434] [Server thread/INFO] [AllTheLeaks/]: Listing events...
[04Apr2026 12:52:10.434] [Server thread/INFO] [AllTheLeaks/]: Listing memory leaks so far...
[04Apr2026 12:52:10.434] [Server thread/INFO] [AllTheLeaks/]: B: 2081MB / C: 2084MB / Diff: +3MB
[04Apr2026 12:52:10.434] [Server thread/INFO] [AllTheLeaks/]: No memory leak detected!
